id,date_accessed,phase,region,source_type,source_name,source_url,quote_verbatim,language,summary_cs,relates_to_rq,relates_to_hypothesis,notes
E5-001,2026-09-04,5,US,website,EmberTribe – Google Analytics Cost 2026,https://embertribe.com/blog/google-analytics-cost,"A retainer for ongoing analytics management typically runs $500 to $3,000 per month depending on scope.",en,US agenturní odhad: retainer za průběžnou správu analytiky 500–3 000 USD/měs.; implementace 2–10k USD jednorázově.,RQ2,H4,
E5-002,2026-09-04,5,US,website,coders.dev – How Much to Charge for Google Analytics Services,https://www.coders.dev/blog/how-much-should-i-charge-for-google-analytics-services.html,"Basic Retainer (10-20 hours/month): $2,000 - $4,000/month — Monthly reporting, basic maintenance, and ad-hoc query support. Strategic Retainer (30-50 hours/month): $5,000 - $10,000+/month.",en,"Dvoutierový model retaineru odvozený od hodin: 10–20 h = 2–4k USD; 30–50 h = 5–10k+ USD. Sazby Tier1 50–100, Tier2 100–175, Tier3 175–250+ USD/h.","RQ1, RQ2",H4,
E5-003,2026-09-04,5,US,website,Dig Designs – Google Analytics Consulting Cost 2026,https://digdesigns.com/google-analytics-consulting-cost-2026-pricing-guide/,"Ongoing consulting and reporting for smaller businesses commonly falls between $600 and $3,800 per month",en,Průběžná konzultace + reporting pro menší firmy 600–3 800 USD/měs.; hodinově 90–250 USD; audity 450–8 000 USD.,RQ2,H4,
E5-004,2026-09-04,5,US,website,EGGKNITE – How Much Does Analytics Implementation Cost in 2026,https://www.eggknite.com/blog/how-much-does-analytics-implementation-cost,"Budget the governance retainer, directionally $1,000–5,000 per month, or budget a full re-audit every eighteen months.",en,Retainer 'tag governance' 1–5k USD/měs. jako alternativa k plnému re-auditu každých 18 měsíců – explicitní argument proti rozpadu implementace.,"RQ2, RQ4","H2, H4",
E5-005,2026-09-04,5,US,pricing_page,NiceLookingData – compare + pricing,https://www.nicelookingdata.com/compare,"Audit-only SaaS $400 – $2,000 / year; Analytics agency on retainer $3,000 – $10,000 / month; In-house analyst $80,000 – $250,000 / year. ... $49/mo Pro adds writes + watches. $199/mo Agency adds client workspaces",en,"SaaS nástroj staví cenovou kotvu: agentura na retaineru 3–10k USD/měs., in-house 80–250k USD/rok, nástroj 49–199 USD/měs. Tvrdí, že nástroj pokryje 'typically 60-80%' opakující se audit-fix-monitor práce.","RQ2, RQ7","H4, H5",
E5-006,2026-09-04,5,UK,website,Vidi Corp – How to Hire a Google Analytics Consultant (2026),https://vidi-corp.com/hire-google-analytics-consultant/,"In-House Analyst: $70k–$110k+ salary, plus overheads. Outsourced Consultant: Typically $10k–$40k/year depending on scope. ... What does ongoing support look like after the initial project, and what does it cost?",en,Srovnání in-house vs. externí konzultant (10–40k USD/rok); doporučuje klientům ptát se na cenu ongoing supportu – tj. není standardně v nabídce.,"RQ2, RQ4",H4,
E5-007,2026-09-04,5,US,website,YourGrowthPartner – Best Web Analytics Agencies (listing konkurence),https://yourgrowthpartner.io/blog/best-web-analytics-agencies/,"Bounteous: Retainers typically start at $15,000/month. InfoTrust: Retainers from $8,000/month. Empirical Path: Retainers from $7,000/month. Analytics Pros: Retainers from $5,000/month. Cardinal Path: Retainers from $8,000/month. Blast Analytics: Retainers typically start at $10,000/month.",en,"Jediný nalezený zdroj s číselnými minimy enterprise US agentur (5–15k USD/měs.). Third-party, na webech agentur nepotvrzeno – všechny mají 'no public rate card'.",RQ2,H4,neověřeno na primárním zdroji
E5-008,2026-09-04,5,US,website,RFP.wiki – Bounteous hidden limits,https://www.rfp.wiki/advertising-media-communications-services/digital-experience-services/bounteous,"Post-go-live optimization, managed services, and retainer extensions can extend TCO beyond the initial launch budget. ... blended hourly rates often cited in the $150 to $300 range",en,Enterprise agentura: managed services jako 'retainer extension' po go-live; blended sazba 150–300 USD/h; podmínky případ od případu.,RQ2,H4,
E5-009,2026-09-04,5,US,website,Napkyn – GA4/GA 360 License & Support,https://www.napkyn.com/services/ga4-license-and-support,"on-demand training, monthly support hours, and regular check-ins to help you fully leverage GA 360 ... A proactive approach that resolves issues quickly",en,Struktura ongoing supportu u kanadsko-US GMP partnera: měsíční balík hodin + pravidelné check-iny + školení; na /services i 'Automated Data Quality Monitoring'. Cena neuvedena.,"RQ1, RQ6",H4,
E5-010,2026-09-04,5,US,website,Marcel Digital – GA4 Consulting,https://www.marceldigital.com/services/google-analytics/google-analytics-4-consulting,"weekly, bi-monthly, or monthly check-ins with our analytics specialists to monitor progress and ensure you're getting the most out of GA4",en,"Retainer škálovaný frekvencí check-inů (týdně / 2× měs. / měsíčně); dodávka training, reports, dashboards, documentation.","RQ1, RQ6",H4,
E5-011,2026-09-04,5,UK,website,Measurelab – Data Assurance (managed analytics),https://www.measurelab.co.uk/solutions/managed-analytics/,"Subscription monitoring, maintenance and governance for a system that already works and needs to keep working. ... Tracking health monitoring and breakage detection; Pipeline observability with anomaly detection; SLA-backed tag management with guaranteed response times",en,"Nejpropracovanější anglofonní popis 'správy' jako produktu: subscription, breakage detection, observability pipeline, SLA na tagy, klientský portál (my.measurelab), named lead, měsíční alokace konzultací.","RQ1, RQ6","H2, H4",
E5-012,2026-09-04,5,US,website,Grazitti – GA4 maintenance service,https://www.grazitti.com/ga4-implementation-services/,"Our GA4 maintenance service keeps your implementation accurate, catching issues before they skew data.",en,Maintenance prodávaná jako prevence tichého zkreslení dat; bez ceny.,RQ1,H2,
E5-013,2026-09-04,5,US,website,Netpeak US – GA4 services,https://netpeak.us/services/google-analytics-4/,"Our team continuously monitors and optimizes your GA settings, providing ongoing support and regular updates",en,'Continuous monitoring' jako součást end-to-end supportu; cena neuvedena.,RQ1,H4,
E5-014,2026-09-04,5,US,pricing_page,E2M Solutions – White Label GA4 & GTM Service,https://www.e2msolutions.com/white-label-ga4-gtm-service/,"Standard $1299 /mo (Hours Per Month 30 - 35, Progress Call Once a month, Chosen by 77 agencies); Pro $2099 /mo (50 - 60, Bi-weekly, 116 agencies); Advanced $3999 /mo (100 - 120, Weekly, 207 agencies) ... No minimums. No contracts. No retainers. ... 24–48 Hr Turnaround",en,Veřejný ceník white-label správy pro agentury: cena roste s hodinami a frekvencí progress callů; QBR v balíčku; počet agentur na plánu jako proxy poptávky (207 na Advanced).,"RQ1, RQ2, RQ6",H4,"provider sídlí v Indii, prodává US agenturám"
E5-015,2026-09-04,5,US,pricing_page,MeasureSchool – Managed Server-Side GTM,https://measureschool.com/services/server-side-tagging-services/,"$297* Monthly (early bird, from $497) ... Up to 5 Million Requests ... Free 1-Hour Zoom Consultation/Troubleshooting Call Each Month; Enterprise $697* ... Priority Support - Email/Slack ... Free 3-Hour Zoom Consultation/Troubleshooting Call Each Month; 6 months minimum commitment",en,Managed sGTM jako předplatné: hosting + údržba + měsíční hodiny konzultace (1 h / 3 h) + Slack priorita ve vyšším tieru. Model 'provoz + malý retainer'.,"RQ1, RQ2",H4,
E5-016,2026-09-04,5,EU,website,Amplio Data – cost to outsource analytics setup,https://www.ampliodata.io/blog/cost-to-outsource-your-analytics-setup-to-an-agency,"Maintained tier: €700 to €1,200 a month, for teams who want the setup kept reliable and reported on ... the monitoring, the inevitable fixes, the monthly reporting and the analysis that turns numbers into decisions. Managed: from €1,800 a month",en,Tři tiery Foundation (jednorázově €400–1 500) / Maintained (€700–1 200) / Managed (od €1 800). Maintained = monitoring + opravy + měsíční report.,"RQ1, RQ2",H4,
E5-017,2026-09-04,5,UK,website,Lilach Bullock – How Much Does Google Analytics Cost,https://www.lilachbullock.com/how-much-does-google-analytics-cost-to-use/,"Ongoing management, checking data quality, adjusting events as your site changes, building reports, runs £150 to £600 a month as a retainer with most independent consultants.",en,"UK freelance retainer 150–600 GBP/měs. za kontrolu kvality dat, úpravy eventů po změnách webu a reporty.","RQ1, RQ2","H3, H4",
E5-018,2026-09-04,5,UK,pricing_page,Vixen Digital – GA4 Audit,https://www.vixendigital.com/analytics/ga4-audit/,Data Health Checks – Every 6 to 12 months. Your website is likely to have updates/changes quite regularly that can affect your GA4 data.,en,Agentura místo retaineru prodává opakovaný audit každých 6–12 měsíců (£1 500–3 000/property) – hranice 'projekt vs. správa'.,"RQ1, RQ4",H2,
E5-019,2026-09-04,5,US,pricing_page,GA4 Experts – Quick Fix $299,https://ga4experts.com/,"Quick Fix - $299 flat: A single, well-defined tracking problem. Scoped, fixed and validated. ... No retainer, no commitment",en,Produktizovaná ad-hoc oprava za fixní cenu jako protipól retaineru.,"RQ2, RQ4",H4,
E5-020,2026-09-04,5,US,website,GAfix.ai – GA4 Audit Cost,https://www.gafix.ai/blog/ga4-audit-cost,"Bronze ($199): Fix up to 3 GA4/GTM issues, 5 standard events, basic GTM container setup ... Gold ($499): Fix up to 10 issues, 20 events, 20 GTM tags, 8 reports ... Typical engagement: 20–60 hours = $1,000–$10,500",en,"Nízkonákladové fix balíčky 199–499 USD; freelance audit 20–60 h = 1–10,5k USD.",RQ2,H4,
E5-021,2026-09-04,5,US,website,Upwork – GTM Specialist hourly rates,https://www.upwork.com/hire/google-tag-manager-freelancers/cost/,The median hourly rate for Google Tag Manager Specialists is $30. Hourly rates for Google Tag Manager Specialists on Upwork typically range between $20 and $49.,en,"Marketplace kotva: medián 30 USD/h, typicky 20–49 USD/h; příklad 6měsíční zakázky 15–20 h/týden.",RQ2,H4,z search snippetu; stránka blokuje fetch
E5-022,2026-09-04,5,US,website,Fiverr – GA4/GTM setup gigy,https://www.fiverr.com/ppc_bappi/fix-or-setup-google-analytics-4-ga4-ecommerce-tracking-conversion-tracking-gtm,"I will fix or setup google analytics 4, ga4 ecommerce tracking, conversion tracking GTM for $30 ... I will fix or setup google analytics 4, fb pixel, ga4 conversion tracking via GTM for $10",en,Fiverr nabízí prakticky jen jednorázový setup/fix od 10–30 USD; měsíční 'maintenance' gigy nenalezeny (kategorie ga4-reporting blokovaná).,RQ2,H4,Fiverr blokuje fetch; jen titulky ze searche
E5-023,2026-09-04,5,US,job_ad,ZipRecruiter – Freelance GA4 jobs,https://www.ziprecruiter.com/Jobs/Freelance-Google-Analytics-4-Ga4,$24-$96/hr Freelance Google Analytics 4 Ga4 Jobs Hiring Now,en,Rozpětí hodinovek v inzerátech na freelance GA4 práci.,RQ2,H4,jen titulek listingu
E5-024,2026-09-04,5,US,review,Clutch – DataVinci Analytics Agency,https://clutch.co/profile/datavinci-analytics-agency,"$25 - $49 / hr; Min project size $5,000+ ... 'I really feel like they are an extension of our team.' (Retail Company, ongoing since Aug 2023)",en,"Offshore agentura (Pune) na Clutch: 25–49 USD/h, 26 recenzí; recenze zmiňují ongoing spolupráci od 2023.","RQ2, RQ6",H4,
E5-025,2026-09-04,5,US,review,Clutch – adMind Analytics,https://clutch.co/profile/admind-analytics-0,"$150 - $199 / hr; Min project size $5,000+ ... 'They have been extremely responsive, always getting back to us in less than 24 hours.' ... 'We meet biweekly to discuss current campaign status' ... 'We've invested between $150,000–$200,000.'",en,"US analytická agentura: 150–199 USD/h, biweekly meetingy, reakce <24 h, klient utratil 150–200k USD; vyvíjí vlastní software na 'monitoring site health anomalies'.","RQ2, RQ6",H4,
E5-026,2026-09-04,5,US,review,Clutch – GA4 Consulting Companies listing,https://clutch.co/it-services/analytics/ga4-consulting-services?page=0,"RSO Consulting: $100-$149, $5,000+, 35 reviews — 'continue to provide support, integrations, analytics, and solutions'; Vidi Corp LTD: $100-$149, $1,000+, 51 reviews; Risely Digital: $50-$99, $5,000+, 42 reviews; Encore Media $25-$49",en,Clutch pásma hodinovek GA4 konzultantů: 25–199 USD/h; minimum projektu 1 000–25 000 USD.,RQ2,H4,
E5-027,2026-09-04,5,US,pricing_page,GA4 Monitor,https://www.ga4monitor.com/,"Starter $29/ month – 1 GA4 property – Weekly automated audits; Pro $99/ month – 5 GA4 properties; Agency $499/ month – 30 GA4 properties – Daily automated audits ... 35+ automated checks ... tag firing, event naming, conversion setup, attribution, and data retention ... Slack · Email · WhatsApp · Teams",en,SaaS health monitoring GA4 bez BQ: 29–499 USD/měs. podle počtu properties a frekvence (týdně vs. denně).,RQ7,H5,
E5-028,2026-09-04,5,US,pricing_page,GA4 Auditor,https://ga4auditor.com/,"One-Time Audit $99/audit ... Agency Pro Yearly $999/year – 100 comprehensive audits per year – Whitelabel, use your own theme ... over 100 data points across more than 40 pages",en,Point-in-time audit report (PDF/PPT/Slides) jako produkt; bez průběžného monitoringu.,"RQ6, RQ7",H5,
E5-029,2026-09-04,5,EU,pricing_page,Verified Data – pricing,https://www.verified-data.com/pricing,1 Data stream – FREE; 5 Data streams – €99/month; 10 – €149/month; 25 – €249/month; GA4 preset checks 60+; Monitor & Alert daily / weekly / monthly,en,"Kontinuální audit GA4 (60+ kontrol + PII scan) s alerty denně/týdně/měsíčně, bez BQ.",RQ7,H5,
E5-030,2026-09-04,5,EU,pricing_page,GA4Dataform – pricing,https://ga4dataform.com/pricing/,Core € 0 Free forever ... Basic data quality assertions; Premium One € 275 per month ... Anomaly detection ... Dataform error alerts ... Priority updates for GA4 schema changes; Premium Custom: SLA-backed support,en,"BQ-first vrstva: transformace + assertions zdarma, anomálie a alerty v Premium 275–375 EUR/měs.; 'priority updates for GA4 schema changes' = údržba E3 jako produkt.","RQ5, RQ7","H1, H5",
E5-031,2026-09-04,5,US,pricing_page,Trackingplan – pricing,https://www.trackingplan.com/pricing,"$249/month, $499/month, $999/month (billed annually); Enterprise Starting at $1,750 ... 24/7 Automatic error detection ... Dedicated premium support with SLA",en,Tag/event monitoring podle MAU 249–1 750+ USD/měs.,RQ7,H5,
E5-032,2026-09-04,5,US,website,NiceLookingData – Best GA4 Audit Tools 2026 (srovnání),https://www.nicelookingdata.com/blog/best-ga4-audit-tools-2026,"ObservePoint: Free (300 page scans); ~$599/month Essentials; ~$2,400/month Professional ... Consultant Engagement: typically $1,500–$10,000 per engagement",en,"Přehled cen monitoringových nástrojů a srovnání s konzultantským auditem 1,5–10k USD.",RQ7,H5,
E5-033,2026-09-04,5,US,pricing_page,Elevar pricing (dle Analyzify),https://analyzify.com/shopify-apps/elevar-conversion-tracking,"Configurable daily or weekly email alerts on tag and event delivery ... Analyst Support: Tier 1: $500/month for up to three requests monthly; Tier 2: $1,000/month for up to ten requests monthly ... within 24 hours on Core/Advanced, and within 12 hours priority support on Premium/Elite",en,Shopify SaaS balí monitoring (denní/týdenní e-mail alerty) a nad něj prodává lidskou 'Analyst Support' 500–1 000 USD/měs. podle počtu požadavků – cenový vzor 'nástroj + člověk'.,"RQ1, RQ2, RQ7",H5,
E5-034,2026-09-04,5,US,pricing_page,Littledata – pricing,https://www.littledata.io/pricing,"Scale $159 per month – 1,500 orders included; Plus $792 per month – 10,000 orders included – Managed onboarding – Support SLAs",en,"Shopify datový pipeline, ceny podle objednávek.",RQ7,H5,
E5-035,2026-09-04,5,US,pricing_page,AgencyAnalytics – pricing,https://agencyanalytics.com/pricing,"$20 USD per client / month billed annually ... Automated client reporting ... Goals, alerts & anomaly detection ... White-label branding ... Client portal",en,Cena automatizovaného klientského reportingu 20 USD/klient/měs. – kotva pro 'report bez komentáře'.,"RQ6, RQ7",H5,
E5-036,2026-09-04,5,US,website,DataCanary,https://www.datacanary.io/,Free to use. No credit card required. ... alerts when an event drops to zero or falls outside its normal range ... Checks run automatically ... Daily,en,"Bezplatný monitoring propadu eventů přes GA4 Data API (bez BQ), e-mail denně.","RQ5, RQ7","H1, H5",
E5-037,2026-09-04,5,US,pricing_page,Web Tonic – pricing,https://www.webtonic.io/pricing,Monthly pricing scales with your ad spend ... Full tracking and pixel audit with server-side MTA ... Weekly strategy calls; Daily Slack communication,en,Performance agentura: analytika/tracking je součást retaineru odvozeného od ad spendu.,RQ2,H4,
E5-038,2026-09-04,5,US,website,Analytico Digital,https://www.analyticodigital.com/,"Architecture Governance – Ongoing Accuracy: Signal quality monitoring, Schema governance, Stakeholder reporting, Stack evolution management ... The work is built to run without us",en,"Agentura pojmenovává ongoing vrstvu 'Ongoing Accuracy', ale programově tlačí klienta k vlastnímu provozu – opačná strategie než retainer.","RQ1, RQ4",H4,
E5-039,2026-09-04,5,US,website,Optizent – GA4 Configuration Audit,https://www.optizent.com/blog/ga4-configuration-audit-the-settings-that-are-silently-breaking-your-reports/,"the settings that control how your GA4 property collects, attributes, and stores data were probably configured once — during initial implementation — and haven't been touched since. Maybe that was six months ago. Maybe two years. Maybe the person who set it up left the company.",en,Popis 'tichého' rozpadu konfigurace a ztráty vlastníka nastavení.,RQ3,H2,
E5-040,2026-09-04,5,US,website,Optizent – The BigQuery Audit,https://www.optizent.com/blog/the-bigquery-audit-why-your-analytics-pipeline-might-be-built-on-missing-data/,"Date gaps sit silently in datasets ... every query, every model, every dashboard that references that date range inherits the gap without any indication something's wrong. ... how many distinct event dates exist in the dataset over the trailing 90 days — immediately surfaces any date gaps",en,Konkrétní kontrola E1: počet distinct event_date za 90 dní; výpadky exportu jsou tiché a propadají do všech dashboardů.,"RQ3, RQ5","H1, H2",
E5-041,2026-09-04,5,US,website,Optizent – GA Auditor Insights & Monitoring,https://www.optizent.com/blog/ga-auditor-insights-monitoring-monitor-changes-automatically/,GA Auditor's Insights & Monitoring layer runs daily ... It doesn't audit configuration settings. It doesn't validate BigQuery schema integrity. It doesn't review GTM container structure or check consent implementation.,en,"Nástroj sám vyjmenovává, co monitoring neumí (konfigurace, BQ schema, GTM struktura, consent) – to je prostor pro lidskou službu.",RQ7,H5,
E5-042,2026-09-04,5,UK,website,Dolphin Analytics – How to Choose a GA Agency,https://www.dolphinanalytics.co.uk/blog/google-analytics-agency-hire-intent,"Hire an agency when ... data doesn't match reality, when paid media depends on conversions you can't trust, or when reporting is eating time your team should spend on decisions. ... Broken tracking is more common than most teams assume, and it hides well.",en,"Spouštěče nákupu: nesoulad dat s realitou, nedůvěryhodné konverze pro paid media, ruční reporting. Pricing má 4 tvary vč. 'monthly retainer for ongoing measurement and reporting'.",RQ4,H2,
E5-043,2026-09-04,5,US,website,Bounteous – Server-Side Analytics in 2026 and Beyond,https://www.bounteous.com/insights/2026/03/02/server-side-analytics-2026-and-beyond/,"sGTM requires cloud infrastructure, configuration expertise, and ongoing governance. Hosting environments, monitoring, scalability, and debugging become part of the analytics function.",en,"Enterprise agentura potvrzuje, že sGTM přináší trvalou provozní práci (A5, G5).",RQ1,H4,
E5-044,2026-09-04,5,US,website,Bounteous – GA4 Custom Insights & Data Governance,https://www.bounteous.com/insights/2022/01/19/google-analytics-4-custom-insights-data-governance/,Daily Pageview < 1 ... Weekly Ecommerce Revenue decreasing by 15 Percent ... Emergency: Daily Traffic Flatlined ... Early Warning: Weekly X Event Conversion Rate - Decreased by >20%,en,Ukázka dodávky: sada GA4 Custom Insights s prahy a prioritami (Informative / Early Warning / Emergency) + odkaz na tabulku s 55+ alerty. Bez BQ.,"RQ5, RQ6","H1, H5",
E5-045,2026-09-04,5,US,website,Google – Custom insights (nápověda GA4),https://support.google.com/analytics/answer/9443595,"Hourly, Daily, Weekly, Monthly. Hourly evaluation is available only for web data. ... Has anomaly ... create up to 50 custom insights per property",en,"Nativní alerting GA4: max 50 pravidel/property, e-mail, hodinově jen web.","RQ5, RQ7","H1, H5",
E5-046,2026-09-04,5,UK,website,Team Simmer – How Do I Proactively Monitor My Server-side GTM Setup,https://www.teamsimmer.com/blog/how-do-i-proactively-monitor-my-server-side-gtm-setup/,Count of error logs ... error responses (HTTP status 4XX or 5XX) to known request paths ... Threshold: 5 errors/second over 5 minutes; CPU utilization 60%; instance count 8; request latency 2000 milliseconds,en,"Ukázka dodávky G5: čtyři Cloud Monitoring politiky pro sGTM s konkrétními prahy, e-mail notifikace.",RQ6,H5,
E5-047,2026-09-04,5,UK,website,Team Simmer – trigger scheduled query when GA4 export happens,https://www.teamsimmer.com/blog/how-do-i-trigger-a-scheduled-query-when-the-ga4-daily-export-happens/,"The daily export schedule is erratic at best. On one day, it might land in BigQuery before noon, on another day late in the afternoon, and on some other day it might arrive past midnight your time the following day!",en,Nepředvídatelný čas denního exportu = důvod pro monitoring E1/G6 a event-driven orchestraci (Logs Router → Pub/Sub → Cloud Function).,RQ5,H1,
E5-048,2026-09-04,5,US,website,Simo Ahava & Mark Edmondson – How To Build A Google Tag Manager Monitor,https://www.simoahava.com/analytics/google-tag-manager-monitor/,lacking the necessary features for auditing and monitoring has always seemed like an oversight ... dashboards ... rely on a human being to react to give you ROI ... Training a machine learning model on the data set to identify anomalies and automatically alert to them when detected.,en,"Referenční ukázka G4: GTM Monitor template → Cloud Function → BigQuery (tag id, name, status, execution time per event); autoři sami říkají, že dashboard nestačí a je třeba alertovat.",RQ6,"H2, H5",
E5-049,2026-09-04,5,US,github,GitHub – gtm-templates-simo-ahava/google-tag-manager-monitor,https://github.com/gtm-templates-simo-ahava/google-tag-manager-monitor,Google Tag Manager Monitor - Custom Tag Template for Google Tag Manager.,en,Veřejná šablona tagu pro monitoring spouštění tagů (web GTM); Apache 2.0.,RQ6,H5,
E5-050,2026-09-04,5,US,github,GitHub – gtm-templates-simo-ahava/server-container-monitor + blog Write To BigQuery From GTM Server Container,https://www.simoahava.com/analytics/write-to-google-bigquery-from-gtm-server-container/,"event_name, event_timestamp, client_name, tag.id, tag.name, tag.status, tag.execution_time ... You can actually utilize this setup to see if tags are consistently signaling failure.",en,"Ukázka G4/G5 pro sGTM: log každého tagu do BQ tabulky; umožňuje hledat eventy, kde žádný tag nevystřelil, nebo dlouhé exekuce. Vyžaduje BQ.",RQ6,"H1, H5",
E5-051,2026-09-04,5,EU,github,GitHub – Liscor/dataform-ga4-tests,https://github.com/Liscor/dataform-ga4-tests,"Set of tests to check data quality of Google Analytics 4 raw data. ... Standard E-Commerce Events: exp. 'purchase', 'view_item' ... Missing IDs: user_pseudo_ids, ga_session_id ... the share of bad events or missing IDS in comparision to all events, sessions and users",en,"Dataform balíček testů kvality GA4 exportu (e-commerce eventy, session kvalita, chybějící ID) s přehledovou tabulkou v BQ. 5 stars.",RQ6,H1,
E5-052,2026-09-04,5,US,github,GitHub – aliasoblomov/Bigquery-GA4-Queries,https://github.com/aliasoblomov/Bigquery-GA4-Queries,measurement_protocol_event_ratio.sql – Tracks the ratio of suspected measurement protocol events based on device attributes; ga4_table_creation_time.sql – diagnose potential delays in table creation,en,65+ SQL dotazů (142 stars) vč. monitoringu času vytvoření denní tabulky (E1) a podílu podezřelých MP eventů (kvalita dat).,RQ6,H1,
E5-053,2026-09-04,5,US,github,GitHub – Velir/dbt-ga4,https://github.com/Velir/dbt-ga4,"dbt Package for modeling raw data exported by Google Analytics 4. BigQuery support, only. ... conversion of sharded event tables into a single partitioned table ... package uses pytest as a method of unit testing individual models",en,"Nejrozšířenější dbt balíček pro GA4 export (402 stars, 168 forks); údržba transformací (E3) je komunitní, testy unit-level.",RQ6,H1,
E5-054,2026-09-04,5,EU,github,stacktonic – dbt example project for GA4 BigQuery,https://stacktonic.com/article/google-analytics-big-query-and-dbt-a-dbt-example-project,"Freshness settings for the GA4 source table is setup ... For the fact and dimensions tables, checks on unique identifiers are built in. ... dbt enables you to set up test easily (missing data, data formats etc).",en,Ukázka E1/E3: dbt source freshness na GA4 export + unique testy; repo stacktonic-com/stacktonic-dbt-example-project (41 stars).,RQ6,H1,
E5-055,2026-09-04,5,EU,website,GA4Dataform – Anomaly detection concepts,https://ga4dataform.com/ml-detect-anomalies-ga4dataform-concepts/,"Every combination of metric and dimension becomes its own series, and the model treats each one independently ... Run on a daily basis, it draws on recent data to estimate what the current day should have looked like ... anomaly detection is only as good as the data behind it",en,"Denní ARIMA_PLUS/ML.DETECT_ANOMALIES nad GA4 exportem (page views, purchases, hostname…); vyžaduje BQ a dostatečný objem.","RQ6, RQ5","H1, H5",
E5-056,2026-09-04,5,EU,linkedin,Marco Tognon – GA4 events anomaly detection (and alerting) with BigQuery & Dataform,https://www.linkedin.com/pulse/ga4-events-anomaly-detection-alerting-bigquery-dataform-marco-tognon-pxxef,"In the Alert details, you could also set where to get notified and the text to be received (email for example or also Slack if you prefer). ... we set a time window of anomalies detected of 7 days",en,Kompletní ukázka G1 s BQ: ARIMA_PLUS na denní page views → Dataform assertion → Cloud Logging log-based alert → e-mail/Slack; repo github.com/tognonm/ga4_dataformpublic (8 stars).,RQ6,H1,
E5-057,2026-09-04,5,UK,website,GOV.UK Data Community – BigQuery email alerts (GA4),https://docs.data-community.publishing.service.gov.uk/processes/ga4-data-alert-process/bigquery-email-alerts/,"The check runs each day, examining the previous day's data and sends the results by email to the GOVUK GA4 Alerts Google group. ... Triggers if data is missing or count changes exceed ±5% ... individual events with count changes exceeding ±15% when yesterday's or two days ago's count exceeds 10,000 ... new parameters with counts >100 or disappeared parameters",en,"Veřejně zdokumentovaný denní alerting nad GA4 BQ exportem (6 kontrol s konkrétními prahy: přišla data, ±5 % eventů, nové/zmizelé eventy, ±15 % per event, nové/zmizelé parametry ±20 %). E-mail na Google group, Apps Script 12–13 h.",RQ6,"H1, H2",
E5-058,2026-09-04,5,UK,website,GOV.UK Data Community – Looker Studio alerts (PII),https://docs.data-community.publishing.service.gov.uk/processes/ga4-data-alert-process/looker-studio-alerts/,Once a week an email is generated by Looker Studio with a link to a dashboard containing 7 days of data containing potential PII.,en,"Týdenní PII kontrola (page_location, page_title, referrer, query_string, search_term) přes scheduled query + Looker Studio e-mail.",RQ6,H1,
E5-059,2026-09-04,5,UK,website,GOV.UK Data Community – GA4 query costs dashboard,https://docs.data-community.publishing.service.gov.uk/products/ga4-query-costs-dashboard,"queries and processing costs from jobs which have been run in GDS-owned GCP projects ... spot any jobs which result in unusually large query costs, and other changes or activity that is unexpected",en,Ukázka E2: dashboard nákladů BQ dotazů pro analytický tým.,RQ6,H1,
E5-060,2026-09-04,5,EU,website,The Data Story – GA4 Data Alerts in Slack,https://thedatastory.nl/en/data-stories/ga4-data-alerts-in-slack/,is at least {diffp}% lower than last week \n Yesterday: {yd} \n Week before: {wb} ... we can schedule it to run every morning,en,Ukázka Slack alertu: porovnání včera vs. před týdnem s prahem v %; Cloud Function + Scheduler + Sheets s definicemi dotazů; vyžaduje BQ.,RQ6,H1,
E5-061,2026-09-04,5,EU,website,IIH Nordic – Ensuring data quality for GA4 at scale with GCP,https://iihnordic.com/news/ensuring-data-quality-for-ga4-at-scale-with-google-cloud-platform/,"Do all purchase events have a transaction ID (in the expected format) and is the purchase revenue greater than 0? ... Do all items have an item ID, a quantity and a value?",en,"Příklady validačních pravidel A4/E3 nad BQ exportem (Dataform assertions), ne produkt.",RQ6,H1,
E5-062,2026-09-04,5,US,website,DumbData – Free Looker Studio dashboards,https://dumbdata.co/dashboard-resources/,"Google Analytics (GA4) Audit Tool – FREE GA4 audit tool built within Looker Studio, designed to assist you in identifying issues, areas to improve, etc. ... FREE GA4 UTM Campaign Audit Tool ... Consent Mode Migration Impact Report ... GA4 - 404 Error Monitoring Dashboard",en,"Sada bezplatných Looker Studio šablon bez BQ: GA4 audit/health dashboard, UTM audit (D4), dopad consent mode (B2), 404 monitoring.","RQ6, RQ5",H1,
E5-063,2026-09-04,5,FR,website,NarratIQ – GA4 report templates for clients,https://narratiq.fr/en/blog/ga4-report-templates,The client must be able to read the summary in 60 seconds. ... An 8-page report with 5 clear sections builds a long relationship ... Cover; Executive summary: 4 KPIs vs M-1; Acquisition; Content; Engagement; Conversions; Recommendations (2-3 actions); Appendix / methodology,en,"Struktura měsíčního klientského reportu (F3): 8 stran, exec summary do 60 s, 2–3 doporučení.",RQ6,-,
E5-064,2026-09-04,5,US,website,Radyant – Free GA4 Looker Studio templates (client-grade),https://www.radyant.io/tools/free-google-analytics-4-looker-studio-template,"E-Commerce (Client-Grade): Revenue, transactions, AOV, and ROAS broken out by source / medium, plus product performance, checkout funnel, and landing pages ranked by revenue ... No opt-in, no email gate, no upsell.",en,"Klientský e-commerce/lead-gen dashboard v Looker Studio na nativním GA4 konektoru, zdarma.",RQ6,-,
E5-065,2026-09-04,5,JP,website,88studio – Looker Studio GA4 EC Monthly Report Template,https://88studio.io/products/ga4-ec-monthly-report-template,"$100.00 USD ... 99 pages ... Summary & Trends: Monthly, Daily, MoM/YoY ... Charge clients for reports built with this template",en,"Placená šablona měsíčního e-commerce reportu (100 USD, 99 stran) – ukázka, jak vypadá 'report bez komentáře'.",RQ6,-,
E5-066,2026-09-04,5,US,website,Analytics Mates – Free GA4 Looker Studio templates,https://www.analyticsmates.com/resources/free-google-analytics-4-templates,GA4 Overall Performance Dashboard ... PPC Report - Google Ads vs GA4 ... GA4 Lead Generation Dashboard ... SaaS GTM Performance Report,en,8 bezplatných šablon vč. srovnání Google Ads vs GA4 (D5) na nativním konektoru.,RQ6,-,
E5-067,2026-09-04,5,US,website,NiceLookingData – produktová stránka,https://www.nicelookingdata.com/,"3 personal Gmail accounts have Administrator access — Administrator is the most privileged role in GA4 — it can delete data streams, rotate measurement IDs ... Monday digest: what moved, what broke, what's new",en,Ukázka formátu 'nálezu' (C6 přístupy) a týdenního digestu – vzor pro klientskou komunikaci.,RQ6,H5,
E5-068,2026-09-04,5,US,website,MeasureSchool – Services,https://measureschool.com/services/,White-Label Support for Agencies – We help you when you wished you had a tracking expert on your team to fix your setup and keep your data flowing!,en,Vzdělávací značka prodává white-label support agenturám bez veřejné ceny.,RQ1,H4,
E5-069,2026-09-04,5,US,website,KS Digital (Krista Seiden) – Services,https://ksdigital.co/services/,Analytics Audits; Solution Design; Training; Executive Advising; Speaking,en,"Špičková US konzultantka nemá ongoing správu v nabídce – jen audit, design, training, advising.",RQ1,H4,
E5-070,2026-09-04,5,US,website,InfoTrust – What we do,https://infotrust.com/what-we-do/,"Integrity – Secure your data collection with proactive monitoring that identifies risks before they become costly violations ... Managed Privacy Program, Consent Monitoring, Remediation Guidance",en,Enterprise agentura balí ongoing monitoring hlavně jako privacy/consent governance (B1–B3) s vlastním nástrojem Tag Inspector.,RQ1,H4,
E5-071,2026-09-04,5,US,website,Analytics Mania – GTM/GA Audit,https://www.analyticsmania.com/services/google-analytics-and-google-tag-manager-audit/,"a very detailed report of all identified problems, how critical are they, recommendations on how to fix them (+ related/useful resources) ... Top Priority action items (Most important/impactful fixes + quick wins)",en,"Julius Fedorovicius prodává audit (report + priority list), ne retainer; cena neuvedena.","RQ1, RQ6",H4,
E5-072,2026-09-04,5,US,website,Trackingplan – 12 best GA4 audit tools (přehled),https://www.trackingplan.com/blog/ga-4-audit-tools,"Verified Data: schedule them to run daily, weekly, or monthly ... AuditTags: Approximately 47 distinct checks via real-browser scans ... GA4 Auditor: No continuous monitoring",en,"Hranice nástrojů: část jen point-in-time audit, část kontinuální monitoring; žádný nedělá opravu ani komunikaci s vývojáři.",RQ7,H5,
E5-073,2026-09-04,5,FR,website,Data Marketing School – GTM server-side cost,https://data-marketing-school.com/en/blog/gtm-server-side-cost/,"GTM server hosting; Technical setup; Tracking maintenance ... Some companies just need a quarterly audit, others prefer monthly support ... €1,200 in annual hosting, €2,000 in initial setup and €1,800 in maintenance, the total cost in the first year reaches €5,000",en,Roční 'maintenance' sGTM v příkladu 1 800 EUR (=150 EUR/měs.) vedle hostingu a setupu.,RQ2,H4,
E5-074,2026-09-04,5,US,reddit,r/GoogleAnalytics – Charge to migrate to GA4?,https://www.reddit.com/r/GoogleAnalytics/comments/147ixal/charge_to_migrate_to_ga4/,"u/Insane-Bull: We are charging USD3,000 per ecommerce website ... u/mafost-matt: As little as $40 for a simple site up to $1500 for complex e-commerce. u/puk789: I do an audit for a flat fee (with time estimates) and then switch to hourly.",en,Rozptyl jednorázových cen 40–3 000 USD; model 'audit za fix + pak hodinově'.,RQ2,H4,
E5-075,2026-09-04,5,US,reddit,r/GoogleAnalytics – Custom GA Dashboard Price,https://www.reddit.com/r/GoogleAnalytics/comments/y9fmb5/custom_ga_dashboard_price/,What about on-going maintenance will that be included in your price??? ... I might charge $125/hr but I have 15+ yrs experience,en,Freelancer 125 USD/h; údržba dashboardu je otevřená otázka při cenění.,"RQ2, RQ1",H4,
E5-076,2026-09-04,5,US,reddit,r/analytics – Am I really charging above market rates for freelance analytics work?,https://www.reddit.com/r/analytics/comments/1nqs4a6/am_i_really_charging_above_market_rates_for/,"u/Sausage_Queen_of_Chi: I'm in the US and assuming you have at least a couple years of experience, I wouldn't charge less than $100/hour for analytics work. ... So the general rule of thumb is at least 2x your hourly salaried rate or more.",en,US komunita: pod 100 USD/h se analytická práce nedělá; offshore 18–20 USD/h označeno za 'very low'.,RQ2,H4,
E5-077,2026-09-04,5,US,reddit,r/agency – Dedicated Tracking & Analytics Agency - What do you think?,https://www.reddit.com/r/agency/comments/1gx5oia/dedicated_tracking_analytics_agency_what_do_you/,"OP: I'm thinking of charging $600 per month per site. ... anon: The idea is good, but this is not something you can sell on a retainer. Analytics setup and troubleshooting is a one-off service. Once that is done, nobody is going to pay $600 every month for insights and reports. ... u/UnknownGuy102: You're better off targeting marketing agencies vs companies direct.",en,Test trhu: 600 USD/web/měs. za tracking+reporty naráží na námitku 'setup je jednorázový'; doporučení prodávat white-label agenturám.,"RQ2, RQ4",H4,
E5-078,2026-09-04,5,US,reddit,r/PPC – How much should I charge for conversion tracking set up?,https://www.reddit.com/r/PPC/comments/1fvr97w/how_much_should_i_charge_for_conversion_tracking/,"u/PPC-Memes: 5 hours x $125/hour for basic setup. 10 hours x $150/hour for advanced. u/Menaxerius_: Starting price of 3400$ for basic ga4 setup is my standard rate. u/TTFV: We don't charge for it, but we have an annual cap of free time ... 2.5 hours ... when clients make changes you often have to review and update tracking from time to time.",en,Conversion tracking se v PPC světě cení 100–3 400 USD jednorázově nebo se schová do PPC retaineru s ročním limitem hodin.,"RQ2, RQ1",H4,
E5-079,2026-09-04,5,US,reddit,r/PPC – Hiring A Google Ads specialist from Fiverr. He is charging extra for Conversion Tracking,https://www.reddit.com/r/PPC/comments/1d7geho/hiring_a_google_ads_specialist_from_fiverr_he_is/,"u/Dammit_Meg: '$1k a month to manage ads. If tracking isn't done I need to do that too which is usually around $500' ... u/aldbz: As a freelancer I do 2 bills : 1 for the setup (conversion tracking, GTM, GA4, Google merchant center) and 1 for the ads managing that I charge every month",en,"Dvě faktury: setup jednorázově, správa měsíčně; klienti nerozumí, proč se tracking účtuje zvlášť.","RQ2, RQ4",H4,
E5-080,2026-09-04,5,UK,reddit,r/PPC – UK Freelance rate check,https://www.reddit.com/r/PPC/comments/1vjsaxs/uk_freelance_rate_check/,"u/HumorousSeating: £800 flat for all that is basically charity work with extra steps ... that setup alone would run 3-5k as a one-off from any decent agency ... you should be looking at £300/day minimum. u/PracticalAd9393: £399 minimum for each channel management per month and probably up to £199 for tracking setup as a one off. u/PXLynxi: Retainers last longer, especially with GTM (or tracking and tagging specialists been quite niche).",en,"UK sazby: 300 GBP/den, tracking setup 199–5 000 GBP; komunita doporučuje oddělit jednorázový setup od měsíční správy.",RQ2,H4,
E5-081,2026-09-04,5,US,reddit,"r/agency – How I went from charging $250/month to $2,250/month",https://www.reddit.com/r/agency/comments/1vesibt/how_i_went_from_charging_250month_to_2250month_in/,u/romanmalinowski: $5-20k is the market price for SEO + paid ads. u/used_: Those are freelancer prices and you have a team.,en,Kotva plných marketingových retainerů v USA (5–20k USD/měs.); analytika je jejich součást.,RQ2,H4,
E5-082,2026-09-04,5,US,reddit,r/agency – Client Reporting Gut Check,https://www.reddit.com/r/agency/comments/1aeqtru/client_reporting_gut_check/,"u/trentonrerker: if companies want specific reporting, then they need to pay for that ... 2. When they want specific commentary every month 3. When they want industry or business relevant insights that tools don't automatically provide. u/MineAllTheCrypto: a report delivered without some context and feedback can be a dangerous thing. u/DifferenceWorldly806: I find the more reports I give the more questions I get",en,"Agentury: automatický report je komodita (20 USD/klient), komentář a insight se účtují zvlášť; report bez kontextu je rizikový.","RQ6, RQ2",H5,
E5-083,2026-09-04,5,US,reddit,r/GoogleTagManager – My GA4 monitoring system (DataCanary),https://www.reddit.com/r/GoogleTagManager/comments/1t7a89m/my_ga4_monitoring_system/,"Clients bring me for a project -> I set everything up -> I offer a retainer, most say no -> and in 18 months they are back where they started. Changes pushed to the site and GTM slowly break the setup. ... It's helped me catch lots of issues quickly that otherwise might have taken weeks.",en,"Praktik po letech odmítaných retainerů prodává monitoring (Sheets → app): klienti kupují 'hlídání', ne hodiny.","RQ3, RQ4","H2, H5",
E5-084,2026-09-04,5,US,reddit,r/GoogleAnalytics – My biggest issue with GA and some solutions,https://www.reddit.com/r/GoogleAnalytics/comments/1tdqyma/my_biggest_issue_with_ga_and_some_solutions/,"u/Munalytics: It's hard to have a retainer on GA4, since most businesses expect it to just work after setup and don't understand that as their site evolves their analytics and tracking needs to as well. ... u/Saneless: Google's GA insights alerts are very anemic and spotty",en,"Bariéra retaineru: klient čeká, že GA4 'prostě funguje'; nativní GA4 Insights hodnoceny jako slabé.","RQ4, RQ7","H2, H5",
E5-085,2026-09-04,5,US,reddit,r/GoogleAnalytics – How do you catch GA4 tracking breaks before a client report goes out?,https://www.reddit.com/r/GoogleAnalytics/comments/1vmb41m/how_do_you_catch_ga4_tracking_breaks_before_a/,"u/Big-Branch-8532: GA4 Custom Insights can email on zero traffic or an unusual drop ... Then run one external check against the Data API each morning: compare yesterday with the same weekday, and monitor page_view, session_start, the main conversion event, and source/medium coverage separately. ... The alert should go to whoever can inspect GTM and the last site release, not wait for the reporting person to notice.",en,"Doporučená dvouvrstvá architektura monitoringu bez BQ (Insights + denní Data API check) a princip: alert má jít k tomu, kdo umí opravit.","RQ5, RQ6","H1, H5",
E5-086,2026-09-04,5,US,reddit,r/GoogleAnalytics – What makes a good analytics service?,https://www.reddit.com/r/GoogleAnalytics/comments/1h88a4g/what_makes_a_good_analytics_service/,"OP: both he and our new VP of strategy tend to see little value in an ongoing retainer for our work once the initial implementations have been done ... u/eighteesix: Data visualization ... Blended data attribution reports with BQ ... Recurring performance analysis ... GTM and consent maintenance ... Auditing - this is a key element of any offering. u/Isotope1: services are only worth paying for if they increase revenue, not just as nice to haves.",en,"Interní odpor vůči retaineru za údržbu; komunita radí balit údržbu s analýzou/CRO/BQ, aby byl vidět revenue dopad.","RQ1, RQ4","H4, H5",
E5-087,2026-09-04,5,US,reddit,r/agency – How does client reporting actually work at your agency?,https://www.reddit.com/r/agency/comments/1vkvnhu/how_does_client_reporting_actually_work,"u/Beginning_Buy2094: We tried full automated reports for a while and clients barely opened them. What actually got read was a one-page note with the 3–4 numbers that mattered that month plus a couple sentences on what changed and what we're doing next. u/seb-in-public: What actually causes churn is rarely the report itself, it is the gap between reports. Clients get nervous in the silence ... the ones who flag a problem before the client notices it themselves. u/That-Regular-7828: more than one agency told me a client caught a tracking or reporting error before they did. by the time it showed up as a complaint, it'd been broken for weeks and nobody thought to look because the dashboard 'looked fine.'",en,Co klienti čtou: jednostránková poznámka s 3–4 čísly a 'co s tím'. Retence = ozvat se dřív než klient; klienti chytají rozbité tracking dřív než agentura.,"RQ6, RQ4",H2,
E5-088,2026-09-04,5,US,reddit,r/bigquery – Has anyone connected GA4 to BigQuery and then barely used it?,https://www.reddit.com/r/bigquery/comments/1v7rk24/has_anyone_connected_ga4_to_bigquery_and_then/,"OP (digitxl_agency): The export gets switched on because it feels like the right next step. A few months later, the tables are growing, but most reporting is still happening in GA4 or Looker Studio. ... Without that question, it can become another setup to maintain. u/Johnny__Escobar: it requires more than just streaming data into it, it needs optimised tables, etc. Which we don't have resource for as of right now.",en,"Důkaz k H1: BQ export sám nevytváří poptávku po správě; hodnota přichází až s transformacemi, které někdo musí udržovat (E3).",RQ5,H1,
E5-089,2026-09-04,5,US,reddit,r/bigquery – Email alert on job failure (GA4 export),https://www.reddit.com/r/bigquery/comments/1h4rdp9/email_alert_on_job_failure/,"u/LairBob: the GA4 webstream will simply not post data on 'empty' days, but without ever issuing any kind of log event or system notification. There simply won't be shards for those days ... any given one of them can trickle in as late as 2PM ... we actively check our feeds every morning. u/Acidulated: Make a view ... with a date spread ... Make an alert based on grains with count=0 ... chronjob that queries my tables of interest with a slack hook.",en,Chybějící denní tabulka nevyvolá žádnou nativní notifikaci; praxe = ranní ruční kontrola nebo vlastní cron+Slack (E1/G6).,"RQ5, RQ6",H1,
E5-090,2026-09-04,5,US,reddit,r/bigquery – Severe data drops from GA4 streaming into Big Query,https://www.reddit.com/r/bigquery/comments/1opexnb/severe_data_drops_from_ga4_streaming_into_big/,"u/Pure_Coconut_3866: At a consulting firm that has ~50 accounts all with some sort of monitoring on them, most not on GA4360. Haven't seen anything abnormal and no alerts.",en,US konzultační firma monitoruje export u ~50 účtů – 'monitoring na každém účtu' je u BQ-first konzultantů norma.,"RQ5, RQ6",H1,
E5-091,2026-09-04,5,US,reddit,r/GoogleAnalytics – How to Diagnose GA4 When Something Looks Wrong,https://www.reddit.com/r/GoogleAnalytics/comments/1soc0r5/how_to_diagnose_ga4_when_something_looks_wrong/,"GA4 problems come in two forms: the obvious breaks (conversions disappear overnight, traffic drops 40%, revenue stops recording) and the slow leaks (data that gradually degrades over weeks until someone looks at a trend line and realizes the numbers have been quietly wrong for a long time). ... The problem: most teams don't have a reliable changelog. Development deploys happen without analytics sign-off. GTM changes are made without documentation.",en,"Auditor s 13 lety praxe: dva typy poruch (náhlé vs. 'slow leaks'); chybějící changelog a deploy bez analytického sign-offu jsou příčina (H1, A3).","RQ3, RQ6",H2,
E5-092,2026-09-04,5,US,reddit,r/GoogleAnalytics – Finally figured out why a client's Meta EMQ dropped after Shopify Checkout Extensibility,https://www.reddit.com/r/GoogleAnalytics/comments/1tui9cv/finally_figured_out_why_a,"None of these issues completely broke tracking. They just made the data less reliable. That's why they're so easy to miss. ... u/Storefries: The scary ones are where everything looks fine on the surface, events are firing, purchases are showing up, and then months later you realize attribution quality has been slowly degrading.",en,"Migrace checkoutu = 'tiché' degradace (consent timing, identifikátory), viditelné až přes EMQ/atribuci po měsících.",RQ3,H2,
E5-093,2026-09-04,5,US,reddit,r/GoogleTagManager – Google Ads Purchase Tags stuck on Still running (Jan 2026),https://www.reddit.com/r/GoogleTagManager/comments/1qi3v21/google_ads_purchase_tags_stuck_on_still_running/,"If your Google Ads conversion tags suddenly stopped firing (stuck on 'Still running' in GTM Preview) starting around Friday, Jan 16th, it might be due to a silent update in how gtag.js handles ecommerce data. ... Even if it worked for years, it now causes the tag to hang indefinitely without failing. ... u/healthspanhero: Had you not posted I don't think we would have figured it out.",en,"Ukázka spouštěče ad_platform_change: Google tiše změnil gtag.js, staré UA-style items rozbily Ads purchase tagy napříč weby.",RQ3,H2,
E5-094,2026-09-04,5,US,reddit,r/PPC – Recovery time: Agency responsible messed up ROAS due to tracking setup,https://www.reddit.com/r/PPC/comments/19epd82/recovery_time_agency_responsible_messed_up_roas/,"OP: recently discovered two conversions were set as primary (GA4 + Google Ads tag). Google ads has combined both conversion values. I believe this may have been since rolling out GA4 about 8 months ago. ... u/potatodrinker: Agency teams at a minimum need to eyeball the top line data at least daily (CPA, CPC, spending, ROAS). u/BusinessBou: The only reason I caught this was so quickly we because I was monitoring updates to our enhanced conversions settings.",en,"8 měsíců dvojího počítání konverzí; klient zdvojnásobil rozpočet na základě špatných dat. Kdo to chytil brzy, monitoroval změny nastavení.",RQ3,H2,
E5-095,2026-09-04,5,US,reddit,r/PPC – Client's Google Ad conversion tracking suddenly broke,https://www.reddit.com/r/PPC/comments/1vrsz2b/clients_google_ad_conversion_tracking_suddenly/,"u/Either_Guess2405: 'Your conversion tracking is broken' gets queued. 'Someone changed the GTM container or the GA4 link around the 15th' gets fixed. ... u/Ishan_GS: being unable to diagnose your own tracking is the real problem here, and it'll happen again.",en,Hodnota správce: převést 'rozbilo se' na konkrétní hypotézu pro vývojáře (G7/H1) a mít přístupy (C6).,"RQ3, RQ6",H2,
E5-096,2026-09-04,5,US,reddit,r/GoogleAnalytics – GA4 isn't a problem. Most businesses are under investing in Marketing Analytics,https://www.reddit.com/r/GoogleAnalytics/comments/1v02zw4/ga4_isnt_a_problem_most_business,"I regularly see businesses spending thousands, sometimes millions, across Paid Ads, SEO, email, content ... But the analytics layer responsible for telling them whether any of that activity is actually working gets a tiny fraction of the investment.",en,"Argument pro pozicování: analytika dostává zlomek rozpočtu oproti médiím, které má měřit.","RQ4, RQ8",H4,
E5-097,2026-09-04,5,US,reddit,r/shopify – GA4 shows fewer purchases than Shopify? Here's the actual checklist,https://www.reddit.com/r/shopify/comments/1urnsf1/ga4_shows_fewer_purchases_than_shopify_heres,"Some version of 'GA4 shows 20-30% fewer purchases than Shopify' gets posted here every week ... Somewhere between 15 and 25% of visitors block Google Analytics entirely ... The only real mitigation is sending purchases server-side from a webhook. ... GA4's behavioral modeling has volume thresholds (roughly 1,000 denied-consent events a day plus a healthy consented baseline), so smaller stores often don't qualify",en,Revenue mismatch je týdenní téma; D5/G2 kontrola přes transaction_id diff; malé e-shopy nedostanou modelování.,"RQ3, RQ5",H2,
E5-098,2026-09-04,5,US,forum,"Shopify Community – vlákna o rozbitém GA4/Ads trackingu (328192, 217797, 218648, 346739, 188978, 314768)",https://community.shopify.com/t/massive-drop-in-ga-tracking-accuracy-after-moving-to-google-channel/218648,"we're now only tracking about 40% of purchase events ... This is having knock on effects on our PPC campaigns (218648, May 2023); Shopify sending on 60% conversion data (217797, Jun 2023); hasn't recorded a purchase in over a week (328192, Jun 2024); drop in conversion reporting via GA4 & Google Ads since completing the checkout extensionability updates (346739, Aug 2024)",en,"Shopify platformní změny (Google & YouTube app, checkout extensibility, thank_you redirect) opakovaně tiše snižují měřené konverze o 40–60 %; merchanti si všímají po dnech až týdnech přes objednávky.",RQ3,H2,
E5-099,2026-09-04,5,EU,website,Kukie.io + Adnan Agic – dopad cookie lišty / consent mode na měření,https://kukie.io/blog/google-analytics-traffic-drop-cookie-banner,"User and session counts fall by 30-50% compared to the previous period (kukie.io). ... Yet your reported conversions are half of what they should be ... Just quietly, over time, in ways that are hard to trace (adnanagic.com)",en,"Consent změny berou 30–50 % měřených uživatelů a až polovinu konverzí, bez chybové hlášky.",RQ3,H2,
