id,date_accessed,region,segment,source_type,source_url,quote_verbatim,language,situation,what_broke,how_noticed,time_to_notice,impact,would_prevent,has_bq,pain_cluster,evidence_id
N5-001,2026-09-04,US,agentura/freelancer (více klientů),reddit,https://www.reddit.com/r/GoogleAnalytics/comments/1tdqyma/my_biggest_issue_with_ga_and_some_solutions/,Clients used to bring me in for a one-off project (no retainer!) -> I set everything up -> and in 18 months they were back where they started. Changes pushed to the site and GTM slowly broke the setup.,en,Konzultant po jednorázové implementaci bez retaineru,release_web,po 18 měsících při návratu klienta,měsíce,"implementace zdegradovaná, znovu od začátku",monitoring propadů/skoků eventů s e-mail alertem (Sheets → app),ne,,E5-084
N5-002,2026-09-04,US,agentura (PPC + analytika),reddit,https://www.reddit.com/r/GoogleAnalytics/comments/1tdqyma/my_biggest_issue_with_ga_and_some_solutions/,"It's hard to have a retainer on GA4, since most businesses expect it to just work after setup and don't understand that as their site evolves their analytics and tracking needs to as well.",en,Prodej retaineru na GA4 samostatně,release_web,-,-,"analytika schovaná do PPC fee, práce 'goes un-noticed'","vysvětlit, že web se mění a měření s ním; monitoring jako viditelná služba",ne,,E5-084
N5-003,2026-09-04,US,firmy bez interní analytické governance,reddit,https://www.reddit.com/r/GoogleAnalytics/comments/1tdqyma/my_biggest_issue_with_ga_and_some_solutions/,"over time site changes, new templates, dev updates, consent changes, and GTM edits slowly break tracking quality without anyone noticing immediately. In a lot of cases, companies only realize months later when reporting suddenly looks wrong.",en,Postupná degradace po změnách webu/CMP/GTM,gtm_change_dev,reporting 'vypadá špatně',měsíce,špatná data v reportech měsíce zpětně,monitoring a anomaly detection jako součást infrastruktury,ne,,E5-084
N5-004,2026-09-04,US,agentura/analytik,reddit,https://www.reddit.com/r/GoogleAnalytics/comments/1vmb41m/how_do_you_catch_ga4_tracking_breaks_before_a/,saw a thread where someone's GA4 tag was silently broken for 2 weeks and only caught it while pulling a report.,en,GA4 tag tiše nefunguje,release_web,až při přípravě klientského reportu,2 týdny,"2 týdny chybějících dat, nelze doplnit",alert do 24 h (Insights / Data API check),ne,,E5-085
N5-005,2026-09-04,US,analytik (dashboard pro rozhodování),reddit,https://www.reddit.com/r/GoogleAnalytics/comments/1vmb41m/how_do_you_catch_ga4_tracking_breaks_before_a/,"I'd split an event by landing page instead of page path, so anyone who entered on one section and used another quietly fell out: 817 recorded where the real number was 1,024, for about three weeks, with the daily line looking completely normal. What found it was the BigQuery export disagreeing with the Data API.",en,Chybná definice metriky v reportu (session vs. event scope),gtm_change_dev,nesoulad BQ exportu vs. Data API při jiném šetření,3 týdny,"−20 % v jedné sekci, celkově −3,6 %; rozhodnutí na špatných číslech",test pinující definici metriky; re-derivace čísla z raw eventů (BQ),ano,,E5-085
N5-006,2026-09-04,US,agentura,reddit,https://www.reddit.com/r/GoogleAnalytics/comments/1vmb41m/how_do_you_catch_ga4_tracking_breaks_before_a/,"If page_view is normal but purchase disappears, that points to an event-level break rather than the whole tag. ... The alert should go to whoever can inspect GTM and the last site release, not wait for the reporting person to notice.",en,Design alertingu,release_web,-,-,-,"denní Data API check per event (page_view, session_start, hlavní konverze, source/medium) + doručení alertu tomu, kdo umí opravit",ne,,E5-085
N5-007,2026-09-04,US,agentura (analytický tým),reddit,https://www.reddit.com/r/GoogleAnalytics/comments/1h88a4g/what_makes_a_good_analytics_service/,"both he and our new VP of strategy tend to see little value in an ongoing retainer for our work once the initial implementations have been done. I understand that maintaining tracking and integrations doesn't sound sexy, but I do think there's quantifiable ROI in preventing things from breaking",en,Interní prodej retaineru na údržbu měření,unknown_owner,-,-,tým bez MRR; údržba nevnímána jako hodnota,kvantifikovat ROI prevence; balit s BQ atribucí/CRO,částečně,,E5-086
N5-008,2026-09-04,US,malý e-shop / SMB,reddit,https://www.reddit.com/r/agency/comments/1gx5oia/dedicated_tracking_analytics_agency_what_do_you/,"Analytics setup and troubleshooting is a one-off service. Once that is done, nobody is going to pay $600 every month for insights and reports.",en,Námitka proti měsíční platbě za tracking+reporty,release_web,-,-,churn/odmítnutí retaineru,prodávat přes agentury (white-label) nebo vázat na měřitelný výsledek,ne,,E5-077
N5-009,2026-09-04,US,freelancer (GA/GTM od začátku),reddit,https://www.reddit.com/r/GoogleTagManager/comments/1t7a89m/my_ga4_monitoring_system/,"I offer a retainer, most say no -> and in 18 months they are back where they started. Changes pushed to the site and GTM slowly break the setup. ... It's helped me catch lots of issues quickly that otherwise might have taken weeks.",en,"Retainer odmítán, monitoring přijat",release_web,dříve: po týdnech; nyní alert,týdny → dny,opakované přestavby měření,"monitoring 0/skok metrik + parametrů, e-mail",ne,,E5-083
N5-010,2026-09-04,AU,agentura (Digitxl),reddit,https://www.reddit.com/r/GoogleTagManager/comments/1t7a89m/my_ga4_monitoring_system/,"I've seen GA4 setups silently break after site migrations, CMS updates, consent banner changes, GTM edits, you name it. Sometimes nobody notices until reporting season and then you're trying to explain missing data that can't be recovered.",en,Tiché rozbití po migraci/CMS/CMP/GTM,platform_migration,až v 'reporting season',měsíce,"nenávratně chybějící data, vysvětlování klientovi",alert 'traffic dropped to near zero' + monitoring ad platforem,ne,,E5-083
N5-011,2026-09-04,US,"finanční služby (lead-gen), PPC agentura",reddit,https://www.reddit.com/r/PPC/comments/1ovnpi0/broken_conversion_tracking_ruined_performance_help/,I have a finance client whose conversion tracking broke in September for 30+ days. ... they were previously seeing 5-10 leads/day. CPC's & CPL's have also increased quite drastically.,en,Rozbité conversion tracking při předání účtu,release_web,po převzetí účtu novou agenturou,30+ dní,"leads 5–10/den → ~1/den, růst CPC/CPL, reset learningu Smart Biddingu","denní kontrola konverzí; data exclusion; fix do dnů, ne týdnů",ne,,E5-094
N5-012,2026-09-04,US,"SMB, PPC",reddit,https://www.reddit.com/r/PPC/comments/1ovnpi0/broken_conversion_tracking_ruined_performance_help/,The client updated their website where it became super restrictive where it wouldn't allow 95% of any traffic to access the website. Their web dev implemented a security 'feature' and didn't told him. ... Lasted for more than s month,en,Dev nasadil bezpečnostní blok bez informování marketingu,release_web,propad výkonu kampaní,> 1 měsíc,"kampaně 'in shambles', dlouhá obnova","koordinace releasů s měřením (H1), data exclusions",ne,,E5-094
N5-013,2026-09-04,US,"B2B divize větší firmy, PPC agentura",reddit,https://www.reddit.com/r/PPC/comments/1vrsz2b/clients_google_ad_conversion_tracking_suddenly/,"sometimes soemthing will change with their website/GA4/GTM that messes things up for us and we have no control over it. Recently, something happened and every single one of their conversions is 'misconfigured' ... No conversions for the past two weeks.",en,Jiný tým změnil GA4/GTM/propojení Ads,gtm_change_dev,status 'misconfigured' v Ads,2 týdny,"2 týdny Max Conversions naslepo, ztráta historie importovaných konverzí",kontrola GA4↔Ads linku a key events; přístupy pro diagnostiku; konkrétní hlášení vývojářům,ne,,E5-095
N5-014,2026-09-04,US,"SMB weby na Squarespace, PPC",reddit,https://www.reddit.com/r/PPC/comments/1k4qt34/april_10_gtm_update_broke_google_ads_conversion/,"Everything worked smoothly until April 10, but since then, conversions are no longer appear in Google Ads - even though Microsoft Clarity confirms users from ad clicks are submitting forms. The tag debugger tool shows tags firing correctly",en,Změna GTM/Ads na straně Googlu,ad_platform_change,srovnání s Clarity,~10 dní,chybějící konverze ve 2 účtech,sledování změn platformy (C5/B3) + srovnání s nezávislým zdrojem,ne,,E5-093
N5-015,2026-09-04,US,in-house PPC (e-commerce),reddit,https://www.reddit.com/r/PPC/comments/1smhl9c/career_question_broken_tracking_affecting_bonus/,"a dev trying to update consent settings broke conversion tracking, for the whole website. We're looking at a 7 day gap with limited to no conversion tracking. No conversions in any ad dashboard, no conversion events in GA4, even with UTM parameters. ... It took 3 days before I noticed",en,Dev změnil consent nastavení,consent_change,propad konverzí v dashboardech,3 dny,"7 dní spendu s 'bottom of the barrel ROAS', bonus KPI",QA consentu po releasu (B1); alert na purchase=0; 'NO DEPLOYS ON FRIDAY',ne,,E5-094
N5-016,2026-09-04,UK,"e-shop (£12–24k/měs. spend), agentura",reddit,https://www.reddit.com/r/PPC/comments/19epd82/recovery_time_agency_responsible_messed_up_roas/,recently discovered two conversions were set as primary (GA4 + Google Ads tag). Google ads has combined both conversion values. I believe this may have been since rolling out GA4 about 8 months ago. I'm shocked the agency hasn't picked up on this,en,Dvojí počítání konverzí po migraci na GA4 (Google automaticky přidal GA4 purchase jako konverzi),ga4_change,klient sám přes vlastní Looker Studio/GA4 vs. reporty agentury,8 měsíců,rozpočet zdvojnásoben na základě nadhodnoceného ROAS; ROAS 8× → 4×; měsíce obnovy,D1 měsíční kontrola primárních konverzí; srovnání Ads vs GA4 vs backend (D5); sledování změn nastavení,ne,,E5-094
N5-017,2026-09-04,US,"e-commerce účty, agentura",reddit,https://www.reddit.com/r/PPC/comments/19epd82/recovery_time_agency_responsible_messed_up_roas/,"GA4 automatically added purchases as a conversion to all our accounts, after we had already switched to using the Google Ads tag for everything. ... The only reason I caught this was so quickly we because I was monitoring updates to our enhanced conversions settings.",en,Automatická migrace nastavení Googlem,ga4_change,monitoring změn nastavení enhanced conversions,~2 týdny,nutnost vracet automatické změny,"monitoring change history (C5, D1)",ne,,E5-094
N5-018,2026-09-04,CA,"lokální služby, Google Ads",reddit,https://www.reddit.com/r/PPC/comments/1s7qree/google_ads_only_tracking_a_small_amount_of_my/,"Only a small percentage of people visiting my site are accepting cookies. Because of that, Google Ads is only showing a fraction of the actual conversions. I know we are getting more leads than what shows up in the account, (5 day on average) ... Google recording only 1 or 2 a week.",en,Nízký consent rate + možná špatná implementace consent mode,consent_change,porovnání s reálnými leady,průběžně,"nelze věřit datům v Ads, rozhodování naslepo","B1/B2 kontrola consent mode a jeho update, enhanced conversions, offline import z CRM",ne,,E5-097
N5-019,2026-09-04,US,freelance BQ uživatel (Sandbox),reddit,https://www.reddit.com/r/bigquery/comments/1vdcvgz/is_anyone_else_missing_ga4_bigquery_daily_exports/,Firebase/Google engineering finally confirmed the issue is caused by a recent change to BigQuery Sandbox: the free storage quota is now treated as a one-time cumulative lifetime limit ... That explains why my exports stopped even though only ~2.5 GiB was actually stored.,en,Export do BQ přestal chodit kvůli změně kvóty Sandboxu,bq_export_gap,"ručně, chybějící tabulky",~2 týdny,chybějící denní tabulky; nutný backfill od Googlu,E1 alert na chybějící tabulku; billing místo Sandboxu,ano,,E5-089
N5-020,2026-09-04,US,"malý web, BQ export",reddit,https://www.reddit.com/r/bigquery/comments/12do1sd/ga4_daily_export_to_bigquery_stopped_suddenly/,"I set up a daily export of GA4 data to BigQuery but it stopped exporting after March 15. I tried unlinking and relinking BQ with no luck. It worked fine from Feb 13 - Mar 15, and my free trial of Cloud expired on March 17",en,Export se zastavil po expiraci Cloud trialu,bq_export_gap,"ručně, po 3 týdnech",~3 týdny,díra v datech,E1 monitoring + E2 billing alert,ano,,E5-089
N5-021,2026-09-04,US,agentura s ~12 GA4 webstreamy v BQ,reddit,https://www.reddit.com/r/bigquery/comments/1h4rdp9/email_alert_on_job_failure/,"the GA4 webstream will simply not post data on 'empty' days, but without ever issuing any kind of log event or system notification. There simply won't be shards for those days in the BQ dataset. ... we actively check our feeds every morning",en,Chybějící denní shard bez notifikace,bq_export_gap,ranní ruční kontrola,hodiny–den,riziko tichých děr v pipeline,view s kalendářem dat + alert na count=0 (cron + Slack),ano,,E5-089
N5-022,2026-09-04,US,"větší web (ne GA360), BQ streaming",reddit,https://www.reddit.com/r/bigquery/comments/1opexnb/severe_data_drops_from_ga4_streaming_into_big/,"around this time last year Google broke part of the GA4-BQ connection,. It led to sporadic 20-40% data loss for some days. Since then they seem to suggest a 5% tolerance in documentation. ... We're getting around 10-20% data loss on some days, typically around weekends.",en,Ztráta dat ve streaming exportu,bq_export_gap,srovnání počtu eventů BQ vs GA4 UI,dny,10–40 % dat chybí v některých dnech,E1 kontrola počtu eventů vs. norma; přechod na denní export,ano,,E5-090
N5-023,2026-09-04,US,klientský web po redesignu,reddit,https://www.reddit.com/r/GoogleAnalytics/comments/1p21vjp/ga_tracking_broke_after_layout_update_r,"One of my clients recently updated their website design (same URL, only the layout changed). Ever since the redesign, we've seen a massive drop in visits and events. ... we noticed the GA tag isn't installed on several pages.",en,Redesign přesunul GA tag jen do některých šablon,release_web,propad návštěv a eventů,dny–týdny,"chybějící data z části webu, nelze doplnit",A1 QA po releasu (10–15 náhodných stránek napříč šablonami),ne,,E5-091
N5-024,2026-09-04,US,Shopify e-shop (Checkout Extensibility),reddit,https://www.reddit.com/r/GoogleAnalytics/comments/1tui9cv/finally_figured_out_why_a,"Not completely broken. Just... off. Meta started matching fewer purchases. GA4 looked different. Everything was technically firing, but the data quality wasn't where it should have been. ... Consent was updating after some tracking requests had already fired. Key identifiers weren't consistently making it from storefront → checkout → server-side tracking.",en,Migrace checkoutu Shopify,platform_migration,"pokles Meta EMQ, drift atribuce",měsíce,"horší match rate a atribuce, dražší akvizice","plný audit po migraci (A1, B1, D2, A4)",ne,,E5-092
N5-025,2026-09-04,US,web s Cookiebot (CMP přestal být placen),reddit,https://www.reddit.com/r/GoogleAnalytics/comments/1p0tj24/ga4_traffic_s,"We stopped paying in May (banner stopped showing), just started paying again recently. In GA4, we saw a noticeable drop in traffic toward the end of June ... previously most of our traffic was categorized as Direct, and now the majority is showing as Unassigned. Today, GA4 shows ~231 users, which is way higher than what's realistic",en,Výpadek a obnova CMP rozhodila consent mode a atribuci,consent_change,"propad trafficu, pak Unassigned a nadhodnocení users",týdny–měsíce,neinterpretovatelná atribuce,B1/B3 kontrola CMP a consent defaults; C4 sledování Unassigned,ne,,E5-092
N5-026,2026-09-04,US,malý web (Squarespace 7.0→7.1),reddit,https://www.reddit.com/r/GoogleAnalytics/comments/1knu09n/ga4_reporting_90_drop_in_users_ss_an,"GA4 now shows a 90% drop in Users across all channels, however Squarespace Analytics shows normal traffic from Google. ... the result is only when I accept the Cookie banner. ... I've not added the basic consent mode snippet",en,Migrace šablony + cookie banner blokující GA4,platform_migration,srovnání s platformní analytikou a GSC,týdny,−90 % users v GA4,B1 consent mode po migraci; A1 QA,ne,,E5-091
N5-027,2026-09-04,US,e-shop (Meta Ads),reddit,https://www.reddit.com/r/GoogleAnalytics/comments/1kkp8zv/ga4_not_tracking_facebook_ads_revenue_correc,"Facebook Ads Manager is reporting high revenue and transactions, but GA4 attributes less than 20% of that. Same UTM structure, same funnel, same site.",en,Nesoulad atribuce Meta vs GA4,revenue_mismatch,srovnání reportů,průběžně,"nedůvěra v obě strany, spor o rozpočet",D5 vysvětlené srovnání atribučních modelů; sGTM/CAPI; 1-day click v Metě,ne,,E5-097
N5-028,2026-09-04,US,Shopify e-shop (~$290k/měs.),reddit,https://www.reddit.com/r/GoogleAnalytics/comments/1oqm0dx/ga4_missing_purchase_events_vs_shopify_any_ideas/,"For September 2025, Shopify reports ~850 purchases and ~$290K in revenue. In GA4, I'm only seeing ~655 purchases and ~$219K in revenue. ... I've noticed a 4-5 second delay from the payment gateway → Thank You page where GA4 triggers.",en,GA4 revenue −24 % vs. backend,revenue_mismatch,měsíční srovnání s Shopify,měsíc,~$71k neatribuované revenue/měs.,G2 pravidelné srovnání GA4 vs backend; purchase server-side/webhook; diff transaction_id,ne,,E5-097
N5-029,2026-09-04,US,klientský web po změně domény a systému,reddit,https://www.reddit.com/r/GoogleAnalytics/comments/1ntrua6/how_do_i_know_if_tracking_works_correctly/,"we recently switched the domain and the whole system. Now I am getting about 25% of visits from before. ... Microsoft Clarity, as well as Pirsch ... are showing way more traffic than GA4. The question now is... How do I know if GA4 tracking works correctly?",en,Migrace platformy a domény,platform_migration,srovnání s Clarity/Pirsch,týdny,"nejistota, zda −75 % je SEO nebo měření","A1 QA po migraci, srovnání se serverovými logy/backendem do 10 %",ne,,E5-091
N5-030,2026-09-04,US,e-shop s e-mail funnely,reddit,https://www.reddit.com/r/GoogleAnalytics/comments/1fftjnu/since_switching_to_ga4_our_utm_tracking_doesnt/,we have email funnels and used to be able to track how much revenue we made for each email using UTM tags. Now it's all marked as $0. I've been told this is due to modern day tracking and there's not much we can do.,en,UTM stripped / cross-domain po migraci na GA4,utm_chaos,report revenue per e-mail = 0,měsíce,nelze vyhodnotit e-mailové kampaně,"C3 cross-domain, D4 kontrola UTM přes landing page, záloha UTM do user properties",ne,,E5-091
N5-031,2026-09-04,US,Shopify e-shop s externí agenturou,reddit,https://www.reddit.com/r/shopify/comments/1n4xh83/google_youtube_app_is_breaking_my_ga4_events_no/,"As soon as GA4 is linked through the app, DebugView goes completely silent — no events show up. ... With the app connected, no purchase events fire → GA4 shows almost zero sales and no revenue. ... My marketing agency has launched campaigns, but I can't measure results",en,Konflikt nativní Shopify integrace a GTM,platform_migration,"DebugView, chybějící revenue",dny,kampaně bez měření výsledků,jednotná implementace přes GTM/dataLayer; A1 QA,ne,,E5-097
N5-032,2026-09-04,EU,"e-shop se sGTM + CAPI (Meta, Reddit, Pinterest)",reddit,https://www.reddit.com/r/GoogleTagManager/comments/1v3aex7/sgtm_sudden_drop_in_capi_events/,"about 10 days ago we noticed a sudden and notable drop in our CAPI numbers for almost all events, down to about 1/3 of their previous values. Importantly, the Pixel events have stayed completely stable ... u/Andrei_EastPeaks: If a payload is missing user identifiers, the HTTP status is still 200, but the event is silently discarded by the platform.",en,"Serverové eventy tiše zahazovány (200 OK, chybějící identifikátory)",ad_platform_change,srovnání CAPI vs Pixel po 10 dnech,~10 dní,"−66 % CAPI eventů, horší match",D2 monitoring poměru CAPI/Pixel a event match quality; G5 logy sGTM,ne,,E5-093
N5-033,2026-09-04,US,"solo dev, 5+ webů",reddit,https://www.reddit.com/r/GoogleTagManager/comments/1ryxkid/solo_dev_managing_gtm_across_5_sites_my_container/,"'GA4 - NEW (use this one)' 'GA4 test IGNORE' ...all inside the same container. I genuinely couldn't tell which ones were live, which were deprecated, or why past-me made three versions of the same tag.",en,Bez konvencí a dokumentace GTM,unknown_owner,při údržbě,-,strach cokoli měnit; mrtvé tagy,"A3 verzování a naming, A6 úklid, H2 živá dokumentace",ne,,E5-091
N5-034,2026-09-04,US,auditor GA4 (13 let),reddit,https://www.reddit.com/r/GoogleAnalytics/comments/1soc0r5/how_to_diagnose_ga4_when_something_looks_wrong/,the slow leaks (data that gradually degrades over weeks until someone looks at a trend line and realizes the numbers have been quietly wrong for a long time) ... most teams don't have a reliable changelog. Development deploys happen without analytics sign-off. GTM changes are made without documentation.,en,Diagnostika bez changelogu,gtm_change_dev,trendová linie 'vypadá divně',týdny,dlouhé hledání příčiny,"A3 changelog, H1 sign-off před deployem, GTM versions + GA4 change history",ne,,E5-091
N5-035,2026-09-04,US,malý e-shop (booking),reddit,https://www.reddit.com/r/GoogleAnalytics/comments/1bby3be/ga4_suddenly_stopped_tracking_purchases/,GA4 has suddenly stopped tracking purchases on my website during the weekend since Friday. ... I set up Facebook Pixel on GTM last Friday via Facebooks own tool. That's the only thing I can think of that I changed regarding GTM.,en,Cizí nástroj (Meta) upravil GTM a rozbil purchase trigger,gtm_change_dev,"po víkendu, purchase = 0",3 dny,ztracené purchase eventy,A3 kontrola cizích změn v GTM; G1 alert purchase=0,ne,,E5-093
N5-036,2026-09-04,US,"enterprise (18 domén, legacy dataLayer)",reddit,https://www.reddit.com/r/GoogleTagManager/comments/1qi3v21/google_ads_purchase_tags_stuck_on_still_running/,"If your Google Ads conversion tags suddenly stopped firing (stuck on 'Still running' in GTM Preview) starting around Friday, Jan 16th, it might be due to a silent update in how gtag.js handles ecommerce data. ... Even if it worked for years, it now causes the tag to hang indefinitely without failing.",en,Google tiše odstranil podporu UA-style items v Ads tagu,ad_platform_change,Ads přestaly hlásit konverze; GTM Preview 'Still running',4 dny,Ads konverze napříč weby; '4 hours of debugging',"C5/B3 sledování změn Google, A4 validace dataLayer proti GA4 schématu",ne,,E5-093
N5-037,2026-09-04,US,agentury (research vlákno),reddit,https://www.reddit.com/r/agency/comments/1vkvnhu/how_does_client_reporting_actually_work,"more than one agency told me a client caught a tracking or reporting error before they did. by the time it showed up as a complaint, it'd been broken for weeks and nobody thought to look because the dashboard 'looked fine.'",en,Rozbité měření objeví klient dřív než agentura,release_web,stížnost klienta,týdny,"ztráta důvěry, churn",proaktivní alerting + 'flag a problem before the client notices',ne,,E5-087
N5-038,2026-09-04,US,Shopify merchanti (týdenní dotazy),reddit,https://www.reddit.com/r/shopify/comments/1urnsf1/ga4_shows_fewer_purchases_than_shopify_heres,"Some version of 'GA4 shows 20-30% fewer purchases than Shopify' gets posted here every week, and the replies are usually one guess each - it's ad blockers, no it's consent, no you set it up wrong.",en,Chronický nesoulad GA4 vs Shopify,revenue_mismatch,srovnání s objednávkami,průběžně,nedůvěra v GA4,D5/G2 srovnání s tolerancí + server-side purchase z webhooku,ne,,E5-097
N5-039,2026-09-04,US,Shopify e-shop (nový),forum,https://community.shopify.com/t/ga4-suddenly-stopped-tracking-purchases/328192,hasn't recorded a purchase in over a week ... I can't figure out why.,en,GA4 přestalo zapisovat nákupy,platform_migration,ručně v reportech,> 1 týden,chybějící purchase data,G1 alert purchase=0,ne,,E5-098
N5-040,2026-09-04,US,Shopify merchanti (více obchodů),forum,https://community.shopify.com/t/incomplete-conversion-data-being-sent-to-google-and-facebook-shopify-sending-on-60-conversion-data/217797/24,Shopify sending on 60% conversion data ... Unresolved support ticket for 6 days with no response for 3 days,en,Změna Shopify (GTM přístup / thank_you redirect) snížila odesílané konverze,platform_migration,porovnání s objednávkami,dny–týdny,"40 % konverzí chybí v Ads/Meta, špatné učení kampaní",G2 denní srovnání konverzí vs. objednávky,ne,,E5-098
N5-041,2026-09-04,US,Shopify e-shop (UA→GA4 přes Google & YouTube app),forum,https://community.shopify.com/t/massive-drop-in-ga-tracking-accuracy-after-moving-to-google-channel/218648,we're now only tracking about 40% of purchase events ... This is having knock on effects on our PPC campaigns due to that purchase event being mapped to the Google Ads conversion event,en,Migrace na nativní integraci,platform_migration,vlastní analýza po migraci,týdny,60 % nákupů chybí; dopad na Google Ads bidding,A1 QA po migraci; G2 srovnání; vlastní purchase event s transaction ID,ne,,E5-098
N5-042,2026-09-04,US,"Shopify e-shop (checkout extensibility, 2 Ads účty)",forum,https://community.shopify.com/t/drop-in-conversion-rates-ga4-and-google-ads/346739,We are experiencing a drop in conversion reporting via GA4 & Google Ads since completing the checkout extensionability updates for Shopify.,en,Povinná migrace checkoutu bez přenesení pixelů do Customer Events,platform_migration,propad konverzí,týdny–měsíce (odpověď s řešením po 5 měsících),chybějící konverze v GA4 i Ads,"H1 konzultace před migrací, A1 QA po ní",ne,,E5-098
N5-043,2026-09-04,US,Shopify e-shop,forum,https://community.shopify.com/t/conversion-tracking-stopped-working/188978,I have been having metrics tracking issues with Shopify for a month now ... Really hurts optimizing with incomplete data.,en,Tagy na thank-you stránce nestřílí,platform_migration,testovací objednávky,měsíc,měsíc optimalizace na nekompletních datech,G1/G4 monitoring purchase tagu,ne,,E5-098
N5-044,2026-09-04,US,Shopify e-shop,forum,https://community.shopify.com/t/drop-in-sessions-after-changing-cookie-consent-banner/314768/4,if you now click the x and not dismiss or accept then nothing is recorded,en,Změna chování cookie lišty,consent_change,'further digging' po propadu sessions,týdny,propad měřených sessions,B1/B2 sledování consent rate a dopadu změn lišty,ne,,E5-098
N5-045,2026-09-04,EU,weby s novou cookie lištou,website,https://kukie.io/blog/google-analytics-traffic-drop-cookie-banner,User and session counts fall by 30-50% compared to the previous period. ... Real-time reports show an immediate decrease the day the banner goes live,en,Nasazení consent lišty,consent_change,reporty ihned po nasazení,den,−30–50 % měřených uživatelů; bez consent mode méně dat pro bidding,"B2 kvantifikace dopadu, consent mode v2 Advanced",ne,,E5-099
N5-046,2026-09-04,US,Google Ads inzerenti,website,https://adnanagic.com/blog/consent-mode-blocking-google-ads-conversions/,"Your Google Ads campaigns look healthy. Tag Assistant shows consent as 'granted.' No errors in GTM ... Yet your reported conversions are half of what they should be. ... Not immediately. Not with a clear error. Just quietly, over time",en,Nefunkční interakce s lištou = většina uživatelů bez rozhodnutí,consent_change,nesoulad konverzí,měsíce,polovina konverzí chybí,"B2 monitoring consent rate, redesign lišty, ověření 4 parametrů CMv2",ne,,E5-099
N5-047,2026-09-04,US,BQ-first týmy,website,https://www.optizent.com/blog/the-bigquery-audit-why-your-analytics-pipeline-might-be-built-on-missing-data/,"Date gaps sit silently in datasets ... every query, every model, every dashboard that references that date range inherits the gap without any indication something's wrong.",en,Výpadek exportu propadne do všech reportů,bq_export_gap,až při auditu,měsíce,všechny navazující modely a dashboardy s dírou,E1 denní kontrola distinct event_date / počtu řádků vs. klouzavý průměr,ano,,E5-040
N5-048,2026-09-04,US,majitelé GA4 property (obecně),website,https://www.optizent.com/blog/ga4-configuration-audit-the-settings-that-are-silently-breaking-your-reports/,the settings ... were probably configured once — during initial implementation — and haven't been touched since. Maybe that was six months ago. Maybe two years. Maybe the person who set it up left the company.,en,Ztráta vlastníka konfigurace,access_lost,-,roky,atribuce 'quietly shift credit between channels every single reporting day',"C1–C6 pravidelná hygiena property, H2 dokumentace",ne,,E5-039
