id,date_accessed,region,segment,source_type,source_url,quote_verbatim,language,situation,what_broke,how_noticed,time_to_notice,impact,would_prevent,has_bq,pain_cluster,evidence_id
NG8-001,2026-09-04,US,agency,forum,https://www.reddit.com/r/GoogleTagManager/comments/1t7a89m/my_ga4_monitoring_system/,"Clients bring me for a project -> I set everything up -> I offer a retainer, most say no -> and in 18 months they are back where they started. Changes pushed to the site and GTM slowly break the setup.",en,Konzultant nastavuje GA4/GTM od jejich vzniku; klienti kupují jednorázový projekt a retainer odmítají,release_web,nezjistí se průběžně; po ~18 měsících je stav měření zpět na začátku,18 měsíců,Celá jednorázová investice do implementace se znehodnotí; rozhodování běží na degradovaných datech,Měsíční paušál s QA po releasu a monitoringem klíčových eventů; changelog změn v GTM,no,Postupná degradace po implementaci (ne jednorázový výpadek),EG8-017
NG8-002,2026-09-04,US,agency,forum,https://www.reddit.com/r/GoogleTagManager/comments/1t7a89m/my_ga4_monitoring_system/,"I've seen GA4 setups silently break after site migrations, CMS updates, consent banner changes, GTM edits, you name it. Sometimes nobody notices until reporting season and then you're trying to explain missing data that can't be recovered.",en,"Agentura napříč klienty; měření tiše přestane fungovat po migraci, aktualizaci CMS, změně cookie lišty nebo zásahu do GTM",platform_migration,"až v „reporting season“, když se sestavuje report",týdny až měsíce (do dalšího reportu),Chybějící data nelze zpětně dopočítat; agentura musí klientovi vysvětlovat díru v datech,"Denní automatická kontrola objemu klíčových eventů s alertem na člověka, který vidí do GTM a releasů",no,Nevratná ztráta dat – nezměřené se nedá dopočítat,EG8-018
NG8-003,2026-09-04,US,agency,forum,https://www.reddit.com/r/GoogleAnalytics/comments/1tdqyma/my_biggest_issue_with_ga_and_some_solutions/,"It's hard to have a retainer on GA4, since most businesses expect it to just work after setup and don't understand that as their site evolves their analytics and tracking needs to as well.",en,Specialista na paid ads + analytiku se pokusil prodávat analytiku samostatně a neuspěl; skryl ji do ceny správy reklamy,unknown_owner,nezjistí se – „most of the work goes un-noticed“,neuvedeno,Služba je neprodejná samostatně; analytická práce se schová do PPC paušálu a je neviditelná,"Viditelné artefakty (changelog, měsíční komentář se seznamem nálezů), aby práce nebyla neviditelná",no,Očekávání „po nastavení to má fungovat“ jako bariéra prodeje,EG8-019
NG8-004,2026-09-04,US,eshop_mid,forum,https://www.reddit.com/r/GoogleAnalytics/comments/1tdqyma/my_biggest_issue_with_ga_and_some_solutions/,"And Google's GA insights alerts are very anemic and spotty and have barely found any issues that are obvious if you look at even a day of data … ""Anomaly in key events"" is so damn broad. I just want something simple like item views or carts not happening or being much lower",en,Analytik spravující desítky webů se spoléhal na vestavěné GA4 Insights alerty,tool_noise,ručně při pohledu na denní data; alerty nic nenašly,neuvedeno (alert neproběhl vůbec),"Falešný pocit pokrytí – klient i agentura si myslí, že alerting funguje","Vlastní prahy na konkrétní eventy (item views, add_to_cart, purchase) místo generického „anomaly in key events“",no,Nativní alerting GA4 nestačí,EG8-020
NG8-005,2026-09-04,US,eshop_mid,forum,https://www.reddit.com/r/GoogleAnalytics/comments/1vmb41m/how_do_you_catch_ga4_tracking_breaks_before_a/,"Off the top of my head, carts were broken and it didn't trigger a key event drop. … Plus it didn't trigger a revenue anomaly either. … We could use a more automated way but add it to the list of things that don't fit into the budget",en,In-house analytik; rozbily se košíky na e-shopu,release_web,"ručně; ani alert na klíčovou událost, ani anomálie tržeb se nespustily",neuvedeno,Ztráta dat o košících a tržbách bez jakéhokoli varování; automatizovanější monitoring „nevejde do rozpočtu“,Samostatný denní práh na add_to_cart a purchase; rekonciliace tržeb proti backendu,no,Nativní alerting GA4 nestačí + rozpočtová bariéra,EG8-023
NG8-006,2026-09-04,US,agency,forum,https://www.reddit.com/r/GoogleAnalytics/comments/1vmb41m/how_do_you_catch_ga4_tracking_breaks_before_a/,"I've had cases where I was halfway through a report and realized a conversion tag had quietly stopped firing, which turns a 30-minute report into a couple hours of troubleshooting pretty fast. … usually after a site update or someone changes something in GTM and nobody realizes tracking got hit.",en,"Agentura sestavuje měsíční report pro klienta a v půli zjistí, že konverzní tag tiše přestal fungovat",gtm_change_dev,náhodou při stavbě měsíčního reportu,do měsíce (do dalšího reportu),Z 30minutového reportu se stane několikahodinové ladění; report jde ven se známě nekompletními daty,Denní kontrola konverzních eventů; alert do 24 h místo nálezu při reportu,no,Odhaleno až při reportu,EG8-024
NG8-007,2026-09-04,US,b2b_leadgen,forum,https://www.reddit.com/r/GoogleAnalytics/comments/1vmb41m/how_do_you_catch_ga4_tracking_breaks_before_a/,"I'd split an event by landing page instead of page path, so anyone who entered on one section and used another quietly fell out: 817 recorded where the real number was 1,024, for about three weeks, with the daily line looking completely normal. What found it was the BigQuery export disagreeing with the Data API.",en,Chybná dimenze v definici eventu (landing page místo page path) tiše odřízla část konverzí,ga4_change,nesoulad mezi exportem do BigQuery a Data API při kontrole jiné metriky,3 týdny,"817 zaznamenaných místo 1 024 skutečných (−20 % v dotčené sekci, −3,6 % celkově); denní křivka vypadala normálně, takže žádný práh na objem by to nechytil","Druhý nezávislý zdroj pravdy (BQ export vs. Data API) a re-derivace čísla z raw eventů, jakmile začne řídit rozhodování",yes,Tichá částečná ztráta pod prahem alertu,EG8-025
NG8-008,2026-09-04,US,unknown,forum,https://www.reddit.com/r/GoogleAnalytics/comments/1vmb41m/how_do_you_catch_ga4_tracking_breaks_before_a/,"saw a thread where someone's GA4 tag was silently broken for 2 weeks and only caught it while pulling a report. curious how common that actually is — do you have some kind of monitoring/alert set up, or is it usually just caught by accident when the numbers look off?",en,Zadání celého vlákna: GA4 tag byl dva týdny tiše rozbitý a odhalil se až při stavbě reportu,unknown_owner,náhodou při reportu („caught by accident when the numbers look off“),2 týdny,"Dva týdny dat bez klíčového tagu; v diskusi nikdo neuvedl, že by měl systematický monitoring nasazený u všech klientů",Denní automatická kontrola s prahem + jasný adresát alertu,no,Tiché rozbití odhalené při reportu,EG8-022
NG8-009,2026-09-04,US,unknown,forum,https://www.reddit.com/r/GoogleAnalytics/comments/1v02zw4/ga4_isnt_a_problem_most_businesses_are_under/,Then GA4 gets blamed because: Conversions do not match advertising platforms; Direct and Unassigned traffic are too high; Attribution does not make sense; Reports are inconsistent; Nobody trusts the data; The team does not know how to use the platform,en,"Konzultant shrnuje, co firmy typicky přisuzují GA4, ačkoli jde o důsledek podinvestované měřicí vrstvy",revenue_mismatch,"projeví se jako nedůvěra v data, ne jako konkrétní incident",neuvedeno (chronický stav),Nikdo datům nevěří; firma zvažuje výměnu nástroje místo opravy měření,"Měřicí plán jako živý dokument, průběžná validace a jasné vlastnictví; rekonciliace GA4 vs. ad platformy",no,"Nedůvěra v data jako projev, ne příčina",EG8-027
NG8-010,2026-09-04,US,unknown,forum,https://www.reddit.com/r/GoogleAnalytics/comments/1v02zw4/ga4_isnt_a_problem_most_businesses_are_under/,"I've seen way too many setups where GA4 is fine but nothing's actually firing into Google Ads, and the numbers stay weirdly low. People always blame GA4 when it's really the conversion event setup or consent/UTM details messing things up.",en,"GA4 měří správně, ale konverze se nepropisují do Google Ads",ad_platform_change,nepozná se přímo; projeví se jako „nějak nízká čísla“ v Ads,neuvedeno,Smart Bidding optimalizuje na podhodnocené konverze; vina se svaluje na GA4,Měsíční kontrola importu konverzí do Ads a enhanced conversions proti GA4 (aktivita D1),no,Rozpojení GA4 a ad platforem,EG8-028
NG8-011,2026-09-04,US,eshop_mid,forum,https://www.reddit.com/r/GoogleAnalytics/comments/1rjmuv2/how_accurate_is_your_ga4_data_really_whats_your/,A stable 12% gap you can explain is infinitely more useful than a gap that swings between 8% and 25% month to month. Consistency is the real benchmark. Volatility is the real warning sign.,en,"Diskuse o tom, jaká odchylka GA4 vs. backend je ještě v pořádku",revenue_mismatch,měsíční kontrola proti objednávkám v backendu,do měsíce,"Kolísající odchylka znamená, že se něco rozbilo; stabilní odchylku lze klientovi vysvětlit a pracovat s ní","Stanovit baseline odchylky na začátku spolupráce a hlídat její pohyb, ne absolutní hodnotu",optional,Nestabilní odchylka jako indikátor rozbití,EG8-040
NG8-012,2026-09-04,US,eshop_mid,forum,https://www.reddit.com/r/GoogleAnalytics/comments/1rn0ggg/has_anyone_found_a_reliable_way_to_validate_ga4/,"if u're seeing 10%+ consistently, something is broken or you're double firing. server-side can help reduce browser closed before thank you loss, but only if u dedupe properly using transaction id and you don't create two purchases for the same order. otherwise it just moves the problem.",en,E-shopy s rozdílem mezi GA4 a objednávkami v backendu; nasazení server-side tagování jako pokus o řešení,revenue_mismatch,srovnání GA4 purchase eventů s exportem objednávek po transaction_id,neuvedeno; bez automatizace se drift neodhalí včas,"Trvalý rozdíl 10 %+ znamená buď ztrátu, nebo dvojí měření; server-side bez deduplikace problém jen přesune",Denní report backend orders / GA4 matched / GA4 extra / missing po transaction_id,optional,Rozjetá čísla GA4 vs. backend,EG8-038
NG8-013,2026-09-04,US,eshop_large,forum,https://www.reddit.com/r/GoogleAnalytics/comments/1rjmuv2/how_accurate_is_your_ga4_data_really_whats_your/,"I've seen such a massive drop off with one of clients - like 90% at least - and it's across every channel. Organic sessions are like maybe 1/5th the clicks we see in GSC, and the gap with PPC is even bigger. Although the revenue tracking is nearingly 100% correct which is puzzling.",en,"U klienta chybí ~90 % sessions napříč všemi kanály, organic je 1/5 prokliků z GSC, ale tržby sedí téměř přesně",consent_change,srovnání GA4 se Search Console a s reklamními platformami,neuvedeno,"Kanálová data jsou nepoužitelná pro rozhodování, i když tržby vypadají správně; agentura problém neřeší, protože „klient vydělává víc než kdy dřív“",Kontrola pokrytí session_start vs. prokliky v GSC/Ads jako samostatný denní ukazatel,no,"Rozbité měření tolerované, protože obchod jde",EG8-040
NG8-014,2026-09-04,US,agency,forum,https://www.reddit.com/r/GoogleAnalytics/comments/1soc0r5/how_to_diagnose_ga4_when_something_looks_wrong/,the slow leaks (data that gradually degrades over weeks until someone looks at a trend line and realizes the numbers have been quietly wrong for a long time) … most teams don't have a reliable changelog. Development deploys happen without analytics sign-off. GTM changes are made without documentation.,en,Auditor s 13 lety praxe popisuje dvě třídy problémů a hlavní překážku diagnostiky,gtm_change_dev,náhodným pohledem na trend; bez changelogu se příčina hledá tříděním GTM podle data poslední změny,týdny („quietly wrong for a long time“),"Diagnostika trvá déle, protože chybí záznam změn; nasazení jde ven bez schválení analytiky",Changelog GTM a releasů jako standardní součást služby; analytický sign-off před nasazením,no,Chybějící changelog jako násobič doby do opravy,EG8-042
NG8-015,2026-09-04,EU,eshop_large,forum,https://www.reddit.com/r/PPC/comments/19epd82/recovery_time_agency_responsible_messed_up_roas/,"recently discovered two conversions were set as primary (GA4 + Google Ads tag). Google ads has combined both conversion values. I believe this may have been since rolling out GA4 about 8 months ago. … The agency, however was using to Google Ads conversion value showing 12x ROAS",en,Po přechodu na GA4 zůstaly aktivní dvě primární konverze (import z GA4 i Ads tag); Google Ads sčítal obě hodnoty a vykazoval dvojnásobný ROAS,ad_platform_change,"klient si toho všiml sám při srovnání vlastního Looker Studio reportu a GA4 s tím, co reportovala agentura",8 měsíců,"ROAS vykazován 12× místo skutečných 4×; na základě toho zdvojnásoben rozpočet z 12 000 na 24 000 GBP měsíčně (300 tis. → 600 tis. Kč); průměrné CPC vzrostlo z 0,45 na 0,68 GBP; náprava podle komunity trvá 4–6 týdnů až měsíce","Měsíční kontrola, které konverzní akce jsou v Ads primární, a rekonciliace hodnoty konverzí Ads vs. GA4 vs. backend",no,Nadhodnocené měření vede k přeinvestování,EG8-049;EG8-050
NG8-016,2026-09-04,US,eshop_mid,forum,https://www.reddit.com/r/PPC/comments/19epd82/recovery_time_agency_responsible_messed_up_roas/,"This happened to me across multiple ecommerce accounts, but I caught it within a couple of weeks. GA4 automatically added purchases as a conversion to all our accounts, after we had already switched to using the Google Ads tag for everything. … The only reason I caught this was so quickly we because I was monitoring updates to our enhanced conversions settings.",en,"Google sám automaticky migroval konverze z UA do GA4 a přidal purchase jako konverzi do účtů, které už používaly Ads tag – vzniklo dvojí měření",ad_platform_change,"jen proto, že agentura sledovala změny v nastavení enhanced conversions",dva týdny (v jiném účtu ve stejném vlákně 8 měsíců),"Dvojí započítání nákupů napříč několika e-shopovými účty; museli ručně vrátit vše, co Google automaticky nastavil",Sledování změn v nastavení konverzí a enhanced conversions jako pravidelná měsíční kontrola (aktivita C6/D1),no,Změna na straně platformy bez zásahu klienta,EG8-050
NG8-017,2026-09-04,US,b2b_leadgen,forum,https://www.reddit.com/r/PPC/comments/1ovnpi0/broken_conversion_tracking_ruined_performance_help/,"I have a finance client whose conversion tracking broke in September for 30+ days. … I have been able to get some conversions, around 1 a day, but they were previously seeing 5-10 leads/day. CPC's & CPL's have also increased quite drastically.",en,Finanční klient měl rozbité konverzní měření přes 30 dní; nové agentuře se ho podařilo opravit až koncem října,unknown_owner,až při převzetí účtu novým správcem,30+ dní,"Propad z 5–10 leadů denně na 1 lead denně i po opravě, protože Smart Bidding se přeučil na rozbitá data; CPC a CPL výrazně vzrostly; náprava vyžadovala data exclusions přes celé rozbité období",Denní alert na propad konverzního eventu a okamžitá oprava; při delším výpadku nastavit data exclusions v Ads,no,Škoda pokračuje i po opravě (přeučené bidding),EG8-051
NG8-018,2026-09-04,US,eshop_mid,forum,https://www.reddit.com/r/PPC/comments/1ovnpi0/broken_conversion_tracking_ruined_performance_help/,"The client updated their website where it became super restrictive where it wouldn't allow 95% of any traffic to access the website. Their web dev implemented a security ""feature"" and didn't told him. He informed his client when he noticed a significant drop in performance. Client said it was the new feature and just said to continue the ads. Lasted for more than a month",en,"Vývojář klienta nasadil bezpečnostní prvek, který zablokoval 95 % návštěvnosti, a nikomu to neřekl",release_web,"správce kampaní si všiml propadu výkonu a zeptal se; klient odpověděl, že je to nová funkce, a nechal kampaně běžet",více než měsíc do nápravy,"Kampaně „v troskách“; ani návrat k max clicks nepomohl, dokud se nepoužily data exclusions",Koordinace releasů (aktivita H1) a alert na propad session_start ve vazbě na release,no,Zásah vývojáře bez informování marketingu,EG8-051
NG8-019,2026-09-04,US,eshop_mid,forum,https://www.reddit.com/r/PPC/comments/1smhl9c/career_question_broken_tracking_affecting_bonus/,"a dev trying to update consent settings broke conversion tracking, for the whole website. We're looking at a 7 day gap with limited to no conversion tracking. No conversions in any ad dashboard, no conversion events in GA4, even with UTM parameters. … I have a week's worth of spend at bottom of the barrel ROAS. I have no reason to believe that orders weren't coming in, I just can't prove attribution.",en,Vývojář upravoval nastavení souhlasu a rozbil konverzní měření na celém webu,consent_change,in-house specialista si všiml chybějících konverzí ve všech reklamních rozhraních,7 dní,"Týden spendu bez měřitelných konverzí; nadřízený trvá na reportování dat „jaká jsou“, takže výpadek jde k tíži kvartálního bonusu specialisty vázaného na ROAS","QA consentu po každém zásahu do CMP; alert na nulové konverze do 24 h; changelog, kterým se dá výpadek doložit vedení",no,Změna consentu vývojářem,EG8-052
NG8-020,2026-09-04,US,eshop_mid,forum,https://www.reddit.com/r/GoogleTagManager/comments/1qi3v21/google_ads_purchase_tags_stuck_on_still_running/,"Old UA-style nested objects in the ""Items"" field … seem to be causing a deadlock in the Google Ads event processor. Even if it worked for years, it now causes the tag to hang indefinitely without failing.",en,Google v lednu 2026 tiše přestal v gtag.js podporovat staré vnořené UA struktury ecommerce dataLayeru,ad_platform_change,"jen v GTM Preview, kde tag zůstal viset ve stavu „Still running“; tag nespadl, takže žádná chyba se nikde neobjevila",neuvedeno; postiženy setupy fungující roky,Konverzní tagy Google Ads přestaly odesílat nákupy u starších e-shopových implementací; bez chybové hlášky,"Sledování změn platforem a QA e-commerce eventů po každé změně gtag.js; tag monitoring, který hlásí i tagy, které se nedokončily",no,Tichá změna na straně Googlu bez oznámení,EG8-053
NG8-021,2026-09-04,US,unknown,forum,https://www.reddit.com/r/GoogleAnalytics/comments/1p21vjp/ga_tracking_broke_after_layout_update_realtime/,"One of my clients recently updated their website design (same URL, only the layout changed). Ever since the redesign, we've seen a massive drop in visits and events. Google Analytics is still receiving data, but very little. After digging into it, we noticed the GA tag isn't installed on several pages.",en,Redesign webu beze změny URL; nová šablona přestala vkládat GA tag na část typů stránek,release_web,"až podle propadu návštěv a eventů, pak ručně přes Tag Assistant",neuvedeno; „ever since the redesign“,"Velký propad měřených návštěv a eventů; historická data se nedoplní; po opravě trvá 24–48 h, než se data srovnají","QA po releasu na 10–15 URL napříč typy šablon (blog, produkt, kategorie), ne jen na homepage",no,Release rozbil tag jen na části šablon,EG8-056
NG8-022,2026-09-04,EU,eshop_mid,forum,https://www.reddit.com/r/GoogleTagManager/comments/1v3aex7/sgtm_sudden_drop_in_capi_events/,"about 10 days ago we noticed a sudden and notable drop in our CAPI numbers for almost all events, down to about 1/3 of their previous values. Importantly, the Pixel events have stayed completely stable throughout … There were no GTM changes prior to the drop",en,"E-shop s duálním měřením Pixel + CAPI přes server-side GTM do Meta, Redditu, Pinterestu",ad_platform_change,srovnáním počtu CAPI eventů s pixel eventy,10 dní,"CAPI eventy klesly na třetinu u téměř všech událostí kromě purchase; kvalita párování a tím i optimalizace kampaní na Meta se zhoršuje, aniž by cokoli hlásilo chybu (platforma vrací HTTP 200 a event tiše zahodí)","Denní srovnání objemu pixel vs. CAPI eventů po jednotlivých událostech; monitoring, který sleduje spárování na straně platformy, ne jen doručení requestu",no,Tiché zahození eventu na straně platformy (HTTP 200),EG8-057
NG8-023,2026-09-04,US,unknown,forum,https://www.reddit.com/r/GoogleTagManager/comments/1ryxkid/solo_dev_managing_gtm_across_5_sites_my_container/,"I genuinely couldn't tell which ones were live, which were deprecated, or why past-me made three versions of the same tag.",en,"Jeden vývojář spravuje GTM kontejnery na 5+ vlastních webech; v jednom kontejneru vznikly tagy „GA4 - NEW (use this one)“, „GA4 test IGNORE“ a další verze",unknown_owner,"při pokusu o úpravu; nikdo neví, co je živé",neuvedeno (chronický stav),"Strach cokoli měnit; ruční tabulka jako náhrada za changelog; riziko, že se vypne živý tag nebo zůstane běžet duplicitní","Verzování a popisy verzí GTM, changelog a kvartální úklid mrtvých tagů (aktivity A3, A6)",no,"Nikdo neví, co který tag dělá",EG8-058
NG8-024,2026-09-04,US,b2b_leadgen,forum,https://www.reddit.com/r/GoogleAnalytics/comments/1v2x7df/psa_generate_lead_without_value_currency_stopped/,"Since the April GA4 update, generate_lead requires both the value and currency parameters to be populated for the event to qualify as a Key Event. If either is missing, the event still fires normally. You see it in DebugView, you see it in reports, and nothing looks wrong. But it stops counting as a conversion. … The failure is completely silent. We've now seen this in multiple audits where campaigns had been drifting for weeks before anyone caught it.",en,Dubnová změna GA4 (2026) zpřísnila podmínky pro generate_lead jako klíčovou událost: bez parametrů value a currency se přestane počítat jako konverze,ga4_change,jen při auditu; v DebugView i v reportech vypadá vše správně,týdny („campaigns had been drifting for weeks“),"Import konverzí do Google Ads přestane dostávat signál, Smart Bidding nemá optimalizační cíl; postiženo více klientů auditora","Sledování změn GA4 za klienta a měsíční kontrola, že klíčové události skutečně počítají konverze a že import do Ads chodí",no,Tichá změna GA4 bez viditelného příznaku,EG8-062;EG8-063
NG8-025,2026-09-04,US,agency,forum,https://www.reddit.com/r/GoogleAnalytics/comments/188dl69/do_you_use_any_tools_for_monitoring_anomalies_in/,"There are tools but this is a very nuanced topic because ""anomalies"" are so subjective. … your best bet is to figure out what is anomaly in your data. … Then figure out what tool you can buy or build",en,Uživatel hledá nástroj na automatické hlídání anomálií v GA datech,tool_noise,nedostal odpověď v podobě hotového nástroje; jediná nabídnutá cesta jsou vestavěné GA4 Insights,neuvedeno,"Bez definovaných prahů pro konkrétní byznys je alerting buď hluchý, nebo zahlcuje; nástroj tuhle práci neudělá","Nastavení prahů na konkrétní eventy a kanály jako součást onboardingu služby, ne jako funkce nástroje",no,Nástroj bez prahů nic nevyřeší,EG8-065
