id,date_accessed,region,country,provider,provider_type,service_name_verbatim,pricing_model,tier_name,price_original,currency,period,price_czk_month,hours_included,properties_included,platforms_included,response_time,requires_bq,scope_notes,source_url,evidence_id
PK7-001,2026-09-06,EU,ES,Amplio Data,analytics_agency,Maintained,tiered,Maintained,From €660 per month,EUR,mesic,16500,neuvedeno (zadne hodiny v cene),1,"GA4, GTM, sGTM (Stape), Consent Mode v2, enhanced conversions, API integrace","neuvedeno (72 h je doba nasazeni, ne reakcni doba)",no,OPRAVA P4-035/P5-030 (drive 700-1200 EUR): ceníková cena k 2026-09-06 je 'From €660 per month'. Zadne hodiny v cene. 'Cancel any time after month one'. Kurz 1 EUR = 25 Kc.,https://www.ampliodata.io/pricing,EK7-003
PK7-002,2026-09-06,EU,ES,Amplio Data,analytics_agency,Managed,tiered,Managed,From €1697 per month,EUR,mesic,42425,neuvedeno (zadne hodiny v cene),1,"+ CRM, BigQuery DWH, AI anomaly detection, tydenni digest, dedicated senior analyst + engineer, kvartalni review",neuvedeno,yes,"OPRAVA P4-036/P5-031 (drive 1800+ EUR): ceníková cena k 2026-09-06 je 'From €1697 per month'. Rozestup Maintained->Managed = 2,57x. 'We recommend 12 months on Managed'. Kurz 1 EUR = 25 Kc.",https://www.ampliodata.io/pricing,EK7-003
PK7-003,2026-09-06,EU,DE,BuI Hinsche,analytics_agency,Shop-Betreuung – Basis,tiered,Basis,ab 599 €,EUR,mesic,14975,3 h/mesic (3 Stunden Anpassungs-Budget / Monat),1 e-shop,Shopware/Shopify vc. GTM+GA4 trackingu,Reaktion in 1 Werktag (Fehler-Tickets in 1 Werktag),no,"NOVY SUBJEKT. Sousedni obor (sprava e-shopu vc. trackingu), ale JEDINA nalezena verejna kombinace hodiny+SLA+rozestupy. V cene: mesicni bezpecnostni updaty, monitoring, 3 h uprav, kvartalni review videem. Prekroceni hodin: dle skutecneho uctovani po odsouhlaseni cenoveho ramce. Nevycerpane hodiny prechazi v ramci ctvrtleti. 3 mesice pilot mesicne vypoveditelny, pak 12 mesicu s automatickou prolongaci. Reakcni doba se meri v okne Po-Ct 10-12 a 13-16 h. Kurz 1 EUR = 25 Kc.",https://www.bui-hinsche.com/betreuung,EK7-023
PK7-004,2026-09-06,EU,DE,BuI Hinsche,analytics_agency,Shop-Betreuung – Professional,tiered,Professional,ab 1.450 €,EUR,mesic,36250,8 h/mesic (8 Stunden Entwicklungs-Budget / Monat),1 e-shop,Shopware/Shopify vc. GTM+GA4 trackingu; + performance monitoring,Reaktion in 4 Stunden (werktags; o vikendu do 24 h),no,"NOVY SUBJEKT. Nad Basis: 8 h misto 3 h, reakce 4 h misto 1 pracovniho dne, mesicni review + roadmap, primy Slack/Teams kanal na vyvojarsky tym. Rozestup Basis->Professional = 2,42x pri 2,67x hodin. Stejne podminky pretecen a zavazku jako Basis. Kurz 1 EUR = 25 Kc.",https://www.bui-hinsche.com/betreuung,EK7-023
PK7-005,2026-09-06,EU,DE,BuI Hinsche,analytics_agency,Shop-Betreuung – Enterprise,tiered,Enterprise,individuell,EUR,mesic,,Budget nach Bedarf,vice e-shopu / B2B,Shopware/Shopify vc. GTM+GA4 trackingu,SLA unter 1 Stunde; 24/7 SLA,no,"NOVY SUBJEKT. Nejvyssi tier je 'na dotaz', ale SLA je publikovana jako cislo: pod 1 hodinu, 24/7, kvartalni strategicke workshopy na miste. Scope=individualni. Kurz 1 EUR = 25 Kc.",https://www.bui-hinsche.com/betreuung,EK7-023
PK7-006,2026-09-06,EU,DE,BuI Hinsche,saas_tool,Shopware plugin: Google Tag Manager + GA4 E-Commerce Tracking,saas,mesicni,"7,90 €",EUR,mesic,198,0 (jen podpora),1 Shopware shop,"GTM, GA4 e-commerce dataLayer",Antwort werktags innerhalb 4 Stunden (Slack/Teams),no,"Extremni kotva pro cenu reakcni doby: 4 h reakce v pracovni dny za 198 Kc/mes. Rozsah je vsak jen plugin, ne mereni jako celek. Rocni varianta 89,90 EUR (=187 Kc/mes). Kurz 1 EUR = 25 Kc.",https://www.bui-hinsche.com/plugins/google-tag-manager-ga4-e-commerce-tracking/,EK7-025
PK7-007,2026-09-06,UK,GB,Measurelab Limited,analytics_agency,"Credits (1 credit = 1 hour) – Monthly SOW, 10-34 credits",retainer_hours,Monthly SOW 10-34 kreditu,£150 za kredit,GBP,mesic,43500,10 h (minimum pasma 10-34 kreditu; 1 kredit = 1 hodina),neuvedeno,"GA4, GTM, sGTM, BigQuery, Looker Studio","Within 24 hours, 09:00-17:30 weekdays (G-Cloud)",optional,"DOPLNENI hodin a SLA k PV2-001/002: nejdrazsi varianta (mesicni SOW, nejmensi objem). Do 20 % nevycerpanych kreditu prechazi do dalsiho mesice, dobiti kdykoliv. Vypocet: 10 kreditu x 150 GBP x 29 Kc. Kurz 1 GBP = 29 Kc.",https://assets.applytosupply.digitalmarketplace.service.gov.uk/g-cloud-14/documents/714732/542682200642400-pricing-document-2024-05-03-1550.pdf,EK7-017
PK7-008,2026-09-06,UK,GB,Measurelab Limited,analytics_agency,"Credits (1 credit = 1 hour) – Annual SOW, 10-34 credits",retainer_hours,Annual SOW 10-34 kreditu,£130 za kredit,GBP,mesic,37700,10 h (1 kredit = 1 hodina),neuvedeno,"GA4, GTM, sGTM, BigQuery, Looker Studio","Within 24 hours, 09:00-17:30 weekdays (G-Cloud)",optional,Rocni zavazek snizuje sazbu ze 150 na 130 GBP/kredit (-13 %). Vypocet: 10 x 130 x 29. Kurz 1 GBP = 29 Kc.,https://assets.applytosupply.digitalmarketplace.service.gov.uk/g-cloud-14/documents/714732/542682200642400-pricing-document-2024-05-03-1550.pdf,EK7-017
PK7-009,2026-09-06,UK,GB,Measurelab Limited,analytics_agency,"Credits (1 credit = 1 hour) – Annual SOW, 70+ credits",retainer_hours,Annual SOW 70+ kreditu,£120 za kredit,GBP,mesic,243600,70 h (1 kredit = 1 hodina),neuvedeno,"GA4, GTM, sGTM, BigQuery, Looker Studio","Within 24 hours, 09:00-17:30 weekdays (G-Cloud)",optional,Nejnizsi sazba za kredit (120 GBP) jen pri 70+ kreditech a rocnim zavazku. Vypocet: 70 x 120 x 29. Kurz 1 GBP = 29 Kc.,https://assets.applytosupply.digitalmarketplace.service.gov.uk/g-cloud-14/documents/714732/542682200642400-pricing-document-2024-05-03-1550.pdf,EK7-017
PK7-010,2026-09-06,EU,DE,ADS-Tracking.de,analytics_agency,Server-Side Tracking Agentur – Small,tiered,Small,449 €,EUR,mesic,11225,"10 h/ROK = 0,83 h/mesic (10 Std. Support / Jahr)",1,GA4 + ad platformy,neuvedeno,no,"DOPLNENI hodin k P4-004: hodinova dotace je ROCNI, ne mesicni. 12 Monate Mindestlaufzeit, Zahlung im Voraus für die Laufzeit. Reakcni doba na strance neni. Kurz 1 EUR = 25 Kc.",https://ads-tracking.de/preise,EK7-001
PK7-011,2026-09-06,EU,DE,ADS-Tracking.de,analytics_agency,Server-Side Tracking Agentur – Middle,tiered,Middle,799 €,EUR,mesic,19975,"20 h/ROK = 1,67 h/mesic (20 Std. Support / Jahr)",1,GA4 + ad platformy,neuvedeno,no,DOPLNENI hodin k P4-005. 12 mesicu zavazek placeny predem. Kurz 1 EUR = 25 Kc.,https://ads-tracking.de/preise,EK7-001
PK7-012,2026-09-06,EU,DE,ADS-Tracking.de,analytics_agency,Server-Side Tracking Agentur – Max,tiered,Max,1.299 €,EUR,mesic,32475,"30 h/ROK = 2,5 h/mesic (30 Std. Support / Jahr)",1,GA4 + ad platformy,neuvedeno,no,DOPLNENI hodin k P4-006. Basic (179 EUR) a Starter (299 EUR) nemaji ZADNE hodiny podpory. 12 mesicu zavazek placeny predem. Kurz 1 EUR = 25 Kc.,https://ads-tracking.de/preise,EK7-001
PK7-013,2026-09-06,CZ,CZ,RobertNemec.com,analytics_agency,Měsíční práce na webové analytice – vstupní,fixed_package,od,9 250 Kč,CZK,mesic,9250,"5,0 h (odvozeno presne: 9 250 / 1 850 Kc/h, obe cisla na tomtez radku ceniku)",neuvedeno,"GA4, GTM",neuvedeno,no,DOPLNENI hodin k P2-001. Overeno v raw HTML 2026-09-06. Zavazek ani vypovedni lhuta na strance nejsou. Reakcni doba neuvedena.,https://robertnemec.com/umime/digitalni-analytika/webova-analytika/,EK7-013
PK7-014,2026-09-06,CZ,CZ,RobertNemec.com,analytics_agency,Měsíční práce na webové analytice – nejběžnější,fixed_package,nejběžnější,18 500 Kč,CZK,mesic,18500,"10,0 h (odvozeno presne: 18 500 / 1 850 Kc/h)",neuvedeno,"GA4, GTM",neuvedeno,no,DOPLNENI hodin k P2-002. Overeno v raw HTML 2026-09-06.,https://robertnemec.com/umime/digitalni-analytika/webova-analytika/,EK7-013
PK7-015,2026-09-06,CZ,CZ,RobertNemec.com,analytics_agency,Měsíční práce na webové analytice – vyšší běžná cena,fixed_package,vyšší běžná,31 200 Kč,CZK,mesic,31200,"~16,9 h (odvozeno: 31 200 / 1 850 Kc/h)",neuvedeno,"GA4, GTM",neuvedeno,no,OPRAVA STATUSU P2-003: 2. kolo radek oznacilo jako superseded (v curl vyrezu nepotvrzen). K 2026-09-06 je castka 31 200 Kc PROKAZATELNE v raw HTML stranky ve vete s ostatnimi dvema. Radek patri zpet mezi platne.,https://robertnemec.com/umime/digitalni-analytika/webova-analytika/,EK7-013
PK7-016,2026-09-06,GLOBAL,,ga4monitor.com,saas_tool,GA4 Monitor – Agency,saas,Agency,$499/month,USD,mesic,11477,0 (jen priority e-mail podpora),30 GA4 properties,GA4,Dedicated email support with a 24-hour response SLA,no,DOPLNENI SLA k PV4-003: 24hodinova reakcni doba je JEN v Agency tieru; Starter (667 Kc) a Pro (2 277 Kc) ji nemaji. Zrusit lze kdykoliv z dashboardu. Kurz 1 USD = 23 Kc.,https://ga4monitor.com/,EK7-016
PK7-017,2026-09-06,US,US,Elevar (Audiense Online),analytics_agency,Analyst Services – Tier 1,fixed_package,Analyst services Tier 1,+$500/month,USD,mesic,11500,3 pozadavky/mesic (Up to 3 analyst requests/month),1 ucet,"GA4, Meta, Google Ads",Standard (within 24h) u tieru Core/Advanced,no,"DOPLNENI SLA k PV3-005/PV4-009: reakcni doba je vazana na tier NASTROJE, ne na lidsky add-on. 3 833 Kc za pozadavek. Kurz 1 USD = 23 Kc.",https://www.audiense.com/products/audiense-online/pricing/,EK7-021
PK7-018,2026-09-06,US,US,Elevar (Audiense Online),analytics_agency,Analyst Services – Tier 2,fixed_package,Analyst services Tier 2,+$1000/month,USD,mesic,23000,10 pozadavku/mesic (Up to 10 analyst requests/month),1 ucet,"GA4, Meta, Google Ads",Priority (within 12h) u tieru Premium/Elite,no,"DOPLNENI SLA k PV3-006/PV4-010. Rozestup Tier1->Tier2 = 2,0x pri 3,33x objemu; cena za pozadavek klesa z 3 833 na 2 300 Kc (-40 %). Kurz 1 USD = 23 Kc.",https://www.audiense.com/products/audiense-online/pricing/,EK7-021
