visibility.cz	digitální marketingová agentura	250	50	197			https://www.visibility.cz/	local+informational+commercial	cs
visibility.cz	seo agentura	900	4	337			https://www.visibility.cz/seo/	local+informational+commercial	cs
visibility.cz	seo agentura praha	900	5	406			https://www.visibility.cz/seo/	local+informational+commercial	cs
visibility.cz	visibility	150	2	81	88	1	https://www.visibility.cz/	branded+local+navigational+informational+commercial	cs
visibility.cz	digitální agentura praha	250	34	120			https://www.visibility.cz/	local+informational+commercial	cs
visibility.cz	rtb marketing	200	0	55			https://www.visibility.cz/kdy-je-ten-pravy-cas-pro-rtb-reklamu/	informational+commercial	cs
visibility.cz	marketingová agentura praha	200	53	208	36	5	https://www.visibility.cz/	local+informational+commercial	cs
visibility.cz	marketingové agentury	300	48	188	35	5		local+informational+commercial	cs
visibility.cz	specialista seo	700	0	1014	25	8		informational+commercial	cs
visibility.cz	visibility digital	60	1		21	1	https://www.visibility.cz/	branded+local+informational+commercial	cs
visibility.cz	seo audit	450	82	130	20	4		informational+commercial	cs
visibility.cz	utm	600	68	31			https://www.visibility.cz/utm-parametry-co-jsou-zac-k-cemu-slouzi-a-jak-je-pouzivat/	informational	cs
visibility.cz	online marketingová agentura	90	36	224			https://www.visibility.cz/	local+informational+commercial	cs
visibility.cz	lokální seo	600	0	106			https://www.visibility.cz/10-tipu-na-lokalni-seo-s-vyuzitim-ai-umele-inteligence/	informational+commercial	cs
visibility.cz	digital agency	100	46	67			https://www.visibility.cz/	local+informational+commercial	cs
visibility.cz	ppc audit	400	0	571			https://www.visibility.cz/seo-a-ppc-o-cem-to-je-to-je/	informational+commercial	cs
visibility.cz	marketing blog	60	1	24			https://www.visibility.cz/blog/	informational+commercial	cs
visibility.cz	blog marketing	60	1	24			https://www.visibility.cz/blog/	informational+commercial	cs
visibility.cz	seo firma	400	3	218			https://www.visibility.cz/seo/	local+informational+commercial	cs
visibility.cz	data restart	150	0				https://www.visibility.cz/data-restart-skvela-konference-navzdory-iac/	branded+informational+commercial	cs
visibility.cz	marketingové agentury praha	20	33	133			https://www.visibility.cz/	local+informational+commercial	cs
visibility.cz	online marketing kurz zdarma	100	0	41			https://www.visibility.cz/chcete-pracovat-v-online-marketingu-udelejte-si-zadarmo-tyto-3-certifikaty/	informational+commercial	cs
visibility.cz	ppc specialista junior	150	0	39			https://www.visibility.cz/ppc-specialista-junior/	informational	cs
visibility.cz	ppc specialist	80	0	74	6	3	https://www.visibility.cz/ppc-specialista/	local+informational+commercial	cs
visibility.cz	marketingova agentura	700	61	289	6	17	https://www.visibility.cz/	local+informational+commercial	cs
visibility.cz	digital turbine	30	7	43			https://www.visibility.cz/digital-turbine-jako-exkluzivni-dodavatel-efektivni-reklamy-v-mobilnich-hrach/	branded+navigational+informational+commercial	cs
visibility.cz	seo - audity	350	68	257	5	11		informational+commercial	cs
visibility.cz	co je twitch	300	0				https://www.visibility.cz/twitch-uz-neoslovuje-jen-deti-nakup-reklamy-ma-ale-sva-specifika/	branded+informational	cs
visibility.cz	porno reklamy	40	0				https://www.visibility.cz/inzerce-na-pornhubu-trafficjunky-radi-poradi/	informational	cs
visibility.cz	utm parametry	150	0	13			https://www.visibility.cz/utm-parametry-co-jsou-zac-k-cemu-slouzi-a-jak-je-pouzivat/	informational+commercial	cs
visibility.cz	online marketing agency	30	26				https://www.visibility.cz/	local+informational+commercial	cs
visibility.cz	komprimace obrázků	90	1				https://www.visibility.cz/jak-a-proc-komprimovat-obrazky-na-web/	informational+commercial	cs
visibility.cz	programatická reklama	100	0	54	2	10		informational+commercial	cs
visibility.cz	seo článek	150	0	94			https://www.visibility.cz/jak-napsat-skvely-seo-clanek-rady-od-visi-copywritera/	informational	cs
visibility.cz	jak si na facebooku změnit jméno	30	0				https://www.visibility.cz/heureka-nazev-stranky-na-facebooku-lze-nyni-zmenit-bez-omezeni/	branded+informational	cs
visibility.cz	business development	150	0	30	2	9	https://www.visibility.cz/kariera-detail/business-development-manager/	informational+commercial	cs
visibility.cz	nový web	90	1	59			https://www.visibility.cz/pripravujete-novy-web-nezapomente-4-kroky/	branded+informational+commercial	cs
visibility.cz	ppc specialista	500	0	336	2	6	https://www.visibility.cz/ppc-specialista/	informational	cs
visibility.cz	seo ppc	30	0	114			https://www.visibility.cz/seo-a-ppc-o-cem-to-je-to-je/	informational+commercial	cs
visibility.cz	krátká videa	150	0	3			https://www.visibility.cz/proc-se-kratka-videa-vyplati/	informational	cs
visibility.cz	jak se přejmenovat na facebooku	40	0				https://www.visibility.cz/heureka-nazev-stranky-na-facebooku-lze-nyni-zmenit-bez-omezeni/	branded+informational	cs
visibility.cz	marketingova agentura praha	20	50	131			https://www.visibility.cz/	local+informational+commercial	cs
visibility.cz	spolupráce se značkami	30	0				https://www.visibility.cz/znacky-a-influenceri-aneb-autenticita-nade-vse/	informational+commercial	cs
visibility.cz	online marketing agentura	150	24	114			https://www.visibility.cz/	local+informational+commercial	cs
visibility.cz	influencer marketing	700	0	117	1	20		informational+commercial	cs
visibility.cz	kratka videa	150	0	16			https://www.visibility.cz/proc-se-kratka-videa-vyplati/	informational	cs
visibility.cz	jak zmenit jmeno na facebooku	70	0				https://www.visibility.cz/heureka-nazev-stranky-na-facebooku-lze-nyni-zmenit-bez-omezeni/	branded+informational	cs
visibility.cz	co je pno	70	0				https://www.visibility.cz/seo-a-ppc-o-cem-to-je-to-je/	informational	cs
visibility.cz	utm parametr	20	0	12			https://www.visibility.cz/utm-parametry-co-jsou-zac-k-cemu-slouzi-a-jak-je-pouzivat/	informational	cs
visibility.cz	komprimace obrázku	40	1				https://www.visibility.cz/jak-a-proc-komprimovat-obrazky-na-web/	informational	cs
visibility.cz	jak se naučit seo?	100	0				https://www.visibility.cz/10-tipu-na-lokalni-seo-s-vyuzitim-ai-umele-inteligence/	informational	cs
visibility.cz	rtb reklama	200	0	79			https://www.visibility.cz/kdy-je-ten-pravy-cas-pro-rtb-reklamu/	informational+commercial	cs
visibility.cz	postovat	90	0				https://www.visibility.cz/5-tipu-co-postovat-na-vas-firemni-facebook/	informational	cs
visibility.cz	online agentury	10	55	192			https://www.visibility.cz/	local+informational+commercial	cs
visibility.cz	jak upravit jméno na facebooku	30	0				https://www.visibility.cz/heureka-nazev-stranky-na-facebooku-lze-nyni-zmenit-bez-omezeni/	branded+informational	cs
visibility.cz	dv 360	30	2	74			https://www.visibility.cz/vyuzijte-agenturu-s-certifikatem-google-marketing-platform-dv360/	branded+informational+commercial	cs
visibility.cz	push notifikace android	40	0	14			https://www.visibility.cz/push-notifikace-tezte-z-databaze-odberatelu-oznameni/	branded+informational	cs
visibility.cz	online agentura	40	40	192			https://www.visibility.cz/	local+informational+commercial	cs
visibility.cz	videokonference zdarma	20	0	6			https://www.visibility.cz/videokonference-porovnani-nejlepsich-platforem-pro-firmu-2020/	informational+commercial	cs
visibility.cz	digitální agentura	350	19	191			https://www.visibility.cz/	branded+navigational+informational	cs
visibility.cz	co je push notifikace	70	0				https://www.visibility.cz/push-notifikace-tezte-z-databaze-odberatelu-oznameni/	informational	cs
visibility.cz	facebook zmena jmena	20	0				https://www.visibility.cz/heureka-nazev-stranky-na-facebooku-lze-nyni-zmenit-bez-omezeni/	branded+informational	cs
visibility.cz	reklamní agentury praha	150	7	93			https://www.visibility.cz/	local+informational+commercial	cs
visibility.cz	nejnovější sociální sítě	70	1	43			https://www.visibility.cz/kategorie/socialni-site/	informational+commercial	cs
visibility.cz	komprimovat obrázek	20	1				https://www.visibility.cz/jak-a-proc-komprimovat-obrazky-na-web/	informational	cs
visibility.cz	ab testování	500	0	29			https://www.visibility.cz/ab-testovani-na-facebooku/	informational	cs
visibility.cz	co je to notifikace	300	0				https://www.visibility.cz/push-notifikace-tezte-z-databaze-odberatelu-oznameni/	informational	cs
visibility.cz	marketing agentura	250	46	234			https://www.visibility.cz/	local+informational+commercial	cs
visibility.cz	seo agentury	600	1		0	26		local+informational+commercial	cs
visibility.cz	facebook změna jména	50	0				https://www.visibility.cz/heureka-nazev-stranky-na-facebooku-lze-nyni-zmenit-bez-omezeni/	branded+informational	cs
visibility.cz	marketing agency	150	22	110			https://www.visibility.cz/	local+informational+commercial	cs
visibility.cz	see think do care	150	0	23			https://www.visibility.cz/vyhodnocovat-aktivity-podle-modelu-see-think-care/	informational	cs
visibility.cz	reklama na tiktoku	30	0	90			https://www.visibility.cz/tiktok-reklama/	branded+informational+commercial	cs
visibility.cz	komprese fotek	200	1	13			https://www.visibility.cz/jak-a-proc-komprimovat-obrazky-na-web/	informational	cs
visibility.cz	komprese fotky	20	1				https://www.visibility.cz/jak-a-proc-komprimovat-obrazky-na-web/	informational+commercial	cs
visibility.cz	návštěvnost stránek	30	0	59			https://www.visibility.cz/odhad-navstevnosti-konkurencnich-stranek/	informational+commercial	cs
visibility.cz	komprese obrazku	100	1				https://www.visibility.cz/jak-a-proc-komprimovat-obrazky-na-web/	informational+commercial	cs
visibility.cz	publikační plán	30	0	35			https://www.visibility.cz/publikacni-plan-facebook-levou-zadni/	informational	cs
visibility.cz	jak změnit příjmení na facebooku	60	0				https://www.visibility.cz/heureka-nazev-stranky-na-facebooku-lze-nyni-zmenit-bez-omezeni/	branded+informational	cs
visibility.cz	reklamni agentura praha	90	24	93			https://www.visibility.cz/	local+informational+commercial	cs
visibility.cz	komprese obrázků	200	2	16			https://www.visibility.cz/jak-a-proc-komprimovat-obrazky-na-web/	informational	cs
visibility.cz	jak na fb zmenit jmeno	30	0				https://www.visibility.cz/heureka-nazev-stranky-na-facebooku-lze-nyni-zmenit-bez-omezeni/	branded+informational	cs
visibility.cz	reklamní kampaně	200	0	127			https://www.visibility.cz/kategorie/reklamni-kampane/	informational+commercial	cs
visibility.cz	mediální plán	20	0				https://www.visibility.cz/existuje-idealni-strategie-medialniho-nakupu/	informational	cs
visibility.cz	ppc seo	10	0	100			https://www.visibility.cz/seo-a-ppc-o-cem-to-je-to-je/	informational+commercial	cs
visibility.cz	videokonference	80	0	24			https://www.visibility.cz/videokonference-porovnani-nejlepsich-platforem-pro-firmu-2020/	informational+commercial	cs
visibility.cz	komprese obrázku	40	1				https://www.visibility.cz/jak-a-proc-komprimovat-obrazky-na-web/	informational	cs
visibility.cz	nefunkční facebook	20	0				https://www.visibility.cz/nefunguje-facebook-neco-si-prej/	branded+informational	cs
visibility.cz	jak napsat popis	10	0		0	7		informational	cs
visibility.cz	gap analyza	100	0				https://www.visibility.cz/content-gap-analyza/	informational	cs
visibility.cz	marketingova firma	50	39	79			https://www.visibility.cz/	local+informational+commercial	cs
visibility.cz	rtb	200	1	143			https://www.visibility.cz/kdy-je-ten-pravy-cas-pro-rtb-reklamu/	informational+commercial	cs
visibility.cz	omezeni na fb	10	0				https://www.visibility.cz/heureka-nazev-stranky-na-facebooku-lze-nyni-zmenit-bez-omezeni/	branded+informational	cs
visibility.cz	seo optimalizace pro vyhledávače	500	3	167			https://www.visibility.cz/seo/	informational+commercial	cs
visibility.cz	seo copywriting	250	0	86			https://www.visibility.cz/seo-copywriting-psat-lidi-i-vyhledavace/	informational+commercial	cs
visibility.cz	jak komprimovat fotky	40	1				https://www.visibility.cz/jak-a-proc-komprimovat-obrazky-na-web/	informational	cs
visibility.cz	kurz online marketing	150	5	107			https://www.visibility.cz/chcete-pracovat-v-online-marketingu-udelejte-si-zadarmo-tyto-3-certifikaty/	informational+commercial+transactional	cs
visibility.cz	marketing kurz	150	7	71			https://www.visibility.cz/chcete-pracovat-v-online-marketingu-udelejte-si-zadarmo-tyto-3-certifikaty/	informational+commercial+transactional	cs
visibility.cz	notifikace android	70	1				https://www.visibility.cz/push-notifikace-tezte-z-databaze-odberatelu-oznameni/	branded+informational	cs
visibility.cz	plusy a minusy	10	0				https://www.visibility.cz/plusy-a-minusy-nasazeni-ai-ve-velkych-firmach/	branded+informational	cs
visibility.cz	kurz online marketingu	300	5	84			https://www.visibility.cz/chcete-pracovat-v-online-marketingu-udelejte-si-zadarmo-tyto-3-certifikaty/	informational+commercial	cs
visibility.cz	web seo	700	11	191			https://www.visibility.cz/seo/	informational	cs
visibility.cz	kurzy online marketingu	300	7	84			https://www.visibility.cz/chcete-pracovat-v-online-marketingu-udelejte-si-zadarmo-tyto-3-certifikaty/	informational+commercial	cs
visibility.cz	co je to tiktok	90	0				https://www.visibility.cz/tiktok-zarucuje-levnejsi-zasah-nez-klasicke-socialni-site/	branded+informational	cs
visibility.cz	plánovač klíčových slov google	150	0	50			https://www.visibility.cz/novy-nastroj-keyword-planner/	branded+informational	cs
visibility.cz	digital advertising	10	39	51			https://www.visibility.cz/	informational	cs
visibility.cz	proč nefunguje facebook	30	0	13			https://www.visibility.cz/nefunguje-facebook-neco-si-prej/	branded+informational	cs
visibility.cz	typy cookies	150	0	22			https://www.visibility.cz/na-co-se-pripravit-u-cookies-v-roce-2022/	informational	cs
visibility.cz	jak změnit název stránky na fb	40	0		0	6	https://www.visibility.cz/heureka-nazev-stranky-na-facebooku-lze-nyni-zmenit-bez-omezeni/	branded+informational	cs
visibility.cz	počítadlo návštěvnosti webu	50	0				https://www.visibility.cz/odhad-navstevnosti-konkurencnich-stranek/	informational+commercial	cs
visibility.cz	digital marketting agency	0	14				https://www.visibility.cz/	local+informational+commercial	cs
visibility.cz	jak změnit název stránky na facebooku	40	0				https://www.visibility.cz/heureka-nazev-stranky-na-facebooku-lze-nyni-zmenit-bez-omezeni/	branded+informational	cs
visibility.cz	ga 4	150	69	87			https://www.visibility.cz/ga4/	branded+informational	cs
visibility.cz	trafficjunky	30	0	112			https://www.visibility.cz/inzerce-na-pornhubu-trafficjunky-radi-poradi/	branded+informational+commercial	cs
visibility.cz	bezdrátová sluchátka noise cancelling	10	0	16			https://www.visibility.cz/bezdratova-sluchatka-test-tech-nejlepsich-pro-praci-v-roce-2020/	informational+commercial+transactional	cs
visibility.cz	jak zjistit návštěvnost webu	70	0	58			https://www.visibility.cz/odhad-navstevnosti-konkurencnich-stranek/	informational	cs
visibility.cz	reklamní agentura	300	39	189			https://www.visibility.cz/	local+informational+commercial	cs
visibility.cz	komprese jpg	250	3	13			https://www.visibility.cz/jak-a-proc-komprimovat-obrazky-na-web/	informational+commercial+transactional	cs
visibility.cz	reklamy na tiktoku	40	0	90			https://www.visibility.cz/tiktok-reklama/	branded+informational+commercial	cs
visibility.cz	dynamický remarketing	200	0	21			https://www.visibility.cz/co-to-je-dynamicky-remarketing/	branded+informational	cs
visibility.cz	spolupráce s influencery	10	0	44			https://www.visibility.cz/jak-si-pojistit-vykon-pri-spolupraci-s-influencery/	informational+commercial	cs
visibility.cz	návštěvnost webu	100	0	81			https://www.visibility.cz/odhad-navstevnosti-konkurencnich-stranek/	informational+commercial	cs
visibility.cz	kurz marketingu	250	6	76			https://www.visibility.cz/chcete-pracovat-v-online-marketingu-udelejte-si-zadarmo-tyto-3-certifikaty/	informational+commercial	cs
visibility.cz	digital marketing agencies	20	4	70			https://www.visibility.cz/	local+informational+commercial	cs
visibility.cz	online platforma význam	20	0				https://www.visibility.cz/co-vam-muze-prinest-vyuzivani-rtb-v-online-strategii/	informational	cs
visibility.cz	reklamní agentury	250	36				https://www.visibility.cz/	local+informational+commercial	cs
visibility.cz	jak napsat článek	90	0	12			https://www.visibility.cz/jak-napsat-skvely-seo-clanek-rady-od-visi-copywritera/	informational	cs
visibility.cz	drobečková navigace	100	0				https://www.visibility.cz/drobeckova-navigace-pomoci-microdat/	informational	cs
visibility.cz	seo optimalizace liberec	350	2	58			https://www.visibility.cz/seo/	local+informational+commercial	cs
visibility.cz	kurz marketing	150	6	48			https://www.visibility.cz/chcete-pracovat-v-online-marketingu-udelejte-si-zadarmo-tyto-3-certifikaty/	informational+commercial	cs
visibility.cz	sociální sítě ikony	10	0				https://www.visibility.cz/bezpecne-chovani-na-socialnich-sitich/	informational	cs
visibility.cz	ppc bannery	200	0	88			https://www.visibility.cz/creative/	informational+commercial	cs
visibility.cz	influencera	20	0	23			https://www.visibility.cz/znacky-a-influenceri-aneb-autenticita-nade-vse/	informational+commercial	cs
visibility.cz	jak na tiktok	90	0	21			https://www.visibility.cz/reklama-na-tiktoku-v-roce-2024-jake-formaty-jsou-nejvhodnejsi-a-jak-je-vyuzit/	branded+informational	cs
visibility.cz	marketingovy kalendar	20	0	45			https://www.visibility.cz/kalendar-marketingovych-akci-pro-rok-2024/	informational+commercial	cs
visibility.cz	digital marketing services	10	43				https://www.visibility.cz/	local+informational+commercial	cs
visibility.cz	nejznámější sociální sítě	60	3				https://www.visibility.cz/5-top-trendu-roku-2022-pro-socialni-site/	informational	cs
visibility.cz	audit webu	80	0	115			https://www.visibility.cz/seo-audit/	informational+commercial	cs
visibility.cz	ppc agency	60	24				https://www.visibility.cz/	local+informational+commercial	cs
visibility.cz	komunikace s klientem	80	0				https://www.visibility.cz/budovat-vztah-klientem/	informational	cs
visibility.cz	seo consultancy	20	3				https://www.visibility.cz/seo/	local+informational+commercial	cs
visibility.cz	analýza klíčových slov	1000	2	106			https://www.visibility.cz/analyza-klicovych-slov/	informational	cs
visibility.cz	kvalitní sluchátka s mikrofonem	30	0	9			https://www.visibility.cz/bezdratova-sluchatka-test-tech-nejlepsich-pro-praci-v-roce-2020/	informational+commercial	cs
visibility.cz	influenceři	200	1	17			https://www.visibility.cz/znacky-a-influenceri-aneb-autenticita-nade-vse/	informational+commercial	cs
visibility.cz	dv360	200	1	72			https://www.visibility.cz/vyuzijte-agenturu-s-certifikatem-google-marketing-platform-dv360/	branded+informational+commercial	cs
visibility.cz	návštěvnosti	100	2	23			https://www.visibility.cz/propad-organicke-navstevnosti-nocni-mura-kazdeho-majitele-webu-tim/	informational+commercial	cs
visibility.cz	mutumutu	500	0	117			https://www.visibility.cz/jak-jsme-desetinasobne-zvysili-prodej-pojisteni-mutumutu/	branded+navigational+informational+commercial+transactional	cs
visibility.cz	digital marketing	1600	0	141			https://www.visibility.cz/	informational+commercial	cs
visibility.cz	influencery	60	0	23			https://www.visibility.cz/jak-gen-z-vnima-influencery/	branded+informational+commercial	cs
visibility.cz	notifikace	1200	0	16			https://www.visibility.cz/push-notifikace-tezte-z-databaze-odberatelu-oznameni/	informational	cs
visibility.cz	a/b testování	60	0				https://www.visibility.cz/ab-testovani-na-facebooku/	informational+commercial	cs
visibility.cz	výkonný	50	0				https://www.visibility.cz/10-rad-jak-byt-vykonny-nejen-v-praci/	informational	cs
visibility.cz	dynamický	60	0				https://www.visibility.cz/co-to-je-dynamicky-remarketing/	informational+commercial	cs
visibility.cz	mutumutu.cz	20	0				https://www.visibility.cz/jak-jsme-desetinasobne-zvysili-prodej-pojisteni-mutumutu/	branded+navigational+informational+commercial+transactional	cs
visibility.cz	datastudio	50	9	78			https://www.visibility.cz/zacnete-pracovat-data-studiem-1-cast/	branded+navigational+informational	cs
visibility.cz	data studio	150	9	78			https://www.visibility.cz/zacnete-pracovat-data-studiem-1-cast/	branded+navigational+informational+commercial	cs
visibility.cz	ga4	600	90	67			https://www.visibility.cz/ga4/	branded+informational+commercial	cs
visibility.cz	young lions	20	1				https://www.visibility.cz/young-lions-z-visibility-spokojeni-a-nateseni-do-dalsich-rocniku/	branded+informational	cs
visibility.cz	http/2	100	12				https://www.visibility.cz/o-krok-blize-k-rychlejsim-webum-vyzkousejte-novy-protokol-http2/	branded+informational	cs
visibility.cz	seo servis	70	0	309			https://www.visibility.cz/seo/	branded+navigational+informational+commercial	cs
visibility.cz	placeny whatsapp	0	0				https://www.visibility.cz/placene-profily-bez-reklam-meta-couva-pred-eu/	branded+informational+commercial	cs
visibility.cz	tiktok uživatele	0	0				https://www.visibility.cz/tiktok-zarucuje-levnejsi-zasah-nez-klasicke-socialni-site/	branded+informational	cs
visibility.cz	zmenit jmeno na fb	0	0				https://www.visibility.cz/heureka-nazev-stranky-na-facebooku-lze-nyni-zmenit-bez-omezeni/	branded+informational	cs
visibility.cz	reklamu ￼	0	0				https://www.visibility.cz/reklamu-na-youtube-natocite-mobilem/	informational+commercial	cs
visibility.cz	nejpoužívanější sociální sítě 2022	0	0				https://www.visibility.cz/5-top-trendu-roku-2022-pro-socialni-site/	informational	cs
visibility.cz	seo [	0	8				https://www.visibility.cz/seo/	informational	cs
visibility.cz	instagram v tichem rezimu	0	0				https://www.visibility.cz/proc-mit-ruzne-strategie-na-socialnich-sitich/	branded+informational	cs
visibility.cz	instagram první vydání	0	0				https://www.visibility.cz/instagram-s-novym-formatem/	branded+informational	cs
visibility.cz	polsky amazon	0	0				https://www.visibility.cz/visictvrtek-amazon-je-budoucnost-konec-cookies-mu-jen-pomuze/	branded+navigational+informational+commercial+transactional	cs
visibility.cz	allegro tržiště	0	1	37			https://www.visibility.cz/visictvrtek-nabidl-navod-jak-uspet-na-allegru/	branded+informational+commercial	cs
visibility.cz	jak změnit jméno na fb přes mobil	0	0				https://www.visibility.cz/heureka-nazev-stranky-na-facebooku-lze-nyni-zmenit-bez-omezeni/	branded+informational	cs
visibility.cz	whatsapp zpoplatnění 2024	0	0		0	5		branded+informational	cs
visibility.cz	nejlepsi bezdratove sluchatka	0	1	13			https://www.visibility.cz/bezdratova-sluchatka-test-tech-nejlepsich-pro-praci-v-roce-2020/	informational+commercial	cs
visibility.cz	avon tričko 2023	0	0	14			https://www.visibility.cz/ar-kampan-avonu-ziskala-oceneni-na-internet-effectiveness-awards/	branded+informational+commercial+transactional	cs
visibility.cz	ionickiss dm	0	0	11			https://www.visibility.cz/restart-japonske-znacky-ionickiss-pro-evropu/	branded+informational+commercial+transactional	cs