digitalniarchitekti.cz	https://digitalniarchitekti.cz/clanek/keboola/	220	5	keboola	1300	2	0	Keboola: Co to je + praktické tipy na využití
digitalniarchitekti.cz	https://digitalniarchitekti.cz/clanek/co-je-looker-studio/	198	6	looker studio	1100	3	0	Looker Studio (Google Data Studio): Co to je a jak funguje?
digitalniarchitekti.cz	https://digitalniarchitekti.cz/clanek/utm-parametry-k-cemu-slouzi/	63	4	utm parametry	100	2	2	Co jsou to UTM parametry a k čemu slouží?
digitalniarchitekti.cz	https://digitalniarchitekti.cz/clanek/adobe-xd-komplexni-nastroj-pro-design/	61	2	adobe xd	30	8	0	Adobe XD: Komplexní nástroj pro design
digitalniarchitekti.cz	https://digitalniarchitekti.cz/clanek/fireflies-ai-revoluce-v-automatizaci-zaznamu-a-analyzy-schuzek/	41	1	fireflies	400	5	40	Fireflies.ai: Revoluce v automatizaci záznamu a analýzy ...
digitalniarchitekti.cz	https://digitalniarchitekti.cz/clanek/co-to-je-rfm-analyza/	30	4	rfm	100	4	2	Segmentace trhu: Co to je RFM analýza a jak na ...
digitalniarchitekti.cz	https://digitalniarchitekti.cz/clanek/co-je-google-tag-manager/	27	4	google tag	200	6	0	Co je Google Tag Manager, jak ho nastavit a jak funguje?
digitalniarchitekti.cz	https://digitalniarchitekti.cz/zpracovani-transformace-dat/	25	2	zpracování dat	0	1	1	Zpracování a transformace dat
digitalniarchitekti.cz	https://digitalniarchitekti.cz/clanek/smartlook-video	25	1	smartlook	700	3	0	Nástroj Smartlook: přestaňte ztrácet zákazníky
digitalniarchitekti.cz	https://digitalniarchitekti.cz/clanek/jak-dostat-data-ze-seznam-webmaster-do-google-dokumentu/	16	1	seznam webmaster tool	450	1	1	Jak dostat data ze Seznam Webmaster do Google dokumentu?
digitalniarchitekti.cz	https://digitalniarchitekti.cz/clanek	10	6	rfm analyza	40	2	0	Segmentace trhu: Co to je RFM analýza a jak na ...
digitalniarchitekti.cz	https://digitalniarchitekti.cz/produkty/nastaveni-ga4/	7	2	ga 4	100	4	2	Nastavení GA4
digitalniarchitekti.cz	https://digitalniarchitekti.cz/clanek/looker-studio-vizualizacni-nastroj/	7	3	google looker data studio	40	7	0	Looker Studio (Google Data Studio) - vizualizační nástroj
digitalniarchitekti.cz	https://digitalniarchitekti.cz/clanek/uuid-jako-pomocnik-v-datove-analytice/	7	1	uuid	350	1	0	UUID jako pomocník v datové analytice | Digitální architekti
digitalniarchitekti.cz	https://www.digitalniarchitekti.cz/clanek/jak-funguje-ai	5	1	jak funguje ai	300	11	0	Jak funguje AI: Co je to umělá inteligence a co všechno umí?
digitalniarchitekti.cz	https://digitalniarchitekti.cz/clanek/jak-funguje-ai/	4	1	umělá inteligence využití	70	7	125	Jak funguje AI: Co je to umělá inteligence a co všechno umí?
digitalniarchitekti.cz	https://digitalniarchitekti.cz/clanek/data-lake/	3	2	data lake	40	3	0	Data lake
digitalniarchitekti.cz	https://digitalniarchitekti.cz/clanek/google-optimize/	2	1	google optimize	40	3	0	Google Optimize
digitalniarchitekti.cz	https://digitalniarchitekti.cz/clanek/google-cloud-run/	2	2	google cloud run	10	4	0	Google Cloud Run: Moderní způsob nasazení aplikací
digitalniarchitekti.cz	https://digitalniarchitekti.cz/clanek/co-je-to-bigquery/	2	3	google big query	0	3	1	Co je to BigQuery: Jak funguje nástroj Google Cloud ...
digitalniarchitekti.cz	https://digitalniarchitekti.cz/clanek/optimalizace-konverzniho-pomeru/	2	1	konverzní poměr	150	1	0	Digitální architekti
digitalniarchitekti.cz	https://digitalniarchitekti.cz/clanek/github/	2	2	github co to je	70	8	0	GitHub
digitalniarchitekti.cz	https://digitalniarchitekti.cz/clanek/github	1	1	co je to github	40	11	0	GitHub
digitalniarchitekti.cz	https://digitalniarchitekti.cz/vizualizace-dat-manazerske-prehledy/	1	1	vizualizace dat	30	9	0	Vizualizace dat - report nemusí být jen nudná tabulka
digitalniarchitekti.cz	https://digitalniarchitekti.cz/stitek/ochutnejorech-cz-2/	0	1	ochutnejořech.cz	0	7	0	ochutnejořech.cz Archivy
digitalniarchitekti.cz	https://digitalniarchitekti.cz/implementace-ga4-video/	0	1	ga4	900	16	1	Implementace GA4
digitalniarchitekti.cz	https://digitalniarchitekti.cz/clanek/facebook-pixel	0	1	facebook pixel	200	9	0	Facebook Pixel
digitalniarchitekti.cz	https://digitalniarchitekti.cz/webova-analytika-digitalni-analytika/	0	1	webová analytika	80	6	1	Mobilní a webová analytika
digitalniarchitekti.cz	https://digitalniarchitekti.cz/clanek/co-je-looker-studio	0	2	looker	150	5	0	Looker Studio (Google Data Studio): Co to je a jak funguje?
digitalniarchitekti.cz	https://www.digitalniarchitekti.cz/clanek/co-je-looker-studio	0	1	lookerstudio	30	8	0	Looker Studio (Google Data Studio): Co to je a jak funguje?
digitalniarchitekti.cz	https://digitalniarchitekti.cz/clanek/prace-s-daty	0	1	práce s daty	10	11	0	6 tipů, jak efektivně ve firmě pracovat s daty a nebát se toho
digitalniarchitekti.cz	https://digitalniarchitekti.cz/clanek/google-analytics/	0	1	google ana	0	11	0	Google Analytics
digitalniarchitekti.cz	https://digitalniarchitekti.cz/clanek/postman-kompletni-nastroj-pro-api-vyvoj/	0	1	postman	2300	5	0	Postman: Kompletní nástroj pro API vývoj
digitalniarchitekti.cz	https://digitalniarchitekti.cz/spravujeme-gtm-pro-klicove-hrace-ceske-ecommerce/	0	1	gtm	900	7	0	GTM a jeho nastavení a správa
digitalniarchitekti.cz	https://digitalniarchitekti.cz/clanek/digitalni-architekti-funguji-na-cloudu/	0	2	co je to google	20	9	0	Google Cloud: proč do něj jít?
digitalniarchitekti.cz	https://digitalniarchitekti.cz/veronika-vackova/	0	1	veronika vacková	20	1	0	
digitalniarchitekti.cz	https://digitalniarchitekti.cz/clanek/author/veronika-blizkovska/	0	1	veronika vacková	20	10	0	Veronika Vacková, Autor na Digitální architekti
digitalniarchitekti.cz	https://digitalniarchitekti.cz/clanek/google-signaly-i-cast/	0	1	google signals	10	6	0	Google Signals I.část
digitalniarchitekti.cz	https://www.digitalniarchitekti.cz/clanek/microsoft-clarity-hluboka-analyza-chovani-uzivatelu-na-vasem-webu	0	1	clarity	1400	7	0	Microsoft Clarity: Hluboká analýza chování uživatelů na ...
digitalniarchitekti.cz	https://digitalniarchitekti.cz/bara-soukupova/	0	1	bára soukupová	0	7	0	Bára Soukupová
digitalniarchitekti.cz	https://digitalniarchitekti.cz/smartlook1	0	1	smartlook	700	20	0	Smartlook
digitalniarchitekti.cz	https://digitalniarchitekti.cz/clanek/jak-vytvorit-report/	0	1	co je to report	30	10	0	Jak vytvořit report, který neskončí zapomenutý
digitalniarchitekti.cz	https://digitalniarchitekti.cz/clanek/microsoft-dynamics-klic-k-modernimu-podnikani/	0	1	dynamics	100	8	0	Microsoft Dynamics: Klíč k modernímu podnikání