optimalizovany-web.cz	optimalizace webu	200	0	309	11	3		informational+commercial	cs
optimalizovany-web.cz	shoptet partneři	150	0	144	8	6	https://www.optimalizovany-web.cz/shoptet-partner/	branded+informational+commercial	cs
optimalizovany-web.cz	míra okamžitého opuštění	50	0		8	2	https://www.optimalizovany-web.cz/mira-okamziteho-opusteni-jak-ji-vyhodnocovat/	informational	cs
optimalizovany-web.cz	seo optimalizace stránek	200	3				https://www.optimalizovany-web.cz/vykonnostni-optimalizace-webovych-stranek-pro-uzivatele/	informational+commercial	cs
optimalizovany-web.cz	shoptet partneri	100	0	95	4	7	https://www.optimalizovany-web.cz/shoptet-partner/	branded+informational+commercial	cs
optimalizovany-web.cz	ga 4	100	2	87	4	7		branded+informational	cs
optimalizovany-web.cz	optimalizace webových stránek	200	0	177	3	8		informational+commercial	cs
optimalizovany-web.cz	bounce rate co to je	200	0				https://www.optimalizovany-web.cz/mira-okamziteho-opusteni-jak-ji-vyhodnocovat/	informational	cs
optimalizovany-web.cz	správa ppc kampaní	2200	5	67			https://www.optimalizovany-web.cz/sprava-ppc-kampani/	local+informational+commercial	cs
optimalizovany-web.cz	správa ppc	900	4	424			https://www.optimalizovany-web.cz/sprava-ppc-kampani/	informational+commercial	cs
optimalizovany-web.cz	google universal analytics	30	96	56			https://www.optimalizovany-web.cz/jak-zalozit-puvodni-google-universal-analytics/	branded+informational+commercial	cs
optimalizovany-web.cz	s čím začít podnikat	100	0	14			https://www.optimalizovany-web.cz/skoleni-jak-zacit-podnikat-prakticky/	informational+commercial	cs
optimalizovany-web.cz	sprava ppc kampani	0	2				https://www.optimalizovany-web.cz/sprava-ppc-kampani/	local+informational+commercial+transactional	cs
optimalizovany-web.cz	jak poznat toho pravého	30	0				https://www.optimalizovany-web.cz/seo-konzultant-jak-poznat-toho-praveho/	informational	cs
optimalizovany-web.cz	ga4	900	2	67	0	10	https://www.optimalizovany-web.cz/prozatim-neupgradujte-na-google-analytics-4/	branded+informational+commercial	cs
optimalizovany-web.cz	technické cookies	10	0	40			https://www.optimalizovany-web.cz/zasady-souboru-cookies/	informational	cs
optimalizovany-web.cz	google kategorie	20	0				https://www.optimalizovany-web.cz/prehled-kategorii-zarizeni-v-google-analytics/	branded+informational	cs
optimalizovany-web.cz	podnikání na internetu	40	0	101			https://www.optimalizovany-web.cz/poradenstvi-a-strategie-pro-podnikani-na-internetu/	informational+commercial	cs
optimalizovany-web.cz	fastcentrik	150	0	109			https://www.optimalizovany-web.cz/fastcentrik-partner/	branded+navigational+informational+commercial+transactional	cs
optimalizovany-web.cz	+420 605 876 817	0	0				https://www.optimalizovany-web.cz/reference/	informational	cs
optimalizovany-web.cz	+420 476 443 530	0	0				https://www.optimalizovany-web.cz/reference/	informational	cs