revolt.bi	revolt	900	2	121	111	1	https://www.revolt.bi/	informational+commercial	cs
revolt.bi	snowflake	1500	35	62			https://www.revolt.bi/technologie/snowflake/	branded+informational+commercial	cs
revolt.bi	dashboard co to je	200	0	40	6	9		informational	cs
revolt.bi	witty trade	10	0	35	6	1	https://www.revolt.bi/en/case-study/witty-trade/	branded+informational+commercial	cs
revolt.bi	data vault	20	6	32	5	1	https://www.revolt.bi/co-je-data-vault-modelovani/	branded+informational+commercial	cs
revolt.bi	revolt bi	20	0	39	5	1	https://www.revolt.bi/	branded+local+navigational+informational+commercial	cs
revolt.bi	carvago europe	150	0	28	2	11	https://www.revolt.bi/en/case-study/carvago/	branded+informational+commercial+transactional	cs
revolt.bi	hackaton	200	10	21			https://www.revolt.bi/proc-jit-na-hackathon/	informational	cs
revolt.bi	gooddata praha	30	4				https://www.revolt.bi/technologie/gooddata/	branded+local+informational+commercial	cs
revolt.bi	hackathon praha	20	4				https://hackathon.revolt.bi/	local+informational	cs
revolt.bi	atribuční model	30	0		1	7		informational	cs
revolt.bi	thoughtspot	10	12		1	2	https://www.revolt.bi/thoughtspot/	branded+navigational+informational+commercial	cs
revolt.bi	carvago kariéra	20	0				https://www.revolt.bi/pripadove-studie/carvago/	branded+informational	cs
revolt.bi	obrátkovost	20	0		0	11		informational	cs
revolt.bi	oktagon kariera	10	0	3			https://www.revolt.bi/oktagon-mma-marketingovy-workshop/	branded+informational	cs
revolt.bi	rfm analýza	80	0	68			https://www.revolt.bi/rfm-analyza/	informational	cs
revolt.bi	car vago	40	0	23			https://www.revolt.bi/pripadove-studie/carvago/	branded+navigational+informational+commercial+transactional	cs
revolt.bi	power bi cena	20	0				https://www.revolt.bi/tableau-nebo-power-bi/	branded+informational+commercial	cs
revolt.bi	in poc	60	24	5			https://www.revolt.bi/co-je-poc-a-proc-ho-chtit/	branded+navigational+informational	cs
revolt.bi	tableu	60	0		0	4		branded+navigational+informational+commercial	cs
revolt.bi	bi	1900	13	16			https://www.revolt.bi/	informational+commercial	cs
revolt.bi	retail summit 2024	0	0				https://www.revolt.bi/retail-summit-2024/	branded+informational+commercial	cs
revolt.bi	rfm segmentace	40	0	68			https://www.revolt.bi/rfm-analyza/	informational+commercial	cs
revolt.bi	datavault	20	36	32			https://www.revolt.bi/co-je-data-vault-modelovani/	branded+informational+commercial	cs
revolt.bi	bi analytik	30	0	23			https://www.revolt.bi/	informational	cs
revolt.bi	goodata	30	0	79			https://www.revolt.bi/technologie/gooddata/	branded+navigational+informational+commercial	cs
revolt.bi	kebola	70	0	98			https://www.revolt.bi/technologie/keboola/	branded+informational+commercial	cs
revolt.bi	keebola	50	0	81			https://www.revolt.bi/technologie/keboola/	branded+informational+commercial	cs
revolt.bi	nps výpočet	20	2	47			https://www.revolt.bi/net-promoter-score-nps-cislo-ktere-potrebujete-znat-pokud-chcete-rust/	branded+informational	cs
revolt.bi	hackathon	500	12	22			https://www.revolt.bi/proc-jit-na-hackathon/	informational	cs
revolt.bi	gooddata	300	0	112			https://www.revolt.bi/technologie/gooddata/	branded+navigational+informational+commercial	cs
revolt.bi	google certifikace	10	3				https://www.revolt.bi/5-tipu-jak-uspet-u-certifikace-google-cloud/	branded+informational+commercial	cs
revolt.bi	keboola	1300	0	57	0	17	https://www.revolt.bi/technologie/keboola/	branded+navigational+informational+commercial	cs
revolt.bi	linux days	400	0	16			https://www.revolt.bi/en/linux-days-2024/	branded+informational	cs
revolt.bi	carvaho	40	0	26			https://www.revolt.bi/pripadove-studie/carvago/	branded+navigational+informational+commercial+transactional	cs
revolt.bi	dbt	200	0	17			https://www.revolt.bi/technologie/dbt/	informational	cs
revolt.bi	carvago	40000	0	16			https://www.revolt.bi/pripadove-studie/carvago/	branded+navigational+informational+commercial+transactional	cs
revolt.bi	www.carvago	80	0	24			https://www.revolt.bi/pripadove-studie/carvago/	branded+navigational+commercial+transactional	cs
revolt.bi	csrvago	20	0	25			https://www.revolt.bi/pripadove-studie/carvago/	branded+navigational+informational+commercial+transactional	cs