digitalniarchitekti.cz	keboola	1300	0	57	172	2	https://digitalniarchitekti.cz/clanek/keboola/	branded+navigational+informational+commercial	cs
digitalniarchitekti.cz	looker studio	1100	0	56	131	2	https://digitalniarchitekti.cz/clanek/looker-studio-vizualizacni-nastroj/	branded+navigational+informational+commercial	cs
digitalniarchitekti.cz	xd	2000	0	2	61	1		informational	cs
digitalniarchitekti.cz	fireflies	400	13	26	41	5		branded+informational+commercial	cs
digitalniarchitekti.cz	kebola	60	3	98	40	1	https://digitalniarchitekti.cz/clanek/keboola/	branded+informational+commercial	cs
digitalniarchitekti.cz	looker google	600	39		36	5		branded+navigational+informational	cs
digitalniarchitekti.cz	utm parametry	100	0	13	33	1	https://digitalniarchitekti.cz/clanek/utm-parametry-k-cemu-slouzi/	informational+commercial	cs
digitalniarchitekti.cz	utm	600	53	31	28	4	https://digitalniarchitekti.cz/clanek/utm-parametry-k-cemu-slouzi/	informational	cs
digitalniarchitekti.cz	smartlook	700	0	462	25	3	https://digitalniarchitekti.cz/clanek/smartlook-video/	branded+informational+commercial	cs
digitalniarchitekti.cz	dat	1200	33	77	24	3		informational+commercial	cs
digitalniarchitekti.cz	google looker	250	23	43	19	1	https://digitalniarchitekti.cz/clanek/looker-studio-vizualizacni-nastroj/	branded+informational+commercial	cs
digitalniarchitekti.cz	google tag manager	1900	81	42	19	1		branded+navigational+informational+commercial	cs
digitalniarchitekti.cz	rfm	100	0	19	19	1	https://digitalniarchitekti.cz/clanek/rfm-analyza-segmentace-zakazniku/	informational+commercial	cs
digitalniarchitekti.cz	dbt	200	0	17			https://digitalniarchitekti.cz/clanek/data-build-tool-dbt/	informational	cs
digitalniarchitekti.cz	google looker studio	700	0	85	16	1	https://digitalniarchitekti.cz/clanek/looker-studio-vizualizacni-nastroj/	branded+informational+commercial	cs
digitalniarchitekti.cz	seznam webmaster tool	450	0		16	1		branded+informational+commercial	cs
digitalniarchitekti.cz	data restart	150	0				https://digitalniarchitekti.cz/clanek/data-restart-2023/	branded+informational+commercial	cs
digitalniarchitekti.cz	google analytics 4	300	67	101			https://digitalniarchitekti.cz/produkty/nastaveni-ga4/	branded+informational	cs
digitalniarchitekti.cz	rfm analyza	40	0	68	11	1	https://digitalniarchitekti.cz/clanek/rfm-analyza-segmentace-zakazniku/	informational+commercial	cs
digitalniarchitekti.cz	ga 4	100	2	87	7	4	https://digitalniarchitekti.cz/clanek/rozdily-mezi-ga4-vs-ga4-360/	branded+informational	cs
digitalniarchitekti.cz	keebola	60	0	81	7	1	https://digitalniarchitekti.cz/clanek/keboola/	branded+informational+commercial	cs
digitalniarchitekti.cz	uuid	350	81	1	7	1	https://digitalniarchitekti.cz/clanek/uuid-jako-pomocnik-v-datove-analytice/	informational	cs
digitalniarchitekti.cz	tag manager	500	60	59	5	1	https://digitalniarchitekti.cz/clanek/google-tag-manager-pro-vas-byznys/	branded+informational+commercial	cs
digitalniarchitekti.cz	jak funguje ai	300	40	5	5	11		informational	cs
digitalniarchitekti.cz	rfm segmentace	30	0	68	4	2	https://digitalniarchitekti.cz/clanek/rfm-analyza-segmentace-zakazniku/	informational+commercial	cs
digitalniarchitekti.cz	rfm analýza	90	0	68	4	1	https://digitalniarchitekti.cz/clanek/rfm-analyza-segmentace-zakazniku/	informational	cs
digitalniarchitekti.cz	umělá inteligence využití	70	38	14	4	7		informational	cs
digitalniarchitekti.cz	onetrust	50	11	87			https://digitalniarchitekti.cz/clanek/onetrust/	branded+navigational+informational+commercial	cs
digitalniarchitekti.cz	ai co to je	200	2	14			https://digitalniarchitekti.cz/clanek/jak-funguje-ai/	informational	cs
digitalniarchitekti.cz	ppc specialista co to je	200	0	82			https://digitalniarchitekti.cz/clanek/co-by-mel-ppc-specialista-vedet-o-analytice/	informational	cs
digitalniarchitekti.cz	data lake	40	5	16	3	3	https://digitalniarchitekti.cz/clanek/data-lake/	informational	cs
digitalniarchitekti.cz	flat zone	300	0	24			https://digitalniarchitekti.cz/clanek/pripadova-studie-flat-zone/	branded+informational+commercial	cs
digitalniarchitekti.cz	fireflies šmejdi	30	0				https://digitalniarchitekti.cz/clanek/fireflies-ai-revoluce-v-automatizaci-zaznamu-a-analyzy-schuzek/	informational	cs
digitalniarchitekti.cz	business intelligence co to je	100	0	36			https://digitalniarchitekti.cz/clanek/business-intelligence/	informational	cs
digitalniarchitekti.cz	linkedin nevýhody	100	0				https://digitalniarchitekti.cz/clanek/linkedin-recruiter-lite/	branded+informational	cs
digitalniarchitekti.cz	google tag	200	59	36	2	6	https://digitalniarchitekti.cz/clanek/google-tag-manager-pro-vas-byznys/	branded+informational	cs
digitalniarchitekti.cz	linkedin recruiter lite	20	0	100			https://digitalniarchitekti.cz/clanek/linkedin-recruiter-lite/	branded+navigational+informational	cs
digitalniarchitekti.cz	google optimize	40	7	31	2	1	https://digitalniarchitekti.cz/clanek/google-optimize/	branded+informational	cs
digitalniarchitekti.cz	ab testování	500	0	29			https://digitalniarchitekti.cz/produkty/experimenty-ab-testovani/	informational	cs
digitalniarchitekti.cz	smart look	20	0	170			https://digitalniarchitekti.cz/clanek/smartlook-video/	branded+informational+commercial	cs
digitalniarchitekti.cz	github co to je	70	0		2	8	https://digitalniarchitekti.cz/clanek/github/	branded+informational	cs
digitalniarchitekti.cz	konverzní poměr	150	0	16	2	1		informational+commercial	cs
digitalniarchitekti.cz	google looker data studio	40	47		2	7		branded+navigational+informational+commercial	cs
digitalniarchitekti.cz	deepnote	400	0	58			https://digitalniarchitekti.cz/clanek/deepnote/	branded+navigational+informational+commercial+transactional	cs
digitalniarchitekti.cz	big query	90	23	163			https://digitalniarchitekti.cz/clanek/bigquery-google-cloud-platforma/	branded+informational	cs
digitalniarchitekti.cz	google cloud run	10	2	154	1	4	https://digitalniarchitekti.cz/clanek/google-cloud-run/	branded+navigational+informational+commercial	cs
digitalniarchitekti.cz	bigquery	20	0	35	1	1	https://digitalniarchitekti.cz/clanek/bigquery-google-cloud-platforma/	branded+informational+commercial	cs
digitalniarchitekti.cz	audit webu	80	0	115			https://digitalniarchitekti.cz/produkty/analyticky-audit-webu/	informational+commercial	cs
digitalniarchitekti.cz	cloud run	10	3	30	1	1	https://digitalniarchitekti.cz/clanek/google-cloud-run/	branded+navigational+informational+commercial	cs
digitalniarchitekti.cz	co je xd	50	0				https://digitalniarchitekti.cz/clanek/adobe-xd-komplexni-nastroj-pro-design/	informational	cs
digitalniarchitekti.cz	google tag manager co to je	40	1	50	1	9		branded+informational	cs
digitalniarchitekti.cz	zpracování dat	0	0	82	1	1	https://digitalniarchitekti.cz/zpracovani-transformace-dat/	informational+commercial	cs
digitalniarchitekti.cz	utm parametr	20	0	12	1	1	https://digitalniarchitekti.cz/clanek/utm-parametry-k-cemu-slouzi/	informational	cs
digitalniarchitekti.cz	co je to github	40	0		1	11	https://digitalniarchitekti.cz/clanek/github/	branded+informational	cs
digitalniarchitekti.cz	veronika vacková	20	0		1	1	https://digitalniarchitekti.cz/veronika-vackova/	informational	cs
digitalniarchitekti.cz	cloud co to je	100	0	17			https://digitalniarchitekti.cz/clanek/digitalni-architekti-funguji-na-cloudu/	informational	cs
digitalniarchitekti.cz	segmentace zákazníků	40	0	122			https://digitalniarchitekti.cz/clanek/co-to-je-rfm-analyza/	informational	cs
digitalniarchitekti.cz	self service	40	0	16	1	7		informational+commercial	cs
digitalniarchitekti.cz	vizualizace dat	30	0	57	1	9	https://digitalniarchitekti.cz/vizualizace-dat-manazerske-prehledy/	informational	cs
digitalniarchitekti.cz	google signals	10	1		0	6	https://digitalniarchitekti.cz/clanek/google-signaly-i-cast/	branded+informational	cs
digitalniarchitekti.cz	co je to report	30	0		0	10		informational	cs
digitalniarchitekti.cz	data studio google	30	23	230	0	4	https://digitalniarchitekti.cz/clanek/looker-studio-vizualizacni-nastroj/	branded+navigational+informational	cs
digitalniarchitekti.cz	segmentace trhu	50	0	23			https://digitalniarchitekti.cz/clanek/co-to-je-rfm-analyza/	informational	cs
digitalniarchitekti.cz	geolokace ip	100	0				https://digitalniarchitekti.cz/clanek/gtm-geolokace-a-pocasi-ve-webove-analytice/	informational	cs
digitalniarchitekti.cz	google big query	0	4	55	0	3	https://digitalniarchitekti.cz/clanek/bigquery-google-cloud-platforma/	branded+informational+commercial	cs
digitalniarchitekti.cz	segmentace trhu příklad	10	0				https://digitalniarchitekti.cz/clanek/co-to-je-rfm-analyza/	informational	cs
digitalniarchitekti.cz	cookies lista	10	12	27	0	10		informational	cs
digitalniarchitekti.cz	ochutnej ořech eshop	90	1	58			https://digitalniarchitekti.cz/clanek/od-redesignu-k-datove-revoluci-uspech-ochutnej-orech/	branded+navigational+commercial+transactional	cs
digitalniarchitekti.cz	tag management	10	61	43			https://digitalniarchitekti.cz/clanek/google-tag-manager-pro-vas-byznys/	informational+commercial	cs
digitalniarchitekti.cz	utm tag	10	49		0	8	https://digitalniarchitekti.cz/clanek/utm-parametry-k-cemu-slouzi/	informational	cs
digitalniarchitekti.cz	prace s daty	900	0	6			https://digitalniarchitekti.cz/clanek/prace-s-daty/	informational	cs
digitalniarchitekti.cz	keboola logo	10	0	123	0	1		branded+informational	cs
digitalniarchitekti.cz	práce s daty	10	0	140	0	11	https://digitalniarchitekti.cz/clanek/prace-s-daty/	informational	cs
digitalniarchitekti.cz	data studio	150	9	78	0	3	https://digitalniarchitekti.cz/clanek/looker-studio-vizualizacni-nastroj/	branded+navigational+informational+commercial	cs
digitalniarchitekti.cz	co je to google	20	5		0	9		branded+informational	cs
digitalniarchitekti.cz	google bigquery	10	11	79	0	4	https://digitalniarchitekti.cz/clanek/bigquery-google-cloud-platforma/	branded+informational+commercial	cs
digitalniarchitekti.cz	webová analytika	80	0	112	0	6	https://digitalniarchitekti.cz/webova-analytika-digitalni-analytika/	informational+commercial	cs
digitalniarchitekti.cz	attribution	50	1				https://digitalniarchitekti.cz/clanek/attribution-modeling/	informational	cs
digitalniarchitekti.cz	google app script	20	24	17			https://digitalniarchitekti.cz/clanek/google-apps-script/	branded+informational	cs
digitalniarchitekti.cz	jak vypočítat marži	40	0				https://digitalniarchitekti.cz/produkty/vypocet-marze-v-realnem-case/	informational	cs
digitalniarchitekti.cz	canva co to je	150	0				https://digitalniarchitekti.cz/clanek/canva-revoluce-v-grafickem-designu-pro-kazdeho/	branded+informational	cs
digitalniarchitekti.cz	google pixelbook go	10	2				https://digitalniarchitekti.cz/clanek/google-chrome/	branded+informational+commercial+transactional	cs
digitalniarchitekti.cz	power bi co to je	200	0	22			https://digitalniarchitekti.cz/clanek/power-bi/	branded+informational	cs
digitalniarchitekti.cz	datastudio	50	16	78	0	3	https://digitalniarchitekti.cz/clanek/looker-studio-vizualizacni-nastroj/	branded+navigational+informational	cs
digitalniarchitekti.cz	postman	2300	20	9	0	5	https://digitalniarchitekti.cz/clanek/postman-kompletni-nastroj-pro-api-vyvoj/	branded+navigational+informational+commercial+transactional	cs
digitalniarchitekti.cz	workspace google	10	71	104			https://digitalniarchitekti.cz/clanek/zefektivnete-praci-s-google-workspace/	branded+navigational+informational+commercial+transactional	cs
digitalniarchitekti.cz	script app	20	48				https://digitalniarchitekti.cz/clanek/google-apps-script/	branded+informational	cs
digitalniarchitekti.cz	ga4	900	2	67	0	5	https://digitalniarchitekti.cz/produkty/nastaveni-ga4/	branded+informational+commercial	cs
digitalniarchitekti.cz	jak se počítá marže	200	0				https://digitalniarchitekti.cz/produkty/vypocet-marze-v-realnem-case/	informational	cs
digitalniarchitekti.cz	xd adobe	0	28	52	0	7		branded+informational	cs
digitalniarchitekti.cz	co je github	0	0	2	0	10	https://digitalniarchitekti.cz/clanek/github/	branded+informational	cs
digitalniarchitekti.cz	bi analytik	30	0	23			https://digitalniarchitekti.cz/business-intelligence-a-proc-ji-resit/	informational	cs
digitalniarchitekti.cz	marze vypocet	30	0				https://digitalniarchitekti.cz/produkty/vypocet-marze-v-realnem-case/	informational	cs
digitalniarchitekti.cz	datovy analytik	200	0	20			https://digitalniarchitekti.cz/kariera-datovy-analytik/	informational+commercial	cs
digitalniarchitekti.cz	data analytik	200	0	22			https://digitalniarchitekti.cz/kariera-datovy-analytik/	informational+commercial	cs
digitalniarchitekti.cz	výpočet zisku v procentech	10	5				https://digitalniarchitekti.cz/produkty/vypocet-marze-v-realnem-case/	informational	cs
digitalniarchitekti.cz	datalayer	30	0				https://digitalniarchitekti.cz/produkty/datova-vrstva/	informational	cs
digitalniarchitekti.cz	co to znamena xd	0	0				https://digitalniarchitekti.cz/clanek/adobe-xd-komplexni-nastroj-pro-design/	informational	cs
digitalniarchitekti.cz	translate page	30	70	18			https://digitalniarchitekti.cz/clanek/digitalni-architekti-funguji-na-cloudu/	informational	cs
digitalniarchitekti.cz	konverzní poměr výpočet	250	0				https://digitalniarchitekti.cz/clanek/optimalizace-konverzniho-pomeru/	informational	cs
digitalniarchitekti.cz	segmentace význam	30	0				https://digitalniarchitekti.cz/clanek/co-to-je-rfm-analyza/	informational	cs
digitalniarchitekti.cz	marketingova strategie	90	0	92			https://digitalniarchitekti.cz/clanek/co-obsahuje-marketingova-strategie/	informational+commercial	cs
digitalniarchitekti.cz	looker	150	73	56	0	5	https://digitalniarchitekti.cz/clanek/looker-studio-vizualizacni-nastroj/	branded+informational+commercial	cs
digitalniarchitekti.cz	prace z daty	60	0				https://digitalniarchitekti.cz/clanek/prace-s-daty/	informational	cs
digitalniarchitekti.cz	jak se pocita marze	20	0				https://digitalniarchitekti.cz/produkty/vypocet-marze-v-realnem-case/	informational	cs
digitalniarchitekti.cz	hangouts google	10	41				https://digitalniarchitekti.cz/clanek/google-chrome/	branded+navigational+informational	cs
digitalniarchitekti.cz	parametry	300	0	12			https://digitalniarchitekti.cz/clanek/utm-parametry-k-cemu-slouzi/	informational	cs
digitalniarchitekti.cz	digitalni	20	41				https://digitalniarchitekti.cz/	informational+commercial	cs
digitalniarchitekti.cz	datový analitik	30	0	84			https://digitalniarchitekti.cz/kariera-datovy-analytik/	informational+commercial	cs
digitalniarchitekti.cz	google task	200	63	75			https://digitalniarchitekti.cz/clanek/google-chrome/	branded+informational	cs
digitalniarchitekti.cz	adobe xd	30	0	24	0	8	https://digitalniarchitekti.cz/clanek/adobe-xd-komplexni-nastroj-pro-design/	branded+informational	cs
digitalniarchitekti.cz	google data studio	300	2	62	0	5	https://digitalniarchitekti.cz/clanek/looker-studio-vizualizacni-nastroj/	branded+navigational+informational	cs
digitalniarchitekti.cz	cíle marketingu	70	0				https://digitalniarchitekti.cz/clanek/marketing-meter-indikator-vyspelosti-marketingu-firmy-a-strategicke-rizeni-marketingu/	informational	cs
digitalniarchitekti.cz	výpočet prodejní ceny z marže	20	0				https://digitalniarchitekti.cz/clanek/vypocet-marze-v-realnem-case/	informational	cs
digitalniarchitekti.cz	jak založit kavárnu	60	0	2			https://digitalniarchitekti.cz/clanek/jak-marketingove-otevrit-kavarnu/	informational+commercial	cs
digitalniarchitekti.cz	fb pixel	50	0	26			https://digitalniarchitekti.cz/clanek/facebook-pixel/	branded+informational	cs
digitalniarchitekti.cz	chrome doplňky	30	3				https://digitalniarchitekti.cz/clanek/google-chrome/	branded+informational+commercial+transactional	cs
digitalniarchitekti.cz	co je git	150	0	14			https://digitalniarchitekti.cz/clanek/github/	branded+informational	cs
digitalniarchitekti.cz	caflou aplikace	10	0				https://digitalniarchitekti.cz/clanek/caflou/	branded+informational+commercial	cs
digitalniarchitekti.cz	hrubá marže výpočet	20	0				https://digitalniarchitekti.cz/clanek/vypocet-marze-v-realnem-case/	informational	cs
digitalniarchitekti.cz	pno vypocet	30	0				https://digitalniarchitekti.cz/clanek/spojeni-dat-z-marketingovych-systemu-a-databazi/	informational	cs
digitalniarchitekti.cz	vpn co to je	1200	2	8			https://digitalniarchitekti.cz/clanek/vpn-jak-si-spravne-vybrat/	informational	cs
digitalniarchitekti.cz	test rychlosti webu	100	32	133			https://digitalniarchitekti.cz/produkty/analyza-rychlosti-webu/	informational	cs
digitalniarchitekti.cz	obvyklá marže	40	0				https://digitalniarchitekti.cz/produkty/vypocet-marze-v-realnem-case/	informational	cs
digitalniarchitekti.cz	marketing firmy	50	0	31			https://digitalniarchitekti.cz/clanek/marketing-meter-indikator-vyspelosti-marketingu-firmy-a-strategicke-rizeni-marketingu/	informational+commercial	cs
digitalniarchitekti.cz	vecerni skola	0	0	49			https://digitalniarchitekti.cz/vecerni-skola-marketingu-plzen/	local+informational	cs
digitalniarchitekti.cz	facebook pixel	200	0	41	0	9	https://digitalniarchitekti.cz/clanek/facebook-pixel/	branded+informational	cs
digitalniarchitekti.cz	ochrana dat	50	0	91			https://digitalniarchitekti.cz/clanek/ochrana-soukromi-a-ochrana-dat/	informational	cs
digitalniarchitekti.cz	onboarding	1000	0	82			https://digitalniarchitekti.cz/produkty/onboarding-proces/	informational+commercial	cs
digitalniarchitekti.cz	clarity	1400	61	19	0	7		branded+informational+commercial	cs
digitalniarchitekti.cz	business intelligence analyst	20	9	68			https://digitalniarchitekti.cz/clanek/rozhodujte-rychle-a-efektivne-s-vyutitim-business-intelligence/	informational+commercial	cs
digitalniarchitekti.cz	kebula	30	13	123	0	7		branded+informational+commercial	cs
digitalniarchitekti.cz	api co to je	150	0				https://digitalniarchitekti.cz/clanek/postman-kompletni-nastroj-pro-api-vyvoj/	informational	cs
digitalniarchitekti.cz	gtm	900	2	52	0	7		branded+informational	cs
digitalniarchitekti.cz	dashlane	150	17	13			https://digitalniarchitekti.cz/clanek/dashlane/	branded+navigational+informational+commercial+transactional	cs
digitalniarchitekti.cz	marketingové strategie	300	0	102			https://digitalniarchitekti.cz/clanek/co-obsahuje-marketingova-strategie/	informational+commercial	cs
digitalniarchitekti.cz	marketingová analýza	80	0	60			https://digitalniarchitekti.cz/clanek/co-obsahuje-marketingova-strategie/	informational	cs
digitalniarchitekti.cz	google apps script	200	27	6			https://digitalniarchitekti.cz/clanek/google-apps-script/	branded+informational	cs
digitalniarchitekti.cz	consent mode v2	100	33				https://digitalniarchitekti.cz/clanek/google-consent-mode-2-0/	branded+informational	cs
digitalniarchitekti.cz	google.pl	100	2				https://digitalniarchitekti.cz/clanek/digitalni-architekti-funguji-na-cloudu/	branded+navigational+informational	cs
digitalniarchitekti.cz	analýza webových stránek	150	0	127			https://digitalniarchitekti.cz/produkty/analyza-rychlosti-webu/	informational+commercial	cs
digitalniarchitekti.cz	překladač ̈	50	59	1			https://digitalniarchitekti.cz/clanek/digitalni-architekti-funguji-na-cloudu/	informational	cs
digitalniarchitekti.cz	onboarding co to je	150	0				https://digitalniarchitekti.cz/produkty/onboarding-proces/	informational	cs
digitalniarchitekti.cz	co jsou soubory cookies	20	58	11			https://digitalniarchitekti.cz/soubory-cookies/	informational	cs
digitalniarchitekti.cz	dynamics	100	2	13	0	8		branded+informational+commercial	cs
digitalniarchitekti.cz	www.google.pl	20	23				https://digitalniarchitekti.cz/clanek/digitalni-architekti-funguji-na-cloudu/	branded+navigational	cs
digitalniarchitekti.cz	marketing roi	30	0				https://digitalniarchitekti.cz/clanek/mereni-navratnosti-investic-roi-v-e-commerce-co-se-skutecne-vyplati/	informational	cs
digitalniarchitekti.cz	lookerstudio	30	33	56	0	8		branded+navigational+informational	cs
digitalniarchitekti.cz	al umela inteligence	40	23	24			https://digitalniarchitekti.cz/clanek/jak-funguje-ai/	informational	cs
digitalniarchitekti.cz	a+b	40	0				https://digitalniarchitekti.cz/produkty/experimenty-ab-testovani/	informational	cs
digitalniarchitekti.cz	cookies soubory	70	56	16			https://digitalniarchitekti.cz/soubory-cookies/	informational	cs
digitalniarchitekti.cz	marek čech	90	0				https://digitalniarchitekti.cz/marek-cech/	informational	cs
digitalniarchitekti.cz	marketingová propagace	200	0	38			https://digitalniarchitekti.cz/marketingova-strategie-naucte-se-ridit-vas-marketing-efektivne/	informational	cs
digitalniarchitekti.cz	google cloud	1100	45	80	0	9	https://digitalniarchitekti.cz/clanek/digitalni-architekti-funguji-na-cloudu/	branded+navigational+informational+commercial	cs
digitalniarchitekti.cz	googletagmanager	20	81	87	0	8	https://digitalniarchitekti.cz/clanek/google-tag-manager-pro-vas-byznys/	branded+navigational+informational	cs
digitalniarchitekti.cz	see think do care	150	0	23			https://digitalniarchitekti.cz/clanek/naplanujte-marketingovou-strategii-s-stdc-ramcem-see-think-do-care/	informational	cs
digitalniarchitekti.cz	výpočet pno	100	0				https://digitalniarchitekti.cz/produkty/analytika-ppc-kampani/	informational	cs
digitalniarchitekti.cz	google pl	80	6	9			https://digitalniarchitekti.cz/clanek/digitalni-architekti-funguji-na-cloudu/	branded+navigational	cs
digitalniarchitekti.cz	co je lead	30	0				https://digitalniarchitekti.cz/produkty/hodnoceni-kvality-leadu-spojeni-pohledu-webove-analytiky-a-marketingu/	informational	cs
digitalniarchitekti.cz	a/b testování	60	0				https://digitalniarchitekti.cz/produkty/experimenty-ab-testovani/	informational+commercial	cs
digitalniarchitekti.cz	datalake	10	43	49	0	9	https://digitalniarchitekti.cz/clanek/data-lake/	informational	cs
digitalniarchitekti.cz	pixel facebook	30	0	110			https://digitalniarchitekti.cz/clanek/facebook-pixel/	branded+informational	cs
digitalniarchitekti.cz	návštěvnosti	100	2	23			https://digitalniarchitekti.cz/clanek/postup-vylouceni-interni-navstevnosti/	informational+commercial	cs
digitalniarchitekti.cz	google analitic	60	87	29			https://digitalniarchitekti.cz/clanek/google-analytics/	branded+navigational+informational	cs
digitalniarchitekti.cz	caflou	1700	0	22			https://digitalniarchitekti.cz/clanek/caflou/	branded+navigational+informational+commercial	cs
digitalniarchitekti.cz	workspace	800	57	76			https://digitalniarchitekti.cz/clanek/zefektivnete-praci-s-google-workspace/	branded+informational+commercial	cs
digitalniarchitekti.cz	google certifikace	10	3				https://digitalniarchitekti.cz/clanek/certifikace-google-partners/	branded+informational+commercial	cs
digitalniarchitekti.cz	appscript	20	36				https://digitalniarchitekti.cz/clanek/google-apps-script/	branded+navigational+informational	cs
digitalniarchitekti.cz	cx	450	0	6			https://digitalniarchitekti.cz/clanek/analyza-zakaznicke-zkusenosti/	informational	cs
digitalniarchitekti.cz	relevantnost	70	0				https://digitalniarchitekti.cz/stitek/relevantnost-dat/	informational	cs
digitalniarchitekti.cz	ppc specialista	500	0	336			https://digitalniarchitekti.cz/clanek/co-by-mel-ppc-specialista-vedet-o-analytice/	informational	cs
digitalniarchitekti.cz	historie google chrome	20	0				https://digitalniarchitekti.cz/clanek/google-chrome/	branded+informational	cs
digitalniarchitekti.cz	dynamický remarketing	200	0	21			https://digitalniarchitekti.cz/produkty/nastaveni-dynamickeho-remarketingu/	branded+informational	cs
digitalniarchitekti.cz	be real times	0	2				https://digitalniarchitekti.cz/clanek/real-time-analytics/	branded+informational	cs
digitalniarchitekti.cz	konec cookies třetích stran	0	0				https://digitalniarchitekti.cz/clanek/konec-cookies-3-stran/	informational	cs
digitalniarchitekti.cz	ochutnejořech.cz	0	0	48	0	7		branded+navigational+commercial+transactional	cs
digitalniarchitekti.cz	bára soukupová	0	0		0	7		informational	cs
digitalniarchitekti.cz	výroční zpráva 2022	0	1				https://digitalniarchitekti.cz/clanek/vyrocni-zprava-2022/	informational	cs
digitalniarchitekti.cz	blokovače reklam nejsou na youtube povoleny	0	0				https://digitalniarchitekti.cz/clanek/co-by-mel-seo-specialista-vedet-o-analytice/	branded+informational	cs
digitalniarchitekti.cz	python využití	0	1	5			https://digitalniarchitekti.cz/clanek/python-pomocnik-pri-praci-s-daty/	branded+informational	cs
digitalniarchitekti.cz	kdy bude black friday 2023	0	1	59			https://digitalniarchitekti.cz/clanek/webova-analytika-black-friday-a-jak-tento-fenomen-vyuzit-na-max/	branded+informational+commercial	cs
digitalniarchitekti.cz	google ana	0	88		0	4		branded+informational+commercial	cs