sovanet.cz	https://www.sovanet.cz/zpetne-odkazy/	97	2	zpetne odkazy	400	3	0	Zpětné odkazy | Internetová agentura ...
sovanet.cz	https://www.sovanet.cz/linkbuilding/	34	4	linkbulding	350	6	0	Linkbuilding: budování zpětných odkazů
sovanet.cz	https://www.sovanet.cz/slovnik-internetovych-pojmu/a/ambient-marketing/	14	1	ambient marketing	40	3	0	Ambient marketing | Internetová agentura SOVA NET
sovanet.cz	https://www.sovanet.cz/komplexni-seo-strategie-graficky-navrh-webu/	6	1	seo strategie	100	6	0	Komplexní SEO strategie a grafický návrh webu
sovanet.cz	https://www.sovanet.cz/robots-txt/	5	1	robot txt	50	3	0	Robots.txt | Internetová agentura SOVA NET
sovanet.cz	https://www.sovanet.cz/user-generated-content/	4	1	user generated content	80	4	0	User Generated Content | Internetová agentura SOVA NET
sovanet.cz	https://www.sovanet.cz/proc-se-hodi-prejit-na-https/	3	4	https protokol	90	8	0	Proč se hodí přejít na HTTPS?
sovanet.cz	https://www.sovanet.cz/seo-nastroje/	2	2	nástroj na seo	1900	22	1	SEO nástroje – mají smysl?
sovanet.cz	https://www.sovanet.cz/novinka-ze-sveta-onlinu-referencni-marketing/	2	1	referenční marketing	30	5	0	NOVINKA ZE SVĚTA ONLINU – REFERENČNÍ MARKETING!
sovanet.cz	https://www.sovanet.cz/	2	1	cíle marketingu	60	9	89	Definujte cíl a pochopte způsob jeho dosažení
sovanet.cz	https://www.sovanet.cz/hoax/	0	1	hoax	900	13	0	Hoax | Internetová agentura SOVA NET
sovanet.cz	https://www.sovanet.cz/engagement-marketing/	0	1	engagement	500	11	0	Engagement marketing | Internetová agentura SOVA NET
sovanet.cz	https://www.sovanet.cz/slovnik-internetovych-pojmu/a/adsense-google-adsense/	0	1	google adsense	350	6	0	AdSense (Google AdSense) | Internetová agentura ...
sovanet.cz	https://www.sovanet.cz/slovnik-internetovych-pojmu/d/direct-mail/	0	1	direct mail	70	9	0	Direct mail | Internetová agentura SOVA NET
sovanet.cz	https://www.sovanet.cz/vyznam-a-prinos-spravneho-tagovani-kampani/	0	1	tagování	10	8	0	Význam a přínos správného tagování kampaní
sovanet.cz	https://www.sovanet.cz/fmcg/	0	1	fmcg význam	0	4	0	FMCG | Internetová agentura SOVA NET
sovanet.cz	https://www.sovanet.cz/definuj-cil-pochop-zpusob-dosazeni/	0	1	smart cile priklad	10	5	0	
sovanet.cz	https://www.sovanet.cz/co-vsechno-umi-smartemailing-a-proc-ho-pouzivame/	0	3	smart emailing	150	4	0	Co všechno umí SmartEmailing a proč ho používáme?
sovanet.cz	https://www.sovanet.cz/nova-socialni-sit-google/	0	1	nová sociální síť	0	6	0	Nová sociální síť: Google+
sovanet.cz	https://www.sovanet.cz/korenovy-adresar/	0	1	kořenový adresář	0	6	0	Kořenový adresář | Internetová agentura SOVA NET
sovanet.cz	https://www.sovanet.cz/velke-srovnani-povolenych-formatu/	0	1	responzivní reklama	30	10	0	
sovanet.cz	https://www.sovanet.cz/swot-analyza/	0	1	swot	900	6	0	SWOT analýza | Internetová agentura SOVA NET
sovanet.cz	https://www.sovanet.cz/seo/	0	1	seo agentury	600	30	0	SEO | Internetová agentura SOVA NET
sovanet.cz	https://www.sovanet.cz/analyza-struktury-webu-pouzitelnosti/	0	1	struktura webu	600	27	0	Analýza struktury webu a použitelnosti
sovanet.cz	https://www.sovanet.cz/blog/facebook-studio-nova-platforma-marketingove-komunity/	0	1	facebook studio	0	8	0	Facebook Studio: nová platforma marketingové komunity
sovanet.cz	https://www.sovanet.cz/page-rank/	0	1	page rank	100	7	0	Page Rank | Internetová agentura SOVA NET
sovanet.cz	https://www.sovanet.cz/slovnik-internetovych-pojmu/a/adwords-google-adwords/	0	1	adwords	500	7	0	AdWords (Google AdWords) | Internetová agentura ...