sovanet.cz	zpetne odkazy	400	0	122	78	1		informational+commercial	cs
sovanet.cz	analýza webu	500	0	128			https://www.sovanet.cz/analyza-struktury-webu-pouzitelnosti/	informational+commercial	cs
sovanet.cz	fmcg	500	1	18			https://www.sovanet.cz/fmcg/	informational+commercial	cs
sovanet.cz	zpětné odkazy	150	0	122	19	3		informational+commercial	cs
sovanet.cz	linkbulding	350	0	118	17	6		informational	cs
sovanet.cz	analýza webových stránek	150	0	127			https://www.sovanet.cz/analyza-struktury-webu-pouzitelnosti/	informational+commercial	cs
sovanet.cz	ambient marketing	40	0		14	3	https://www.sovanet.cz/slovnik-internetovych-pojmu/a/ambient-marketing/	informational	cs
sovanet.cz	linkbuildingu	200	1		12	5		informational	cs
sovanet.cz	analyza webu	150	0	95			https://www.sovanet.cz/analyza-struktury-webu-pouzitelnosti/	informational+commercial	cs
sovanet.cz	https	4700	12	6			https://www.sovanet.cz/https-a-co-je-treba-si-ohlidat/	informational	cs
sovanet.cz	seo strategie	100	0	83	6	6		informational+commercial	cs
sovanet.cz	link building	150	48	139	5	7		informational+commercial	cs
sovanet.cz	robot txt	50	0	7	5	3		informational	cs
sovanet.cz	barter	900	3	1			https://www.sovanet.cz/slovnik-internetovych-pojmu/b/barter/	informational	cs
sovanet.cz	user generated content	80	0	23	4	4		informational	cs
sovanet.cz	nástroj na seo	1900	0		2	22		informational+commercial	cs
sovanet.cz	uživatelské testování	200	0	50			https://www.sovanet.cz/uzivatelske-testovani/	informational	cs
sovanet.cz	referenční marketing	30	0		2	5	https://www.sovanet.cz/novinka-ze-sveta-onlinu-referencni-marketing/	informational+commercial	cs
sovanet.cz	cíle marketingu	60	0		2	9	https://www.sovanet.cz/definuj-cil-pochop-zpusob-dosazeni/	informational	cs
sovanet.cz	https protokol	90	0	121	2	8		informational	cs
sovanet.cz	marketingové služby	100	0	141			https://www.sovanet.cz/komplexni-online-marketingove-sluzby/	local+informational+commercial	cs
sovanet.cz	buzz marketing	100	0	66			https://www.sovanet.cz/slovnik-internetovych-pojmu/b/buzzmarketing/	informational	cs
sovanet.cz	co je to barter	50	1				https://www.sovanet.cz/slovnik-internetovych-pojmu/b/barter/	informational	cs
sovanet.cz	barter význam	20	1				https://www.sovanet.cz/slovnik-internetovych-pojmu/b/barter/	informational	cs
sovanet.cz	co je https	50	0		1	8	https://www.sovanet.cz/proc-se-hodi-prejit-na-https/	informational	cs
sovanet.cz	fmcg sektor	30	0				https://www.sovanet.cz/fmcg/	informational	cs
sovanet.cz	co je barter	80	1				https://www.sovanet.cz/slovnik-internetovych-pojmu/b/barter/	informational	cs
sovanet.cz	atl komunikace	60	0				https://www.sovanet.cz/slovnik-internetovych-pojmu/a/atl/	informational	cs
sovanet.cz	guerrilla marketing	90	0	14			https://www.sovanet.cz/slovnik-internetovych-pojmu/a/ambient-marketing/	informational	cs
sovanet.cz	media plan	60	0				https://www.sovanet.cz/media-plany-poznejte-skutecnou-prilezitost-nafouknute-bublin/	informational+commercial	cs
sovanet.cz	media plán	70	0				https://www.sovanet.cz/media-plany-poznejte-skutecnou-prilezitost-nafouknute-bublin/	informational+commercial	cs
sovanet.cz	linkbuilding seo	200	0	130			https://www.sovanet.cz/linkbuilding/	informational+commercial	cs
sovanet.cz	swot	900	0	16	0	6		informational	cs
sovanet.cz	audit webu	80	0	115			https://www.sovanet.cz/vyzkousejte-audit-webu-zdarma/	informational+commercial	cs
sovanet.cz	+420 389 010 422	30	0				https://essox-staging.sovanet.cz/dulezite-informace	local+informational	cs
sovanet.cz	je telefonní číslo osobní údaj	40	0				https://www.sovanet.cz/co-musite-vedet-o-gdpr/	informational	cs
sovanet.cz	smart cile priklad	10	0		0	5		informational	cs
sovanet.cz	page rank	100	22	67	0	7		branded+informational	cs
sovanet.cz	tagování	10	0		0	8		informational	cs
sovanet.cz	btl co to je	10	0				https://www.sovanet.cz/slovnik-internetovych-pojmu/b/btl/	branded+informational+commercial	cs
sovanet.cz	struktura webu	600	0	65	0	27		informational	cs
sovanet.cz	https //	8500	12	11			https://www.sovanet.cz/https-a-co-je-treba-si-ohlidat/	informational	cs
sovanet.cz	linkedin sales navigator	200	17	19			https://www.sovanet.cz/perks-of-using-linkedin-s-sales-navigator/	branded+informational+commercial+transactional	cs
sovanet.cz	bounce rate co to je	200	0				https://www.sovanet.cz/slovnik-internetovych-pojmu/b/bounce-rate/	informational	cs
sovanet.cz	dvakrát měř jednou řež	100	0				https://www.sovanet.cz/dvakrat-mer-jednou-rez-aneb-technicka-analyza/	informational	cs
sovanet.cz	seo agentury	600	1		0	30		local+informational+commercial	cs
sovanet.cz	rozměry bannerů google ads	30	0	60			https://www.sovanet.cz/velke-srovnani-povolenych-formatu/	branded+informational+commercial	cs
sovanet.cz	srank	450	0				https://www.sovanet.cz/srank/	branded+informational	cs
sovanet.cz	školení linkbuilding	300	2	43	0	29		informational+commercial	cs
sovanet.cz	facebook studio	0	0		0	8		branded+informational+commercial	cs
sovanet.cz	responzivní reklama	30	0		0	10		informational	cs
sovanet.cz	fmcg význam	0	0		0	4	https://www.sovanet.cz/fmcg/	informational	cs
sovanet.cz	sales navigator linkedin	50	23	25			https://www.sovanet.cz/perks-of-using-linkedin-s-sales-navigator/	branded+informational+commercial+transactional	cs
sovanet.cz	linkbuilding	250	2				https://www.sovanet.cz/linkbuilding/	informational	cs
sovanet.cz	jyxo	20	0				https://www.sovanet.cz/jyxo/	branded+informational	cs
sovanet.cz	marketing novinky	150	6	94			https://www.sovanet.cz/marketingove-novinky-a-tipy-srpen-2024/	informational+commercial	cs
sovanet.cz	kořenový adresář	0	0		0	6	https://www.sovanet.cz/korenovy-adresar/	informational	cs
sovanet.cz	nákup na splátky essox	60	0	231			https://essox-staging.sovanet.cz/dokumenty-ke-stazeni/nakup-na-splatky	branded+informational+commercial+transactional	cs
sovanet.cz	google adsense	350	4	65	0	6		branded+navigational+informational+transactional	cs
sovanet.cz	engagement	500	0	6	0	11		informational	cs
sovanet.cz	limity veřejných zakázek	30	0				http://kopstransparency.sovanet.cz/verejne-zakazky-1-jake-financni-limity-zakazky-maleho-rozsah/	informational	cs
sovanet.cz	smart emailing	150	1	85	0	4	https://www.sovanet.cz/co-vsechno-umi-smartemailing-a-proc-ho-pouzivame/	branded+navigational+informational+commercial	cs
sovanet.cz	guerilla marketing příklady	150	0	32			https://www.sovanet.cz/trendy-online-marketingu/	informational	cs
sovanet.cz	essox půjčka podmínky	60	0	55			https://essox-staging.sovanet.cz/dokumenty-ke-stazeni/nakup-na-splatky	branded+informational+commercial	cs
sovanet.cz	swot metoda	100	0	4			https://www.sovanet.cz/swot-analyza/	informational	cs
sovanet.cz	http https://	1000	0				https://www.sovanet.cz/https-a-co-je-treba-si-ohlidat/	informational	cs
sovanet.cz	sklik bannery	50	0	93			https://www.sovanet.cz/velke-srovnani-povolenych-formatu/	branded+informational+commercial	cs
sovanet.cz	be real aplikace	30	0				https://www.sovanet.cz/bereal-aneb-dokonale-ne-dokonala-aplikace/	branded+informational	cs
sovanet.cz	essox splátky	30	1	60			https://essox-staging.sovanet.cz/dokumenty-ke-stazeni/nakup-na-splatky	branded+informational+commercial+transactional	cs
sovanet.cz	ctr marketing	80	0	11			https://www.sovanet.cz/slovnik-internetovych-pojmu/c/click-through-rate-ctr/	informational	cs
sovanet.cz	mediální plán	20	0				https://www.sovanet.cz/media-plany-poznejte-skutecnou-prilezitost-nafouknute-bublin/	informational	cs
sovanet.cz	smartmailing	150	0	55	0	4	https://www.sovanet.cz/co-vsechno-umi-smartemailing-a-proc-ho-pouzivame/	branded+navigational+informational+commercial	cs
sovanet.cz	cílová skupina marketing	80	0				https://www.sovanet.cz/slovnik-internetovych-pojmu/c/cilova-skupina/	informational	cs
sovanet.cz	ttps	30	0		0	5		informational	cs
sovanet.cz	ambush marketing	40	0	17			https://www.sovanet.cz/slovnik-internetovych-pojmu/a/ambush-marketing/	informational	cs
sovanet.cz	seo linkbuilding	150	0	117			https://www.sovanet.cz/linkbuilding/	informational+commercial	cs
sovanet.cz	direct mail	70	0	74	0	9		informational	cs
sovanet.cz	essox eshopy	50	2	158			https://essox-staging.sovanet.cz/nakupy-on-line	branded+informational+commercial+transactional	cs
sovanet.cz	webgarant	20	0				https://www.sovanet.cz/web-garant/	branded+local+informational+commercial	cs
sovanet.cz	obsahová reklama	200	0	24			https://www.sovanet.cz/obsahova-sit/	informational+commercial	cs
sovanet.cz	bartrový obchod	10	3				https://www.sovanet.cz/slovnik-internetovych-pojmu/b/barter/	informational	cs
sovanet.cz	seo nástroje	600	0	68	0	15		informational+commercial	cs
sovanet.cz	interní komunikace	150	0	97			https://www.sovanet.cz/digitalizace-interni-komunikace-jak-zefektivnit-praci-zamestnancu/	informational+commercial	cs
sovanet.cz	zkratka url	70	1				https://www.sovanet.cz/co-jsou-utm-parametry-a-jak-mi-pomuzou/	informational+commercial	cs
sovanet.cz	utm parametry	150	0	13			https://www.sovanet.cz/co-jsou-utm-parametry-a-jak-mi-pomuzou/	informational+commercial	cs
sovanet.cz	klíčová slova seo	150	0	147			https://www.sovanet.cz/faktory-ovlivnujici-seo-a-jak-na-ne-vyzrat/	informational	cs
sovanet.cz	ad sense	10	24	116			https://www.sovanet.cz/slovnik-internetovych-pojmu/a/adsense-google-adsense/	branded+navigational+informational+transactional	cs
sovanet.cz	sklik logo	150	4				https://www.sovanet.cz/velke-srovnani-povolenych-formatu/	branded+informational+commercial	cs
sovanet.cz	pracovni portal	60	72	7			https://www.sovanet.cz/pracovni-portal-klasicke-mobilni-verzi/	informational+commercial	cs
sovanet.cz	35-3042380287/0100	50	0				https://essox-staging.sovanet.cz/uver-na-auto	branded+local+informational	cs
sovanet.cz	adwords	500	0	86	0	7	https://www.sovanet.cz/slovnik-internetovych-pojmu/a/adwords-google-adwords/	branded+informational+commercial	cs
sovanet.cz	canva cz	100	0				https://www.sovanet.cz/tipy-na-uzitecne-nastroje/	branded+navigational+informational+commercial	cs
sovanet.cz	co je dns	350	0	4			https://www.sovanet.cz/dns/	informational	cs
sovanet.cz	marketingový audit	10	0	69			https://www.sovanet.cz/doc/audity_online_marketingu_sova_navigator.pdf	informational	cs
sovanet.cz	http 404	200	1	8			https://www.sovanet.cz/zkrotit-stranky-chybou-404/	informational	cs
sovanet.cz	plánovač klíčových slov google	150	0	50			https://www.sovanet.cz/jak-na-analyzu-klicovych-slov-a-konkurence/	branded+informational	cs
sovanet.cz	ga 4	150	69	87			https://www.sovanet.cz/googleanalytics4/	branded+informational	cs
sovanet.cz	cookies lista	20	3	27			https://www.sovanet.cz/cookie-lista-aneb-dodrzovat-pravidla-s-nami-se-vyplati/	informational	cs
sovanet.cz	webový vyhledávač	150	0	6			https://www.sovanet.cz/fulltextove-vyhledavace/	informational	cs
sovanet.cz	hoax	900	0	5	0	13		informational	cs
sovanet.cz	kb spotřebitelský úvěr	80	0	97			https://essox-staging.sovanet.cz/nakupy-on-line	informational+commercial+transactional	cs
sovanet.cz	smartemailing	1800	0	99	0	6	https://www.sovanet.cz/co-vsechno-umi-smartemailing-a-proc-ho-pouzivame/	branded+navigational+informational+commercial	cs
sovanet.cz	online marketing agentura	150	24	114			https://www.sovanet.cz/online-marketing/	local+informational+commercial	cs
sovanet.cz	canva co to je	150	0				https://www.sovanet.cz/tipy-na-uzitecne-nastroje/	branded+informational	cs
sovanet.cz	click through rate	40	66	10			https://www.sovanet.cz/slovnik-internetovych-pojmu/c/click-through-rate-ctr/	informational	cs
sovanet.cz	vyhledavace	250	1	15			https://www.sovanet.cz/fulltextove-vyhledavace/	informational	cs
sovanet.cz	dvoufázové ověření	250	2	17			https://www.sovanet.cz/dvoufazove-overeni/	informational	cs
sovanet.cz	velikost banneru	80	0	14			https://www.sovanet.cz/velke-srovnani-povolenych-formatu/	informational+commercial	cs
sovanet.cz	data studio google	10	17	230			https://www.sovanet.cz/google-data-studio-nove-v-cr/	branded+navigational+informational	cs
sovanet.cz	mediaplan	100	0				https://www.sovanet.cz/media-plany-poznejte-skutecnou-prilezitost-nafouknute-bublin/	informational+commercial	cs
sovanet.cz	internetový	30	8	21			https://www.sovanet.cz/spuntik/	informational+commercial	cs
sovanet.cz	co je to gdpr	30	11	18			https://www.sovanet.cz/co-musite-vedet-o-gdpr/	branded+informational	cs
sovanet.cz	see think do care	150	0	23			https://www.sovanet.cz/see-think-do-care/	informational	cs
sovanet.cz	5994130217/0100	70	0				https://essox-staging.sovanet.cz/uver-na-auto	informational	cs
sovanet.cz	adsence	80	88	41			https://www.sovanet.cz/slovnik-internetovych-pojmu/a/adsense-google-adsense/	branded+navigational+informational+transactional	cs
sovanet.cz	b2g	200	0	9			https://www.sovanet.cz/slovnik-internetovych-pojmu/b/b2g/	informational	cs
sovanet.cz	google zboží	50	2	2			https://www.sovanet.cz/15-tipu-jak-na-nakupy-google/	branded+informational+commercial	cs
sovanet.cz	analýza klíčových slov	1000	2	106			https://www.sovanet.cz/analyza-klicovych-slov/	informational	cs
sovanet.cz	adwords google	20	27	32			https://www.sovanet.cz/slovnik-internetovych-pojmu/a/adwords-google-adwords/	branded+informational+commercial	cs
sovanet.cz	essox leasing	20	0	39			https://essox-staging.sovanet.cz/ds	branded+informational+commercial	cs
sovanet.cz	chyba 404	250	0	2			https://www.sovanet.cz/zkrotit-stranky-chybou-404/	informational	cs
sovanet.cz	nákupy google	70	2	29			https://www.sovanet.cz/15-tipu-jak-na-nakupy-google/	branded+informational+commercial	cs
sovanet.cz	dns servery	150	14	24			https://www.sovanet.cz/dns/	informational	cs
sovanet.cz	essox	2300	0	132			https://essox-staging.sovanet.cz/dulezite-informace	branded+informational+commercial	cs
sovanet.cz	starkl zahradnictví	100	0	14			https://www.sovanet.cz/nejvetsi-online-zahradnictvi-v-cr-eshop-web/	branded+local+navigational+informational+commercial	cs
sovanet.cz	bere.al	0	7				https://www.sovanet.cz/bereal-aneb-dokonale-ne-dokonala-aplikace/	branded+navigational+informational	cs
sovanet.cz	aktualizace chrome	250	5	78			https://www.sovanet.cz/aktualizace-google-chrome-prechod-na-https/	branded+informational	cs
sovanet.cz	https//	50	11				https://www.sovanet.cz/https-a-co-je-treba-si-ohlidat/	informational	cs
sovanet.cz	vektorova grafika	200	0	20			https://www.sovanet.cz/vektorova-grafika/	informational	cs
sovanet.cz	google data	60	84	57			https://www.sovanet.cz/google-data-studio-nove-v-cr/	branded+informational	cs
sovanet.cz	sklik klíčová slova	70	0	27			https://www.sovanet.cz/postrehy-z-sklik-expert-forum-2020/	branded+informational+commercial	cs
sovanet.cz	nakupy google	60	2	263			https://www.sovanet.cz/15-tipu-jak-na-nakupy-google/	branded+informational+commercial	cs
sovanet.cz	ctr	900	2	12			https://www.sovanet.cz/slovnik-internetovych-pojmu/c/click-through-rate-ctr/	informational+commercial	cs
sovanet.cz	google plus	300	22	137			https://www.sovanet.cz/nova-socialni-sit-google/	branded+informational+commercial	cs
sovanet.cz	google data studio	350	26	62			https://www.sovanet.cz/google-data-studio-nove-v-cr/	branded+navigational+informational	cs
sovanet.cz	ga4	600	90	67			https://www.sovanet.cz/googleanalytics4/	branded+informational+commercial	cs
sovanet.cz	data studio	150	9	78			https://www.sovanet.cz/google-data-studio-nove-v-cr/	branded+navigational+informational+commercial	cs
sovanet.cz	datastudio	50	9	78			https://www.sovanet.cz/google-data-studio-nove-v-cr/	branded+navigational+informational	cs
sovanet.cz	co je be real	0	0				https://www.sovanet.cz/bereal-aneb-dokonale-ne-dokonala-aplikace/	branded+informational	cs
sovanet.cz	jak funguje bereal	0	0				https://www.sovanet.cz/bereal-aneb-dokonale-ne-dokonala-aplikace/	branded+informational	cs
sovanet.cz	co je bereal	0	0				https://www.sovanet.cz/bereal-aneb-dokonale-ne-dokonala-aplikace/	branded+informational	cs
sovanet.cz	be real co to je	0	0				https://www.sovanet.cz/bereal-aneb-dokonale-ne-dokonala-aplikace/	branded+informational	cs
sovanet.cz	nová sociální síť	0	0	37	0	6		branded+informational	cs
sovanet.cz	aktualizovat google chrome	0	3	24			https://www.sovanet.cz/aktualizace-google-chrome-prechod-na-https/	branded+informational	cs
sovanet.cz	https/bezpečnost/	0	0		0	4		informational	cs