neogy.cz	copywriting	2200	0	48	58	8		informational	cs
neogy.cz	cpc	350	0	11	30	2		informational+commercial	cs
neogy.cz	online marketing	900	0	112	24	5		informational+commercial	cs
neogy.cz	co je to marketing	600	0	66	12	8		informational	cs
neogy.cz	co je marketing	400	0	48	11	1		informational	cs
neogy.cz	marketér	250	0	52	10	6		informational	cs
neogy.cz	online marketing agentura	100	56	114	5	10	https://www.neogy.cz/blog/vybirame-marketingovou-agenturu/	local+informational+commercial	cs
neogy.cz	marketingové kanály	90	0	39	5	6		informational+commercial	cs
neogy.cz	marketing co to je	150	0	24	4	6		informational	cs
neogy.cz	imprese	600	0	18	4	8	https://www.neogy.cz/slovnik-marketingovych-pojmu/imprese/	informational	cs
neogy.cz	kliknutím	200	0	818	3	9		informational	cs
neogy.cz	marketer	200	0	96	3	7		informational	cs
neogy.cz	ppc zkratka	60	0	44	3	4		informational	cs
neogy.cz	marketing význam	60	0		2	7		informational	cs
neogy.cz	marketing online	150	0	90	2	10		informational+commercial	cs
neogy.cz	cpc marketing	100	0	19			https://www.neogy.cz/slovnik-marketingovych-pojmu/cpc/	informational	cs
neogy.cz	marketing definice	200	0	28	1	8		informational	cs
neogy.cz	маркетинг	70	1	25	1	8		informational	cs
neogy.cz	cilova skupina	30	0	4	1	8		informational	cs
neogy.cz	definice marketingu	200	0	43	1	10		informational	cs
neogy.cz	atribuční model	30	0		1	8		informational	cs
neogy.cz	twitter ads	20	2	85	1	2		branded+informational+commercial	cs
neogy.cz	co je imprese	70	0		1	8		informational	cs
neogy.cz	cpm zkratka	20	0		1	7		informational	cs
neogy.cz	demarketing	10	0	24	1	3		informational	cs
neogy.cz	datastudio	50	16	78	1	2		branded+navigational+informational	cs
neogy.cz	sem marketing	200	0	5			https://www.neogy.cz/slovnik-marketingovych-pojmu/sem/	informational	cs
neogy.cz	cro marketing	10	3				https://www.neogy.cz/slovnik-marketingovych-pojmu/cro/	informational	cs
neogy.cz	co je to ppc	20	0	36	0	11		informational	cs
neogy.cz	co je cpc	60	0		0	10	https://www.neogy.cz/slovnik-marketingovych-pojmu/cpc/	informational	cs
neogy.cz	marketing and media	10	0		0	4		branded+informational	cs
neogy.cz	instagram reklamy	100	0				https://www.neogy.cz/slovnik-marketingovych-pojmu/instagram-ads/	branded+informational+commercial	cs
neogy.cz	roi zkratka	10	0		0	9		informational	cs
neogy.cz	co je roi	700	0	7	0	28	https://www.neogy.cz/slovnik-marketingovych-pojmu/roi/	informational	cs
neogy.cz	marketing & media	10	0		0	6		branded+navigational+informational+commercial	cs
neogy.cz	impresse	10	0	127	0	8	https://www.neogy.cz/slovnik-marketingovych-pojmu/imprese/	informational	cs
neogy.cz	marketing	3700	0	94	0	8		informational	cs
neogy.cz	linkbuildingu	200	1		0	31		informational	cs
neogy.cz	co je to ltv	90	0				https://www.neogy.cz/slovnik-marketingovych-pojmu/ltv/	informational	cs
neogy.cz	webová analytika	80	0	112	0	8	https://www.neogy.cz/slovnik-marketingovych-pojmu/webova-analytika/	informational+commercial	cs
neogy.cz	jak zvýšit návštěvnost webu	150	0	107	0	11		informational	cs
neogy.cz	facebook reklamy	200	0	145			https://www.neogy.cz/slovnik-marketingovych-pojmu/facebook-ads/	branded+informational+commercial	cs
neogy.cz	co je to konverze	60	5				https://www.neogy.cz/slovnik-marketingovych-pojmu/hodnota-konverze/	informational	cs
neogy.cz	cta	700	28	29	0	20		branded+informational	cs
neogy.cz	seo sem	20	0	91			https://www.neogy.cz/slovnik-marketingovych-pojmu/sem/	informational	cs
neogy.cz	co je xml	100	0				https://www.neogy.cz/slovnik-marketingovych-pojmu/xml/	informational	cs
neogy.cz	ctr marketing	80	0	11			https://www.neogy.cz/slovnik-marketingovych-pojmu/ctr/	informational	cs
neogy.cz	ga 4	150	69	87			https://www.neogy.cz/slovnik-marketingovych-pojmu/google-analytics/	branded+informational	cs
neogy.cz	tagmanager	40	0	62	0	4		branded+informational+commercial	cs
neogy.cz	co je https	50	0				https://www.neogy.cz/slovnik-marketingovych-pojmu/https/	informational	cs
neogy.cz	life time value	0	42	152			https://www.neogy.cz/slovnik-marketingovych-pojmu/ltv/	informational	cs
neogy.cz	ab testování	500	0	29			https://www.neogy.cz/slovnik-marketingovych-pojmu/a-b-testovani/	informational	cs
neogy.cz	marketingový průzkum	40	0	27			https://www.neogy.cz/sluzby/marketingovy-vyzkum/	informational	cs
neogy.cz	click through rate	40	66	10			https://www.neogy.cz/slovnik-marketingovych-pojmu/ctr/	informational	cs
neogy.cz	co je cpm	60	0				https://www.neogy.cz/slovnik-marketingovych-pojmu/cpv/	informational	cs
neogy.cz	google reklama	200	1	198			https://www.neogy.cz/slovnik-marketingovych-pojmu/google-ads/	branded+informational+commercial	cs
neogy.cz	https //	8500	12	11			https://www.neogy.cz/slovnik-marketingovych-pojmu/https/	informational	cs
neogy.cz	co je to http	150	0				https://www.neogy.cz/slovnik-marketingovych-pojmu/https/	informational	cs
neogy.cz	konverzní poměr výpočet	250	0				https://www.neogy.cz/slovnik-marketingovych-pojmu/konverzni-pomer/	informational	cs
neogy.cz	facebook marketing	40	1	106			https://www.neogy.cz/slovnik-marketingovych-pojmu/facebook-ads/	branded+informational+commercial	cs
neogy.cz	konverzní	600	0				https://www.neogy.cz/slovnik-marketingovych-pojmu/konverzni-pomer/	informational	cs
neogy.cz	cpv	200	0				https://www.neogy.cz/slovnik-marketingovych-pojmu/cpv/	branded+informational	cs
neogy.cz	http https://	1000	0				https://www.neogy.cz/slovnik-marketingovych-pojmu/https/	informational	cs
neogy.cz	roi vzorec	50	1	8			https://www.neogy.cz/slovnik-marketingovych-pojmu/roi/	informational	cs
neogy.cz	see think do care	150	0	23			https://www.neogy.cz/slovnik-marketingovych-pojmu/stdc/	informational	cs
neogy.cz	online agentura	40	40	192			https://www.neogy.cz/blog/vybirame-marketingovou-agenturu/	local+informational+commercial	cs
neogy.cz	reklama na facebooku	200	0	168			https://www.neogy.cz/slovnik-marketingovych-pojmu/facebook-ads/	branded+informational+commercial	cs
neogy.cz	api zkratka	150	1				https://www.neogy.cz/slovnik-marketingovych-pojmu/api/	informational	cs
neogy.cz	co je to instagram	100	0	6			https://www.neogy.cz/slovnik-marketingovych-pojmu/instagram-ads/	branded+informational	cs
neogy.cz	graficky design	200	0	49			https://www.neogy.cz/sluzby/graficky-design/	informational	cs
neogy.cz	facebook reklama	150	0	189			https://www.neogy.cz/slovnik-marketingovych-pojmu/facebook-ads/	branded+informational+commercial	cs
neogy.cz	swot meaning	150	62				https://www.neogy.cz/slovnik-marketingovych-pojmu/swot/	informational	cs
neogy.cz	roi	1000	0	18	0	25		informational	cs
neogy.cz	facebook ads	800	1	111	0	11		branded+informational+commercial	cs
neogy.cz	adwords google	20	27	32			https://www.neogy.cz/slovnik-marketingovych-pojmu/google-ads/	branded+informational+commercial	cs
neogy.cz	ga4	900	2	67	0	22	https://www.neogy.cz/slovnik-marketingovych-pojmu/google-analytics/	branded+informational+commercial	cs
neogy.cz	ads	700	61	101			https://www.neogy.cz/slovnik-marketingovych-pojmu/google-ads/	branded+informational+commercial	cs
neogy.cz	grafický design	900	0	54			https://www.neogy.cz/sluzby/graficky-design/	local+informational+commercial	cs
neogy.cz	gtm	900	2	52	0	29		branded+informational	cs
neogy.cz	a/b testování	60	0				https://www.neogy.cz/slovnik-marketingovych-pojmu/a-b-testovani/	informational+commercial	cs
neogy.cz	google analitic	60	87	29			https://www.neogy.cz/slovnik-marketingovych-pojmu/google-analytics/	branded+navigational+informational	cs
neogy.cz	ads google	150	28	75			https://www.neogy.cz/slovnik-marketingovych-pojmu/google-ads/	branded+informational+commercial	cs
neogy.cz	https//	50	11				https://www.neogy.cz/slovnik-marketingovych-pojmu/https/	informational	cs
neogy.cz	ctr	900	2	12			https://www.neogy.cz/slovnik-marketingovych-pojmu/ctr/	informational+commercial	cs
neogy.cz	google ads	7700	85	83			https://www.neogy.cz/slovnik-marketingovych-pojmu/google-ads/	branded+informational+commercial	cs
neogy.cz	adwords	450	64	86			https://www.neogy.cz/slovnik-marketingovych-pojmu/google-ads/	branded+informational+commercial	cs
neogy.cz	google analytics	3500	98	100			https://www.neogy.cz/slovnik-marketingovych-pojmu/google-analytics/	branded+informational+commercial	cs
neogy.cz	google search console	9600	77	100			https://www.neogy.cz/slovnik-marketingovych-pojmu/google-search-console/	branded+navigational+informational	cs
neogy.cz	analytics google	80	95	38			https://www.neogy.cz/slovnik-marketingovych-pojmu/google-analytics/	branded+navigational+informational+commercial	cs
neogy.cz	search console	4500	91	84			https://www.neogy.cz/slovnik-marketingovych-pojmu/google-search-console/	branded+informational	cs
neogy.cz	rozvoj webu	0	0		0	3		informational+commercial	cs