visibility.cz	https://www.visibility.cz/en/	96	2	visibility	150	1	1	Marketingová agentura - Visibility Digital
visibility.cz	https://www.visibility.cz/	77	3	marketingová agentura praha	200	5	402	Marketingová agentura - Visibility
visibility.cz	https://www.visibility.cz/seo-audit/	25	2	seo audit	450	9	0	SEO audit - Visibility Digital
visibility.cz	https://www.visibility.cz/kariera/seo-specialista/	25	1	specialista seo	700	8	0	SEO specialista/ka - Visibility
visibility.cz	https://www.visibility.cz/kariera/ppc-specialist/	8	2	ppc specialist	80	3	0	PPC Specialist - Marketingová agentura - Visibility
visibility.cz	https://www.visibility.cz/en/contact-us/	5	2	visibility digital	60	6	0	Contact us - Marketingová agentura - Visibility
visibility.cz	https://www.visibility.cz/kariera/	2	1	visibility	150	1	3	Kariéra
visibility.cz	https://www.visibility.cz/kategorie/visibility/	2	1	visibility	150	1	0	VISIBILITY Archivy
visibility.cz	https://www.visibility.cz/programaticka-reklama-display-reklama/	2	1	programatická reklama	100	10	0	Programmatic + Display - Marketingová agentura - Visibility
visibility.cz	https://www.visibility.cz/kontakt/	2	1	visibility	150	1	1	Kontakt
visibility.cz	https://www.visibility.cz/blog/	2	1	visibility	150	1	4	Blog
visibility.cz	https://www.visibility.cz/kariera	2	1	business development	150	9	1	Business development manager - Visibility
visibility.cz	https://www.visibility.cz/pr-influencer-marketing/	1	1	influencer marketing	700	20	0	PR & Influencer marketing - Visibility
visibility.cz	https://www.visibility.cz/heureka-nazev-stranky-na-facebooku-lze-nyni-zmenit-bez-omezeni/	0	1	jak změnit název stránky na fb	40	6	0	Jak změnit název Stránky na FB - Visibility Digital
visibility.cz	https://www.visibility.cz/placene-profily-bez-reklam-meta-couva-pred-eu/	0	1	whatsapp zpoplatnění 2024	0	5	0	Placené profily bez reklam? Meta couvá před EU - Visibility
visibility.cz	https://www.visibility.cz/seo/	0	1	seo agentury	600	26	2	SEO - optimalizace, marketing, správa webu - Visibility Digital
visibility.cz	https://www.visibility.cz/jak-napsat-skvely-seo-clanek-rady-od-visi-copywritera/	0	1	jak napsat popis	10	7	0	Jak napsat skvělý SEO článek – rady od VISI copywritera