datamind.cz	data engineering	150	32	35	26	1		informational+commercial	cs
datamind.cz	rfm segmentace	40	0	68			https://www.datamind.cz/cz/Sluzby-Data-Science/prediktivni-rfm-segmentace	informational+commercial	cs
datamind.cz	dataops	40	12		2	7		informational+commercial	cs
datamind.cz	marketingové analýzy	80	0	62			https://www.datamind.cz/cz/Sluzby-Data-Science/marketingove-analyzy	informational+commercial	cs
datamind.cz	bi reporting	150	9	97			https://www.datamind.cz/cz/Sluzby-Data-Science/reporting-bi	informational+commercial	cs
datamind.cz	churn	150	1	44			https://www.datamind.cz/cz/Sluzby-Data-Science/churn-analyza	informational	cs
datamind.cz	web analytics	40	81	131	1	9		informational+commercial	cs
datamind.cz	loyalty programs	10	67	104			https://www.datamind.cz/en/services/Loyalty-programs	informational+commercial	cs
datamind.cz	marketingová analýza	80	0	60			https://www.datamind.cz/cz/Sluzby-Data-Science/marketingove-analyzy	informational	cs
datamind.cz	ml prague	0	0				https://www.datamind.cz/cz/blog/ML_Prague_2025	branded+informational+commercial	cs
datamind.cz	rfm analýza	80	0	68			https://www.datamind.cz/cz/Sluzby-Data-Science/prediktivni-rfm-segmentace	informational	cs
datamind.cz	ai/ml	30	50				https://www.datamind.cz/cz/Sluzby-Data-Science/umela-intelingence-AI-ML-machine-learning-neural-net	informational	cs
datamind.cz	segmentace význam	30	0				https://www.datamind.cz/cz/ziskavani-zakazniku/trzni-segmentace	informational	cs
datamind.cz	loyalty program	150	68	104			https://www.datamind.cz/en/services/Loyalty-programs	informational+commercial	cs
datamind.cz	relevance	150	0	29			https://www.datamind.cz/cz/blog/kanaly-nebo-relevance	informational+commercial	cs
datamind.cz	rapid miner	10	6				https://www.datamind.cz/cz/blog/Data-mining-zdarma-rapid-miner-v-praxi	branded+informational+commercial	cs
datamind.cz	rapidminer	20	26				https://www.datamind.cz/cz/blog/Data-mining-zdarma-rapid-miner-v-praxi	branded+informational+commercial	cs
datamind.cz	keebola	50	0	81			https://www.datamind.cz/cz/Sluzby-Data-Science/keboola	branded+informational+commercial	cs
datamind.cz	kebola	70	0	98			https://www.datamind.cz/cz/Sluzby-Data-Science/keboola	branded+informational+commercial	cs
datamind.cz	statistica	40	4	49			https://www.datamind.cz/cz/blog/Statisticky-software-jak-na-vyber-statistickeho-software	branded+informational+commercial	cs
datamind.cz	typologie zákazníků	0	0				https://www.datamind.cz/cz/Sluzby-Data-Science/segmentace-zakazniku	informational	cs