magnas.cz	brand manuál	70	0	24	21	1		informational+commercial	cs
magnas.cz	brand manual	200	0	44	14	1		informational+commercial	cs
magnas.cz	google analytics universal	100	1	32			https://www.magnas.cz/google-analytics-universal-konci-jste-pripraveni/	branded+informational	cs
magnas.cz	publikační plán	30	0	35	3	4		informational	cs
magnas.cz	manuál	100	0	3	1	6		informational	cs
magnas.cz	mediální plán	20	0		1	6		informational	cs
magnas.cz	media plán	30	0		1	8		informational+commercial	cs
magnas.cz	brandmanual	40	0	71	0	3		informational+commercial+transactional	cs
magnas.cz	plošné vysílání	10	0	66	0	29		informational+commercial	cs
magnas.cz	hr země	50	1				https://www.magnas.cz/na-hr-konferenci-mezi-radky-jsme-predstavili-emloyer-branding/	informational	cs
magnas.cz	inzerát	1100	8	10			https://www.magnas.cz/10-tipu-co-ma-rikat-a-jak-ma-vypadat-efektivni-inzerat/	informational+commercial+transactional	cs
magnas.cz	midjourney návod	10	0	4			https://www.magnas.cz/zacinate-s-midjourney-mame-pro-vas-pruvodce-generovanim-obrazku/	branded+informational	cs
magnas.cz	jak napsat inzerát	70	0	9			https://www.magnas.cz/10-tipu-co-ma-rikat-a-jak-ma-vypadat-efektivni-inzerat/	informational	cs
magnas.cz	locus	50	20	1			https://www.magnas.cz/locus-map/	branded+navigational+informational+commercial+transactional	cs
magnas.cz	obrázků	60	3	9			https://www.magnas.cz/zacinate-s-midjourney-mame-pro-vas-pruvodce-generovanim-obrazku/	informational+commercial	cs
magnas.cz	legrand	1000	1	11			https://www.magnas.cz/legrand/	branded+navigational+informational+commercial	cs
magnas.cz	knowlimits	80	0	87			https://www.magnas.cz/en/do-noveho-roku-jsme-vstoupili-silnejsi-spojili-jsme-se-s-knowlimits/	branded+local+informational+commercial	cs
magnas.cz	midjouney	0	0	36	0	3		branded+informational	cs