seoconsult.cz	ui ux design	4800	0	47	305	3	https://www.seoconsult.cz/blog/ux-vs-ui-design-rozdily-ktere-byste-meli-znat	informational+commercial	cs
seoconsult.cz	seo program	800	0	114	165	1		informational+commercial	cs
seoconsult.cz	seo cena	800	0	92			https://www.seoconsult.cz/ceny-seo	informational+commercial+transactional	cs
seoconsult.cz	seo eshop	1200	0	97	128	3		informational+commercial	cs
seoconsult.cz	canva pro	1500	17	7			https://www.seoconsult.cz/blog/co-je-canva-pro	branded+informational+commercial	cs
seoconsult.cz	seo analýza online	400	0	94	88	4		informational+commercial	cs
seoconsult.cz	seo klíčová slova	200	0	110	85	1		informational+commercial	cs
seoconsult.cz	seo console	1000	0		57	5		branded+informational	cs
seoconsult.cz	seo services	900	0	111	57	6		local+informational+commercial	cs
seoconsult.cz	serp	250	0	41	53	2		informational	cs
seoconsult.cz	seo konzultant brno	600	0		49	5		local+informational+commercial	cs
seoconsult.cz	seo strategie	100	0	83	47	1	https://www.seoconsult.cz/blog/seo-strategie-4-pilire-uspechu-ve-vyhledavacich	informational+commercial	cs
seoconsult.cz	seo firma	400	3	218			https://www.seoconsult.cz/seo-firma	local+informational+commercial	cs
seoconsult.cz	cena reklamy na facebooku	250	0	59			https://www.seoconsult.cz/blog/kolik-stoji-ppc-reklamy-na-facebooku	branded+informational+commercial	cs
seoconsult.cz	seo optimalizace test	400	11	88	37	5		informational+commercial	cs
seoconsult.cz	seo blog	150	43	73			https://www.seoconsult.cz/blog/jak-na-optimalizaci-obsahu-blogu	informational+commercial	cs
seoconsult.cz	reklama na instagramu	150	0	194	34	1		branded+informational+commercial	cs
seoconsult.cz	jak na dropshipping	90	0				https://www.seoconsult.cz/blog/jak-na-dropshipping-v-roce-2024-9-zakladnich-kroku-jak-zacit	informational+commercial	cs
seoconsult.cz	reklama na facebooku cena	200	0	76			https://www.seoconsult.cz/blog/kolik-stoji-ppc-reklamy-na-facebooku	branded+informational+commercial	cs
seoconsult.cz	propagace eshopu	200	0	193	29	3		informational+commercial	cs
seoconsult.cz	facebook reklama cena	250	0	128			https://www.seoconsult.cz/blog/kolik-stoji-ppc-reklamy-na-facebooku	branded+informational+commercial	cs
seoconsult.cz	kontrola seo	800	0	105	21	11		informational+commercial	cs
seoconsult.cz	reklama instagram	100	0	112	17	1		branded+informational+commercial	cs
seoconsult.cz	generátor klíčových slov	150	0	116			https://www.seoconsult.cz/blog/15-nejlepsich-nastroju-pro-analyzu-klicovych-slov	informational+commercial	cs
seoconsult.cz	seo google	350	71	122			https://www.seoconsult.cz/blog/kompletni-pruvodce-od-google-pro-zacatecniky-v-seo	branded+informational+commercial	cs
seoconsult.cz	správa ppc kampaní	300	0	67	16	9	https://www.seoconsult.cz/sluzby/ppc-reklama-spr-va	local+informational+commercial	cs
seoconsult.cz	obsahová strategie	150	0	99	16	5		informational+commercial	cs
seoconsult.cz	seo consulting	50	4	128	15	3	https://www.seoconsult.cz/	local+informational+commercial	cs
seoconsult.cz	seo agentura	900	4	337			https://www.seoconsult.cz/	local+informational+commercial	cs
seoconsult.cz	evergreen význam	450	0		14	1	https://www.seoconsult.cz/blog/co-je-evergreen-obsah-proc-je-dulezity-pro-seo	informational	cs
seoconsult.cz	základy seo	200	0	52	13	7	https://www.seoconsult.cz/blog/kompletni-pruvodce-od-google-pro-zacatecniky-v-seo	informational	cs
seoconsult.cz	marketing na facebooku	300	0	63			https://www.seoconsult.cz/blog/facebook-efektivni-strategie-obsahoveho-marketingu	branded+informational+commercial	cs
seoconsult.cz	blog seo	100	0	73			https://www.seoconsult.cz/blog/jak-na-optimalizaci-obsahu-blogu	informational+commercial	cs
seoconsult.cz	performance max	150	0	30	12	4	https://www.seoconsult.cz/blog/kampane-performance-max-vse-co-chcete-meli-byste-vedet	branded+informational+commercial	cs
seoconsult.cz	seo - marketing	600	34	159	11	13		informational	cs
seoconsult.cz	mapa stránek	90	0		10	1	https://www.seoconsult.cz/blog/co-je-mapa-stranek-proc-ji-vas-web-potrebuje	informational	cs
seoconsult.cz	seo správa	1000	0	131	10	13		local+informational+commercial	cs
seoconsult.cz	seo ai	150	0	59	10	5		informational+commercial	cs
seoconsult.cz	seo novinky	900	0	89	10	13		informational+commercial	cs
seoconsult.cz	seo ostrava	800	0	147	10	13		local+informational+commercial	cs
seoconsult.cz	seo consultants	30	0	128	9	1	https://www.seoconsult.cz/en	local+informational+commercial	cs
seoconsult.cz	seo analýza webu	200	0	100	8	2		informational+commercial	cs
seoconsult.cz	seo pages	100	0	94			https://www.seoconsult.cz/blog/co-je-page-seo	informational	cs
seoconsult.cz	seo hodnocení	600	2	94	8	13		informational+commercial	cs
seoconsult.cz	seo optimalizace pro vyhledávače	3900	0	167	8	19		informational+commercial	cs
seoconsult.cz	jak indexovat stránky na google	200	0	11			https://www.seoconsult.cz/blog/indexovani-webovych-stranek-vyhledavaci-jak-funguje	branded+informational	cs
seoconsult.cz	reklama na instagramu cena	150	0	39			https://www.seoconsult.cz/proc-se-reklama-na-instagramu-vyplati-jak-za-ni-platit-mene	branded+informational+commercial	cs
seoconsult.cz	jak vytvořit reklamu na facebooku	90	0	34	7	4		branded+informational+commercial	cs
seoconsult.cz	knihovna reklam facebook	300	0	145	7	10	https://www.seoconsult.cz/blog/kolik-stoji-ppc-reklamy-na-facebooku	branded+navigational+informational	cs
seoconsult.cz	instagram reklamy	100	0		6	1	https://www.seoconsult.cz/proc-se-reklama-na-instagramu-vyplati-jak-za-ni-platit-mene	branded+informational+commercial	cs
seoconsult.cz	seo optimalizace cena	1000	0	123			https://www.seoconsult.cz/ceny-seo	informational+commercial	cs
seoconsult.cz	social marketing	90	0	26	6	4		informational+commercial	cs
seoconsult.cz	jak začít dropshipping	40	0				https://www.seoconsult.cz/blog/jak-na-dropshipping-v-roce-2024-9-zakladnich-kroku-jak-zacit	informational+commercial	cs
seoconsult.cz	sociální marketing	70	0	68	6	4	https://www.seoconsult.cz/blog/co-znamena-marketing-na-socialnich-sitich	informational	cs
seoconsult.cz	reklama olomouc	100	0	71	5	9	https://www.seoconsult.cz/ppc-reklama-olomouc	local+informational+commercial	cs
seoconsult.cz	jak začít s dropshippingem	30	0	49			https://www.seoconsult.cz/blog/jak-na-dropshipping-v-roce-2024-9-zakladnich-kroku-jak-zacit	informational+commercial	cs
seoconsult.cz	seo youtube	150	1	30			https://www.seoconsult.cz/blog/seo-na-youtube-jak-najit-nejlepsi-klicova-slova-generujici-navstevnost	branded+informational+commercial	cs
seoconsult.cz	seo experts	400	0	115	5	8	https://www.seoconsult.cz/seo-expert	local+informational+commercial	cs
seoconsult.cz	marketingový trychtýř	100	0		5	1		informational	cs
seoconsult.cz	seo konzultace	700	0	263	4	15		local+informational+commercial+transactional	cs
seoconsult.cz	indexace webu	250	0	11			https://www.seoconsult.cz/blog/jak-spustit-kompletni-preindexovani-webu	informational	cs
seoconsult.cz	linkbuildingu	200	1		4	10		informational	cs
seoconsult.cz	display reklama	150	0	56			https://www.seoconsult.cz/blog/bannerova-reklama-od-do-z	informational+commercial	cs
seoconsult.cz	indexování stránek	60	0	11			https://www.seoconsult.cz/blog/indexovani-webovych-stranek-vyhledavaci-jak-funguje	informational+commercial	cs
seoconsult.cz	viralni	200	0	32			https://www.seoconsult.cz/blog/jak-ziskat-viralni-uspech-na-tiktoku	informational	cs
seoconsult.cz	seo brno	800	0	240	4	23	https://www.seoconsult.cz/	local+informational+commercial	cs
seoconsult.cz	knihovna reklam	350	0	340			https://www.seoconsult.cz/blog/vylepsete-vase-reklamy-na-facebooku	branded+informational	cs
seoconsult.cz	kdy postovat na tiktok	90	0				https://www.seoconsult.cz/blog/jak-skutecne-funguje-tiktok-algoritmus	branded+informational	cs
seoconsult.cz	pozice ve vyhledavačích	350	25	72	3	14		informational	cs
seoconsult.cz	meta knihovna reklam	60	0	283	3	4	https://www.seoconsult.cz/blog/vylepsete-vase-reklamy-na-facebooku	branded+informational	cs
seoconsult.cz	děkuji za váš čas	30	0		3	1	https://www.seoconsult.cz/blog/11-prikladu-e-mailovych-pozdravu	informational	cs
seoconsult.cz	jak funguje tiktok	70	0	136			https://www.seoconsult.cz/blog/jak-skutecne-funguje-tiktok-algoritmus	branded+informational	cs
seoconsult.cz	back machine	40	49				https://www.seoconsult.cz/blog/jake-existuji-alternativy-ke-sluzbe-wayback-machine	informational+commercial+transactional	cs
seoconsult.cz	pokročilé vyhledávání google	70	1		3	6	https://www.seoconsult.cz/blog/pokrocile-vyhledavaci-operatory-google-ktere-potrebujete-znat	branded+informational	cs
seoconsult.cz	bannerová reklama	80	0	83			https://www.seoconsult.cz/blog/bannerova-reklama-od-do-z	informational+commercial	cs
seoconsult.cz	ab testování	150	0	29	3	9		informational	cs
seoconsult.cz	instagram jak funguje	90	0				https://www.seoconsult.cz/blog/instagram-vs-facebook-pro-marketing-vse-co-potrebujete-vedet	branded+informational	cs
seoconsult.cz	sem seo	60	0				https://www.seoconsult.cz/blog/seo-vs-sem-jake-jsou-rozdily	informational	cs
seoconsult.cz	reklamy na facebooku	50	0	130	2	6		branded+informational+commercial	cs
seoconsult.cz	placená reklama na facebooku cena	150	0	47			https://www.seoconsult.cz/blog/kolik-stoji-ppc-reklamy-na-facebooku	branded+informational+commercial	cs
seoconsult.cz	b2c marketing	150	0	18			https://www.seoconsult.cz/blog/zakladni-rozdily-mezi-b2b-b2c-marketingem	informational	cs
seoconsult.cz	technické seo	300	0	58			https://www.seoconsult.cz/blog/co-obnasi-technicky-seo-audit	informational+commercial	cs
seoconsult.cz	organické vyhledávání	200	0				https://www.seoconsult.cz/blog/organicke-placene-vyhledavani-socialni-media	informational	cs
seoconsult.cz	seo expert	700	0	236	2	17	https://www.seoconsult.cz/seo-expert	local+informational+commercial	cs
seoconsult.cz	hashtagy na instagram	50	0	5			https://www.seoconsult.cz/blog/kompletni-pruvodce-hashtagy-na-instagramu	branded+informational	cs
seoconsult.cz	indexovat	100	0	2			https://www.seoconsult.cz/blog/indexovani-webovych-stranek-vyhledavaci-jak-funguje	informational	cs
seoconsult.cz	vyhledávání klíčových slov	30	4	76	2	3		informational+commercial	cs
seoconsult.cz	jak získat sledující na instagramu zdarma	30	0	12			https://www.seoconsult.cz/blog/chytre-zpusoby-jak-ziskat-vice-sledujicich-na-instagramu	branded+informational	cs
seoconsult.cz	seo consultant	50	19	128	2	7	https://www.seoconsult.cz/seo-expert	local+informational+commercial	cs
seoconsult.cz	reklamy na instagramu	20	0	77	2	1		branded+informational+commercial	cs
seoconsult.cz	instagram reklama	40	0	120	2	6		branded+informational+commercial	cs
seoconsult.cz	instagram hashtag	20	22	11			https://www.seoconsult.cz/blog/kompletni-pruvodce-hashtagy-na-instagramu	branded+informational+commercial	cs
seoconsult.cz	prodejní trychtýř	20	0		2	4	https://www.seoconsult.cz/blog/vytvorte-si-efektivni-prodejni-funnel-ziskejte-vice-konverzi	informational+commercial	cs
seoconsult.cz	hashtagy na instagramu	10	0	5			https://www.seoconsult.cz/blog/kompletni-pruvodce-hashtagy-na-instagramu	branded+informational	cs
seoconsult.cz	firemni profil google	30	0		2	5		branded+informational+commercial	cs
seoconsult.cz	pmax kampaně	150	0	34			https://www.seoconsult.cz/blog/kampane-performance-max-vse-co-chcete-meli-byste-vedet	branded+informational+commercial	cs
seoconsult.cz	plánovač klíčových slov google	100	0	50	2	6	https://www.seoconsult.cz/blog/jak-pouzivat-planovac-klicovych-slov-google	branded+informational	cs
seoconsult.cz	reklama google	150	2	279			https://www.seoconsult.cz/ppc-reklama-google-cena	branded+informational+commercial	cs
seoconsult.cz	seo consultancy	20	6		2	6	https://www.seoconsult.cz/en	local+informational+commercial	cs
seoconsult.cz	seo optimalizace liberec	350	2	58			https://www.seoconsult.cz/optimalizace-pro-vyhledavace-liberec	local+informational+commercial	cs
seoconsult.cz	dropshipping jak začít	60	0	40	1	9	https://www.seoconsult.cz/blog/jak-na-dropshipping-v-roce-2024-9-zakladnich-kroku-jak-zacit	informational+commercial	cs
seoconsult.cz	channel marketing	20	1				https://www.seoconsult.cz/blog/co-je-marketing-napric-kanaly-jak-jej-implementovat	informational+commercial	cs
seoconsult.cz	seo analyze	90	88	82			https://www.seoconsult.cz/blog/na-co-se-zamerit-pri-seo-analyze-webovych-stranek	informational+commercial	cs
seoconsult.cz	dropshipping v česku	50	0	49			https://www.seoconsult.cz/blog/jak-na-dropshipping-v-roce-2024-9-zakladnich-kroku-jak-zacit	informational+commercial	cs
seoconsult.cz	seo page	700	83	550	1	21	https://www.seoconsult.cz/blog/co-je-page-seo	informational+commercial	cs
seoconsult.cz	jak zvýšit počet sledujících na instagramu	90	0	30			https://www.seoconsult.cz/blog/chytre-zpusoby-jak-ziskat-vice-sledujicich-na-instagramu	branded+informational	cs
seoconsult.cz	algoritmus instagram	60	0				https://www.seoconsult.cz/blog/jak-funguje-algoritmus-instagramu-v-roce-2025	branded+informational	cs
seoconsult.cz	návrhy klíčových slov	200	2	67			https://www.seoconsult.cz/blog/15-nejlepsich-nastroju-pro-analyzu-klicovych-slov	informational	cs
seoconsult.cz	reklama na google	150	1	315			https://www.seoconsult.cz/ppc-reklama-google-cena	branded+informational+commercial	cs
seoconsult.cz	google sge	10	10				https://www.seoconsult.cz/blog/google-search-generative-experience-sge-nova-era-vyhledavani	branded+informational	cs
seoconsult.cz	tiktok algoritmus	0	0		1	1	https://www.seoconsult.cz/blog/jak-skutecne-funguje-tiktok-algoritmus	branded+informational	cs
seoconsult.cz	google klíčová slova	150	0	120	1	10		branded+informational	cs
seoconsult.cz	google reklama	200	1	198			https://www.seoconsult.cz/ppc-reklama-google-cena	branded+informational+commercial	cs
seoconsult.cz	optimalizace telefonu	60	0	15	1	10	https://www.seoconsult.cz/blog/jak-optimalizovat-web-pro-mobilni-telefony	informational	cs
seoconsult.cz	shoptet seo	250	1	82			https://www.seoconsult.cz/seo-pro-shoptet	branded+informational+commercial	cs
seoconsult.cz	co je dropshipping	200	0	18			https://www.seoconsult.cz/blog/jak-na-dropshipping-v-roce-2024-9-zakladnich-kroku-jak-zacit	informational	cs
seoconsult.cz	vyhledávání hlasem	150	0				https://www.seoconsult.cz/blog/hlasove-vyhledavani-na-vzestupu-jak-optimalizovat-obsah	informational	cs
seoconsult.cz	jak získat více sledujících na instagramu	40	0	25			https://www.seoconsult.cz/blog/chytre-zpusoby-jak-ziskat-vice-sledujicich-na-instagramu	branded+informational+commercial	cs
seoconsult.cz	podnadpis	30	0				https://www.seoconsult.cz/blog/postupy-pri-tvorbe-nadpisu-podnapisu-pri-optimalizaci	informational	cs
seoconsult.cz	kolik stoji reklama na instagramu	40	0	43			https://www.seoconsult.cz/proc-se-reklama-na-instagramu-vyplati-jak-za-ni-platit-mene	branded+informational+commercial	cs
seoconsult.cz	jak udělat reklamu na instagramu	60	0	22	1	10		branded+informational+commercial	cs
seoconsult.cz	seo analyza online	10	1	94	1	3		informational+commercial	cs
seoconsult.cz	google seo	200	73	113			https://www.seoconsult.cz/blog/kompletni-pruvodce-od-google-pro-zacatecniky-v-seo	branded+informational	cs
seoconsult.cz	jaký je první krok procesu optimalizace webu pro vyhledávače	50	0	94	1	11		informational	cs
seoconsult.cz	seo specialista	800	0	193	1	27		local+informational+commercial	cs
seoconsult.cz	jak získat sledující na tiktoku	90	0	22			https://www.seoconsult.cz/blog/jak-ziskat-sledujici-na-tiktoku	branded+informational	cs
seoconsult.cz	jak vytvořit druhý účet na facebooku	10	0	148	1	5		branded+informational	cs
seoconsult.cz	ppc kampaně	250	2	236	1	7	https://www.seoconsult.cz/ppc-reklama	informational+commercial	cs
seoconsult.cz	jak se naučit seo?	100	0				https://www.seoconsult.cz/blog/kompletni-pruvodce-od-google-pro-zacatecniky-v-seo	informational	cs
seoconsult.cz	děkuji za zprávu	60	0				https://www.seoconsult.cz/blog/11-prikladu-e-mailovych-pozdravu	informational	cs
seoconsult.cz	test seo	600	16	95			https://www.seoconsult.cz/seo-optimalizace-test	informational+commercial	cs
seoconsult.cz	facebook knihovna reklam	30	0	329	1	10		branded+navigational+informational	cs
seoconsult.cz	socialní sítě	30	0	24	1	8		informational+commercial	cs
seoconsult.cz	vytvoření stránky na facebooku	20	0	23	1	8	https://www.seoconsult.cz/blog/optimalizujte-svou-firemni-stranku-na-facebooku	branded+informational	cs
seoconsult.cz	placená reklama na instagramu	30	0	83	1	9	https://www.seoconsult.cz/proc-se-reklama-na-instagramu-vyplati-jak-za-ni-platit-mene	branded+informational+commercial	cs
seoconsult.cz	instagram pro začátečníky	20	0		1	8		branded+informational	cs
seoconsult.cz	facebook pixel	200	2	41			https://www.seoconsult.cz/blog/instagram-vs-facebook-pro-marketing-vse-co-potrebujete-vedet	branded+informational	cs
seoconsult.cz	seo - brno	400	0	284	1	27		local+informational+commercial	cs
seoconsult.cz	jak začít email	100	0				https://www.seoconsult.cz/blog/11-prikladu-e-mailovych-pozdravu	informational	cs
seoconsult.cz	klíčová slova seo	150	0	147			https://www.seoconsult.cz/blog/jak-najit-nejlepsi-klicova-slova-pro-seo	informational	cs
seoconsult.cz	canva co to je	150	0				https://www.seoconsult.cz/blog/co-je-canva-pro	branded+informational	cs
seoconsult.cz	marketingové kanály	80	0	39			https://www.seoconsult.cz/blog/co-je-marketing-napric-kanaly-jak-jej-implementovat	informational+commercial	cs
seoconsult.cz	najlepsza firma seo	10	1				https://www.seoconsult.cz/seo-firma	informational+commercial	cs
seoconsult.cz	meta charset	10	22				https://www.seoconsult.cz/blog/vylepsete-seo-sveho-webu-pomoci-nejdulezitejsich-meta-html-tagu	informational	cs
seoconsult.cz	píár význam	60	0				https://www.seoconsult.cz/blog/rostouci-vyznam-pr-pro-viditelnost-v-dobe-umele-inteligence	informational	cs
seoconsult.cz	optimalizace pro vyhledávače	200	1	178	0	19		informational+commercial	cs
seoconsult.cz	instagram příběhy	30	0		0	11		branded+informational	cs
seoconsult.cz	tiktok trendy	20	1				https://www.seoconsult.cz/blog/nejvetsi-soucasne-tiktok-trendy	branded+informational	cs
seoconsult.cz	seo agentury	600	1		0	24		local+informational+commercial	cs
seoconsult.cz	email rozloučení	30	0				https://www.seoconsult.cz/blog/11-prikladu-e-mailovych-pozdravu	informational	cs
seoconsult.cz	seo jako brno	600	0	101	0	30		branded+local+informational+commercial	cs
seoconsult.cz	seo odborník	600	0	66	0	27		local+informational+commercial	cs
seoconsult.cz	polsky vyhledavac	30	3				https://www.seoconsult.cz/optimalizace-pro-vyhledavace-polsko	informational+commercial	cs
seoconsult.cz	moje firma seznam	450	0	119			https://www.seoconsult.cz/blog/jak-optimalizovat-vas-firemni-zapis-na-googlu	branded+informational+commercial	cs
seoconsult.cz	banner reklama	30	0	87	0	4		local+informational+commercial+transactional	cs
seoconsult.cz	formalni email	70	3				https://www.seoconsult.cz/blog/11-prikladu-e-mailovych-pozdravu	informational	cs
seoconsult.cz	pozdrav	300	1	1			https://www.seoconsult.cz/blog/11-prikladu-e-mailovych-pozdravu	informational	cs
seoconsult.cz	on page	350	0	11	0	23	https://www.seoconsult.cz/blog/co-je-page-seo	informational	cs
seoconsult.cz	reklamy na tiktoku	40	0	90			https://www.seoconsult.cz/blog/jak-zacit-s-reklamou-na-tiktoku	branded+informational+commercial	cs
seoconsult.cz	seo sem	20	0	91			https://www.seoconsult.cz/blog/seo-vs-sem-jake-jsou-rozdily	informational	cs
seoconsult.cz	agentura taste	70	2				https://www.seoconsult.cz/blog/agentura-taste-poradala-skoleni-seo-pro-e-shopy	branded+local+informational+commercial	cs
seoconsult.cz	jak smazat firmu z google	10	0		0	10	https://www.seoconsult.cz/blog/na-firemni-profil-na-googlu-budete-muset-cekat	branded+informational	cs
seoconsult.cz	děkuji s pozdravem	60	0				https://www.seoconsult.cz/blog/11-prikladu-e-mailovych-pozdravu	informational	cs
seoconsult.cz	koupit recenze na google	50	1				https://www.seoconsult.cz/blog/jak-zvysit-pocet-pozitivnich-recenzi-na-googlu	branded+informational+commercial+transactional	cs
seoconsult.cz	ppc reklama cena	30	0	316			https://www.seoconsult.cz/ppc-reklama-sklik-cena	informational+commercial	cs
seoconsult.cz	hashtagy instagram	10	0	5	0	8	https://www.seoconsult.cz/blog/kompletni-pruvodce-hashtagy-na-instagramu	branded+informational	cs
seoconsult.cz	jak si změnit jméno na youtube	0	0				https://www.seoconsult.cz/blog/jak-zmenit-nazev-vaseho-youtube-kanalu	branded+informational	cs
seoconsult.cz	nejpoužívanější hashtagy	70	0				https://www.seoconsult.cz/blog/kompletni-pruvodce-hashtagy-na-instagramu	informational	cs
seoconsult.cz	obsahová reklama	200	0	24			https://www.seoconsult.cz/blog/obsahova-nebo-vyhledavaci-sit-google	informational+commercial	cs
seoconsult.cz	indexování	100	0	2	0	8	https://www.seoconsult.cz/blog/indexovani-webovych-stranek-vyhledavaci-jak-funguje	informational	cs
seoconsult.cz	algoritmus instagramu	0	0		0	8	https://www.seoconsult.cz/blog/jak-funguje-algoritmus-instagramu-v-roce-2025	branded+informational	cs
seoconsult.cz	jak používat instagram	80	0	250			https://www.seoconsult.cz/blog/kompletni-pruvodce-hashtagy-na-instagramu	branded+informational	cs
seoconsult.cz	sledující na instagramu	150	4	30			https://www.seoconsult.cz/blog/chytre-zpusoby-jak-ziskat-vice-sledujicich-na-instagramu	branded+informational+commercial+transactional	cs
seoconsult.cz	jak změnit jméno na youtube	0	0		0	1	https://www.seoconsult.cz/blog/jak-zmenit-nazev-vaseho-youtube-kanalu	branded+informational	cs
seoconsult.cz	sale banner	10	0				https://www.seoconsult.cz/blog/bannerova-reklama-od-do-z	informational+commercial	cs
seoconsult.cz	b2b význam	200	0	1			https://www.seoconsult.cz/blog/zakladni-rozdily-mezi-b2b-b2c-marketingem	informational	cs
seoconsult.cz	jak se dela hashtag	90	2				https://www.seoconsult.cz/blog/kompletni-pruvodce-hashtagy-na-instagramu	informational	cs
seoconsult.cz	jan dvorský	250	0				https://www.seoconsult.cz/jan-dvorsky	informational	cs
seoconsult.cz	vs instagram	0	0		0	7	https://www.seoconsult.cz/blog/instagram-vs-facebook-pro-marketing-vse-co-potrebujete-vedet	branded+informational	cs
seoconsult.cz	zrušit účet google	0	0		0	4		branded+informational+transactional	cs
seoconsult.cz	reklamní kampaně	200	0	127			https://www.seoconsult.cz/blog/placene-reklamni-kampane-jak-ridit-jejich-rozpocet	informational+commercial	cs
seoconsult.cz	sales navigator linkedin	50	23	25			https://www.seoconsult.cz/blog/komplexni-pruvodce-pouzivanim-navigacniho-nastroje-linkedin-sales-navigator	branded+informational+commercial+transactional	cs
seoconsult.cz	instagram statistiky	30	0				https://www.seoconsult.cz/blog/jak-zmerit-vykon-kampani-na-instagramu	branded+informational+commercial	cs
seoconsult.cz	propagace na instagramu	30	0	110			https://www.seoconsult.cz/proc-se-reklama-na-instagramu-vyplati-jak-za-ni-platit-mene	branded+informational+commercial	cs
seoconsult.cz	moje firma na googlu	150	0	37			https://www.seoconsult.cz/blog/moje-firma-na-googlu-je-nyni-firemni-profil-google	branded+informational+commercial	cs
seoconsult.cz	page seo	200	58	94	0	31	https://www.seoconsult.cz/blog/13-hlavnich-nalezitosti-page-seo-ktere-musite-znat	informational	cs
seoconsult.cz	reklama na tiktoku	30	0	90			https://www.seoconsult.cz/blog/zjistete-jak-funguje-reklama-na-tiktoku	branded+informational+commercial	cs
seoconsult.cz	rel nofollow	100	50	2			https://www.seoconsult.cz/blog/nofollow-odkazy-skutecne-je-vyhledavace-nesleduji	informational	cs
seoconsult.cz	pr význam	60	0				https://www.seoconsult.cz/blog/rostouci-vyznam-pr-pro-viditelnost-v-dobe-umele-inteligence	informational	cs
seoconsult.cz	nejvíc sledujících na instagramu	10	0	34			https://www.seoconsult.cz/blog/chytre-zpusoby-jak-ziskat-vice-sledujicich-na-instagramu	branded+informational	cs
seoconsult.cz	google vyhledavani podle obrazku	40	5	17			https://www.seoconsult.cz/blog/hledani-v-google-podle-obrazku-textu-soucasne	branded+informational	cs
seoconsult.cz	vyhledavani podle fotek	250	4	17			https://www.seoconsult.cz/blog/hledani-v-google-podle-obrazku-textu-soucasne	informational	cs
seoconsult.cz	linkedin sales navigator	200	17	19			https://www.seoconsult.cz/blog/komplexni-pruvodce-pouzivanim-navigacniho-nastroje-linkedin-sales-navigator	branded+informational+commercial+transactional	cs
seoconsult.cz	děkuji a přeji hezký den	70	0				https://www.seoconsult.cz/blog/11-prikladu-e-mailovych-pozdravu	informational	cs
seoconsult.cz	správa ppc	900	4	424			https://www.seoconsult.cz/sluzby/ppc-reklama-spr-va	informational+commercial	cs
seoconsult.cz	jak funguje dropshipping	150	0	60			https://www.seoconsult.cz/blog/jak-na-dropshipping-v-roce-2024-9-zakladnich-kroku-jak-zacit	informational+commercial	cs
seoconsult.cz	dobrý den paní	90	0				https://www.seoconsult.cz/blog/11-prikladu-e-mailovych-pozdravu	informational	cs
seoconsult.cz	audit ppc	100	0	527			https://www.seoconsult.cz/ppc-reklama-praha	informational+commercial	cs
seoconsult.cz	meta popisek	250	0	55			https://www.seoconsult.cz/blog/meta-popisky-v-otazkach-odpovedich	informational	cs
seoconsult.cz	stories formát	20	0				https://www.seoconsult.cz/blog/vse-co-jste-kdy-chteli-vedet-o-reklamach-v-instagram-stories	branded+informational	cs
seoconsult.cz	firma na google	50	0	72			https://www.seoconsult.cz/blog/moznosti-firemniho-profilu-na-googlu	branded+informational	cs
seoconsult.cz	přeji hezký zbytek dne	80	0				https://www.seoconsult.cz/blog/11-prikladu-e-mailovych-pozdravu	informational	cs
seoconsult.cz	marketing novinky	150	6	94			https://www.seoconsult.cz/blog/rijnove-novinky-2024-v-seo-digitalnim-marketingu	informational+commercial	cs
seoconsult.cz	ppc seo	10	0	100			https://www.seoconsult.cz/blog/seo-ppc-nejlepe-funguji-spolecne	informational+commercial	cs
seoconsult.cz	heshtag	30	5	30			https://www.seoconsult.cz/blog/kompletni-pruvodce-hashtagy-na-instagramu	informational	cs
seoconsult.cz	co je mapa	20	1				https://www.seoconsult.cz/blog/co-je-mapa-stranek-proc-ji-vas-web-potrebuje	informational	cs
seoconsult.cz	google vyhledavani obrazku	20	4				https://www.seoconsult.cz/blog/hledani-v-google-podle-obrazku-textu-soucasne	branded+informational	cs
seoconsult.cz	identifikace podle fotky	250	4	15			https://www.seoconsult.cz/blog/hledani-v-google-podle-obrazku-textu-soucasne	informational	cs
seoconsult.cz	jak přidat firmu na google	70	0	58			https://www.seoconsult.cz/blog/jak-optimalizovat-vas-firemni-zapis-na-googlu	branded+informational	cs
seoconsult.cz	pište pro nás	20	0				https://www.seoconsult.cz/blog/piste-clanky-jako-profesional-nastartujte-svou-kreativitu-pomoci-techto-tipu	informational	cs
seoconsult.cz	polský vyhledávač	80	0				https://www.seoconsult.cz/optimalizace-pro-vyhledavace-polsko	branded+informational	cs
seoconsult.cz	jak vytvořit stránku na facebooku	90	0	33			https://www.seoconsult.cz/blog/optimalizujte-svou-firemni-stranku-na-facebooku	branded+informational	cs
seoconsult.cz	strukturovaná data	30	0	11			https://www.seoconsult.cz/blog/potvrzeno-googlem-strukturovana-data-jsou-nezbytna-i-v-ere-ai	informational	cs
seoconsult.cz	jak na tiktok	90	0	21			https://www.seoconsult.cz/blog/jak-ziskat-viralni-uspech-na-tiktoku	branded+informational	cs
seoconsult.cz	jak vytvořit stránku na fb	100	0	35			https://www.seoconsult.cz/blog/optimalizujte-svou-firemni-stranku-na-facebooku	branded+informational	cs
seoconsult.cz	analýza webových stránek	150	0	127			https://www.seoconsult.cz/seo-analyza-webu	informational+commercial	cs
seoconsult.cz	plánovač klíčových slov	100	0	145	0	8	https://www.seoconsult.cz/blog/15-nejlepsich-nastroju-pro-analyzu-klicovych-slov	branded+informational+commercial	cs
seoconsult.cz	co je webinar	40	0	43			https://www.seoconsult.cz/blog/tipy-osvedcene-postupy-pro-vytvareni-skvelych-webinaru	informational	cs
seoconsult.cz	seo wordpress	80	0	61			https://www.seoconsult.cz/blog/jak-nastavit-wordpress-pro-uspech-v-seo	branded+informational+commercial	cs
seoconsult.cz	pronájem eshopu	80	16	135			https://www.seoconsult.cz/blog/vyplati-se-prave-vam-pronajem-e-shopu-zde-najdete-jasnou-odpoved	informational+commercial+transactional	cs
seoconsult.cz	jak rozjet kosmetický salon	20	0				https://www.seoconsult.cz/blog/kosmeticky-salon-jak-se-prosadit-na-trhu	informational+commercial	cs
seoconsult.cz	vyhledat obrázek pomocí vyhledávače google	40	5				https://www.seoconsult.cz/blog/hledani-v-google-podle-obrazku-textu-soucasne	branded+informational	cs
seoconsult.cz	vyhledat podle obrazku	20	4	20			https://www.seoconsult.cz/blog/hledani-v-google-podle-obrazku-textu-soucasne	informational	cs
seoconsult.cz	seo titulek	80	0	48			https://www.seoconsult.cz/blog/vylepsete-seo-sveho-webu-pomoci-nejdulezitejsich-meta-html-tagu	informational	cs
seoconsult.cz	co je to tiktok	90	0				https://www.seoconsult.cz/blog/jak-vyuzivat-tiktok-pro-vas-business	branded+informational	cs
seoconsult.cz	jsem s pozdravem	100	0				https://www.seoconsult.cz/blog/11-prikladu-e-mailovych-pozdravu	informational	cs
seoconsult.cz	jaka je moje ip	80	0	3			https://www.seoconsult.cz/blog/jaka-je-moje-ip-adresa-jak-ji-mohu-vyloucit-ze-statistik-google-analytics	informational	cs
seoconsult.cz	dropshipping cz	100	0	53			https://www.seoconsult.cz/blog/jak-na-dropshipping-v-roce-2024-9-zakladnich-kroku-jak-zacit	informational+commercial	cs
seoconsult.cz	recenzi	100	0	12			https://www.seoconsult.cz/blog/jak-zvysit-pocet-pozitivnich-recenzi-na-googlu	informational+commercial	cs
seoconsult.cz	přeji pěkný den	40	0				https://www.seoconsult.cz/blog/11-prikladu-e-mailovych-pozdravu	informational	cs
seoconsult.cz	jak vytvořit firemní facebook	90	0	5			https://www.seoconsult.cz/blog/optimalizujte-svou-firemni-stranku-na-facebooku	branded+informational	cs
seoconsult.cz	co je cpc	70	0				https://www.seoconsult.cz/blog/cpc-dal-roste-ulehcete-rozpoctu-diky-optimalizaci-investic-do-google-ads	informational	cs
seoconsult.cz	on-page seo	10	69	32			https://www.seoconsult.cz/blog/13-hlavnich-nalezitosti-page-seo-ktere-musite-znat	informational	cs
seoconsult.cz	od kolika je instagram	400	0				https://www.seoconsult.cz/blog/marketing-na-instagramu-facebooku	branded+informational	cs
seoconsult.cz	kpi co to je	100	0	1			https://www.seoconsult.cz/blog/jak-odlisit-cile-od-klicovych-ukazatelu-vykonnosti	informational	cs
seoconsult.cz	ai vyznam	40	2				https://www.seoconsult.cz/blog/rostouci-vyznam-pr-pro-viditelnost-v-dobe-umele-inteligence	informational	cs
seoconsult.cz	maximální délka reels	20	15				https://www.seoconsult.cz/blog/tiktok-nebo-instagram-reels-co-je-vyhodnejsi	branded+informational	cs
seoconsult.cz	kdo má nejvíc odběratelů na youtube v čr	60	2				https://www.seoconsult.cz/blog/jak-ziskat-vice-odberatelu-na-youtube	branded+informational	cs
seoconsult.cz	instagram sledujici	100	10	34			https://www.seoconsult.cz/blog/chytre-zpusoby-jak-ziskat-vice-sledujicich-na-instagramu	branded+informational+commercial+transactional	cs
seoconsult.cz	webový archiv	20	11				https://www.seoconsult.cz/blog/jake-existuji-alternativy-ke-sluzbe-wayback-machine	informational	cs
seoconsult.cz	hledání obrázku	20	3	2			https://www.seoconsult.cz/blog/hledani-v-google-podle-obrazku-textu-soucasne	informational	cs
seoconsult.cz	co je b2c	150	0				https://www.seoconsult.cz/blog/zakladni-rozdily-mezi-b2b-b2c-marketingem	informational	cs
seoconsult.cz	google ads remarketing	150	58	30			https://www.seoconsult.cz/blog/remarketingove-strategie-google-ads-ktere-funguji	branded+informational	cs
seoconsult.cz	google rozpoznání obrázku	30	5				https://www.seoconsult.cz/blog/hledani-v-google-podle-obrazku-textu-soucasne	branded+informational	cs
seoconsult.cz	historie googlu	30	3	16			https://www.seoconsult.cz/blog/data-z-google-ads-editoru-se-nepropisuji-do-historie-reklam-na-webu-jak-resit	branded+navigational+informational	cs
seoconsult.cz	jak udelat hashtag	30	2				https://www.seoconsult.cz/blog/kompletni-pruvodce-hashtagy-na-instagramu	informational	cs
seoconsult.cz	nejvice sledujicich na instagramu	10	0	39			https://www.seoconsult.cz/blog/chytre-zpusoby-jak-ziskat-vice-sledujicich-na-instagramu	branded+informational	cs
seoconsult.cz	vyhledat obrázek pomocí google	30	3				https://www.seoconsult.cz/blog/hledani-v-google-podle-obrazku-textu-soucasne	branded+informational	cs
seoconsult.cz	jak udelat hastag	30	2				https://www.seoconsult.cz/blog/kompletni-pruvodce-hashtagy-na-instagramu	informational	cs
seoconsult.cz	anglický pozdrav v emailu	80	1				https://www.seoconsult.cz/blog/11-prikladu-e-mailovych-pozdravu	informational	cs
seoconsult.cz	mailem	100	0	14	0	6		informational	cs
seoconsult.cz	ppc specialista	500	0	336			https://www.seoconsult.cz/ppc-specialista-praha	informational	cs
seoconsult.cz	jak nastavit seo	150	1	150			https://www.seoconsult.cz/blog/jak-nastavit-wordpress-pro-uspech-v-seo	informational	cs
seoconsult.cz	zpětný odkaz	150	0	122			https://www.seoconsult.cz/blog/jak-ziskat-zpetne-odkazy-co-jsou-zpetne-odkazy-k-cemu-slouzi-jak-je-ziskat	informational	cs
seoconsult.cz	dobry den pani	40	0				https://www.seoconsult.cz/blog/11-prikladu-e-mailovych-pozdravu	informational	cs
seoconsult.cz	analýza klíčových slov	1000	2	106			https://www.seoconsult.cz/blog/15-nejlepsich-nastroju-pro-analyzu-klicovych-slov	informational	cs
seoconsult.cz	demands	20	0				https://www.seoconsult.cz/blog/co-je-demand-gen-kampan-proc-vas-mela-zajimat	informational	cs
seoconsult.cz	ppc reklama co to je	250	1	76			https://www.seoconsult.cz/ppc-reklama	informational	cs
seoconsult.cz	vyhledavac obrazku	10	3	3			https://www.seoconsult.cz/blog/hledani-v-google-podle-obrazku-textu-soucasne	informational	cs
seoconsult.cz	web seo	700	11	191			https://www.seoconsult.cz/blog/seo-web-design-vse-co-potrebujete-vedet	informational	cs
seoconsult.cz	vyhledávač obrázků	80	3	22			https://www.seoconsult.cz/blog/hledani-v-google-podle-obrazku-textu-soucasne	informational	cs
seoconsult.cz	co je cpm	60	0				https://www.seoconsult.cz/blog/udrzte-si-nizke-cpm-u-facebookovych-reklam-i-po-zavedeni-ios-14	informational	cs
seoconsult.cz	oslovení vážení	20	0				https://www.seoconsult.cz/blog/11-prikladu-e-mailovych-pozdravu	informational	cs
seoconsult.cz	hledat podle fotografie	10	4	8			https://www.seoconsult.cz/blog/hledani-v-google-podle-obrazku-textu-soucasne	informational	cs
seoconsult.cz	vyhledávač fotek	100	5	4			https://www.seoconsult.cz/blog/hledani-v-google-podle-obrazku-textu-soucasne	informational	cs
seoconsult.cz	sledujících	40	0	37			https://www.seoconsult.cz/blog/chytre-zpusoby-jak-ziskat-vice-sledujicich-na-instagramu	informational+commercial	cs
seoconsult.cz	prodej na instagramu	30	0	19			https://www.seoconsult.cz/blog/jak-zmerit-vykon-kampani-na-instagramu	branded+informational+commercial	cs
seoconsult.cz	klíčové slovo v textu	100	1				https://www.seoconsult.cz/blog/analyza-pouzivani-klicovych-slov	informational	cs
seoconsult.cz	co je lead	30	0				https://www.seoconsult.cz/blog/generovani-leadu-jak-zacit	informational	cs
seoconsult.cz	ux a ui	200	0	5			https://www.seoconsult.cz/blog/ux-vs-ui-design-rozdily-ktere-byste-meli-znat	informational	cs
seoconsult.cz	k čemu slouží hashtag	80	2				https://www.seoconsult.cz/blog/kompletni-pruvodce-hashtagy-na-instagramu	informational	cs
seoconsult.cz	jak založit business manager	150	0	110			https://www.seoconsult.cz/zalozeni-facebook-business-manageru	branded+informational	cs
seoconsult.cz	tiktok platí za sledování videí	70	0	60			https://www.seoconsult.cz/blog/statistiky-tiktoku-ktere-potrebujete-znat	branded+informational	cs
seoconsult.cz	time machine web	70	76				https://www.seoconsult.cz/blog/jake-existuji-alternativy-ke-sluzbe-wayback-machine	branded+navigational+informational	cs
seoconsult.cz	přeji hezký víkend	50	0				https://www.seoconsult.cz/blog/11-prikladu-e-mailovych-pozdravu	informational	cs
seoconsult.cz	vyhledávání v textu	20	0				https://www.seoconsult.cz/blog/je-text-alt-faktorem-hodnoceni-pro-vyhledavani-obrazku-v-googlu	informational	cs
seoconsult.cz	seznam moje firma	30	1				https://www.seoconsult.cz/blog/moje-firma-na-googlu-je-nyni-firemni-profil-google	branded+informational+commercial	cs
seoconsult.cz	cílová skupina marketing	80	0				https://www.seoconsult.cz/blog/jak-najit-sve-cilove-publikum	informational	cs
seoconsult.cz	webové vyhledávače	90	1				https://www.seoconsult.cz/blog/tajemstvi-algoritmu-internetovych-vyhledavacu	informational	cs
seoconsult.cz	přeji hezký den	300	0				https://www.seoconsult.cz/blog/11-prikladu-e-mailovych-pozdravu	informational	cs
seoconsult.cz	seznam pridat url	60	0				https://www.seoconsult.cz/blog/indexovani-webovych-stranek-vyhledavaci-jak-funguje	branded+informational	cs
seoconsult.cz	test rychlosti webu	100	32	133			https://www.seoconsult.cz/blog/jak-dukladne-otestovat-rychlost-vaseho-webu	informational	cs
seoconsult.cz	formální email vzor česky	80	0	118			https://www.seoconsult.cz/blog/11-prikladu-e-mailovych-pozdravu	informational	cs
seoconsult.cz	email jak napsat	50	0				https://www.seoconsult.cz/blog/11-prikladu-e-mailovych-pozdravu	informational	cs
seoconsult.cz	seo význam	300	4	23			https://www.seoconsult.cz/blog/klicovy-vyznam-zameru-vyhledavani-pro-seo	informational	cs
seoconsult.cz	jak napsat email doktorovi	50	0				https://www.seoconsult.cz/blog/11-prikladu-e-mailovych-pozdravu	informational	cs
seoconsult.cz	ppc reklamy	250	1	286			https://www.seoconsult.cz/ppc-reklama	informational+commercial	cs
seoconsult.cz	jak propagovat instagram	100	0	17			https://www.seoconsult.cz/proc-se-reklama-na-instagramu-vyplati-jak-za-ni-platit-mene	branded+informational+commercial	cs
seoconsult.cz	google vyhledávání podle obrázku	300	9	9			https://www.seoconsult.cz/blog/hledani-v-google-podle-obrazku-textu-soucasne	branded+informational	cs
seoconsult.cz	jak napsat email	600	0	3			https://www.seoconsult.cz/blog/11-prikladu-e-mailovych-pozdravu	informational	cs
seoconsult.cz	hledat googlem	10	34				https://www.seoconsult.cz/blog/umite-vyhledavat-na-googlu-s-nasimi-tipy-pujdete-na-jistotu	branded+informational	cs
seoconsult.cz	obchodní email vzor	60	0				https://www.seoconsult.cz/blog/11-prikladu-e-mailovych-pozdravu	informational	cs
seoconsult.cz	mailing	250	3	3			https://www.seoconsult.cz/vite-co-je-e-mailing-jak-s-nim-u-nas-vlastne-pracujeme	informational+commercial	cs
seoconsult.cz	nabízíme dropshipping	60	0	49			https://www.seoconsult.cz/blog/jak-na-dropshipping-v-roce-2024-9-zakladnich-kroku-jak-zacit	informational+commercial	cs
seoconsult.cz	jak zjistit like na instagramu	70	0				https://www.seoconsult.cz/blog/jak-zmerit-vykon-kampani-na-instagramu	branded+informational	cs
seoconsult.cz	demand	100	0	19	0	11		informational	cs
seoconsult.cz	google hledání obrázků	90	8				https://www.seoconsult.cz/blog/hledani-v-google-podle-obrazku-textu-soucasne	branded+informational	cs
seoconsult.cz	vyhledat podle obrázku	250	4	15			https://www.seoconsult.cz/blog/hledani-v-google-podle-obrazku-textu-soucasne	informational	cs
seoconsult.cz	kdy byl založen instagram	40	0				https://www.seoconsult.cz/blog/marketingova-strategie-na-instagramu	branded+informational	cs
seoconsult.cz	co je reels	150	51				https://www.seoconsult.cz/blog/tiktok-nebo-instagram-reels-co-je-vyhodnejsi	branded+informational	cs