impnet.cz	srank	500	0		76	1	https://www.impnet.cz/srank	branded+informational	cs
impnet.cz	hreflang	150	55	11	54	1	https://www.impnet.cz/blog/co-je-to-atribut-hreflang-jak-ho-pouzivat-a-nejcastejsi-chyby/	informational	cs
impnet.cz	realitní software	100	27	136	30	2	https://www.impnet.cz/blog/srovnani-8-nejlepsich-systemu-pro-realitky-jaky-vybrat/	informational+commercial	cs
impnet.cz	meta description	150	70	29	24	3	https://www.impnet.cz/blog/jak-spravne-psat-meta-description-a-jak-ma-byt-dlouhy/	informational	cs
impnet.cz	sales navigator	200	0	28	19	1	https://www.impnet.cz/blog/jak-funguje-propagace-skrze-placeny-sales-navigator-na-linkedin/	branded+informational+commercial	cs
impnet.cz	klišé	300	0				https://www.impnet.cz/klise	informational	cs
impnet.cz	pop3 vs imap	100	11	2	17	1	https://www.impnet.cz/blog/pop3-vs-imap-ktery-protokol-je-lepsi/	informational	cs
impnet.cz	nps zkratka	200	0		15	4	https://www.impnet.cz/blog/nps-zjistete-spokojenost-vasich-zakazniku/	branded+informational	cs
impnet.cz	longtail	150	2	25			https://www.impnet.cz/longtail	informational+commercial	cs
impnet.cz	blogerka	70	0				https://www.impnet.cz/bloger-ka	informational	cs
impnet.cz	long tail	150	0	12	14	3	https://www.impnet.cz/longtail	informational+commercial	cs
impnet.cz	platebni brany	90	51	186			https://www.impnet.cz/blog/13-nejlepsich-platebnich-bran-pro-majitele-e-shopu/	informational+commercial	cs
impnet.cz	srovnání platebních bran	50	20	106			https://www.impnet.cz/blog/13-nejlepsich-platebnich-bran-pro-majitele-e-shopu/	informational+commercial	cs
impnet.cz	metadescription	600	0	16	12	1		informational	cs
impnet.cz	profilová fotka na fb	150	0				https://www.impnet.cz/blog/ztracite-se-v-rozmerech-obrazku-na-facebooku-tady-mate-prehled-tech-nejdulezitejsich/	branded+informational	cs
impnet.cz	meta popis	100	0	6	10	3	https://www.impnet.cz/blog/jak-spravne-psat-meta-description-a-jak-ma-byt-dlouhy/	informational	cs
impnet.cz	perex co to je	100	0				https://www.impnet.cz/perex	informational	cs
impnet.cz	klišé význam	80	0				https://www.impnet.cz/klise	informational	cs
impnet.cz	cpc marketing	100	0	19			https://www.impnet.cz/cpc	informational	cs
impnet.cz	optimalizace rychlosti webu	200	0		8	6		informational+commercial	cs
impnet.cz	imp	250	0	18	7	1	https://www.impnet.cz/	informational	cs
impnet.cz	co je to kpi	150	0				https://www.impnet.cz/kpi	informational	cs
impnet.cz	google consent mode v2	100	34				https://www.impnet.cz/blog/google-consent-mode-v2-co-je-treba-vedet-a-jak-implementovat/	branded+informational	cs
impnet.cz	penalizace	200	0				https://www.impnet.cz/blog/penalizace-od-google-jak-ji-najit-opravit-a-jak-se-ji-vyhnout/	informational	cs
impnet.cz	libilo se	200	0				https://www.impnet.cz/blog/v-jakych-slovech-nejcasteji-chybujete/	informational	cs
impnet.cz	kpi zkratka	700	0	7			https://www.impnet.cz/kpi	informational	cs
impnet.cz	titulek	250	0				https://www.impnet.cz/titulek	informational	cs
impnet.cz	meta popisek	100	1	55	5	5	https://www.impnet.cz/blog/jak-spravne-psat-meta-description-a-jak-ma-byt-dlouhy/	informational	cs
impnet.cz	usp	500	1	23			https://www.impnet.cz/usp	informational	cs
impnet.cz	description	250	0	298	5	1		informational	cs
impnet.cz	co je to influencer	250	0	4			https://www.impnet.cz/influencer	informational	cs
impnet.cz	google tag manager co to je	200	0	50			https://www.impnet.cz/google-tag-manager-gtm	branded+informational	cs
impnet.cz	vytvoření podpisu online	40	0	27	5	5		informational+commercial+transactional	cs
impnet.cz	lookalike	70	0				https://www.impnet.cz/lookalike	informational+commercial	cs
impnet.cz	infulencer	50	5	14			https://www.impnet.cz/influencer	informational+commercial	cs
impnet.cz	co je influencer	450	0	1			https://www.impnet.cz/influencer	informational	cs
impnet.cz	platební brány srovnání	40	30	132	4	5	https://www.impnet.cz/blog/13-nejlepsich-platebnich-bran-pro-majitele-e-shopu/	informational+commercial	cs
impnet.cz	direct mailing	100	0	60			https://www.impnet.cz/direct-mailing.php	informational+commercial	cs
impnet.cz	influencer	7600	0	17	4	13	https://www.impnet.cz/influencer	informational+commercial	cs
impnet.cz	influencerka co to je	250	1	13			https://www.impnet.cz/influencer	informational	cs
impnet.cz	co je to epos	600	0				https://www.impnet.cz/epos	informational	cs
impnet.cz	usp marketing	100	0				https://www.impnet.cz/blog/jak-napsat-usp-ktere-vas-business-vystreli-do-nebes/	informational	cs
impnet.cz	platební brány	150	56	232			https://www.impnet.cz/blog/13-nejlepsich-platebnich-bran-pro-majitele-e-shopu/	informational+commercial	cs
impnet.cz	linkedin sales navigator	200	43	19	4	3	https://www.impnet.cz/blog/jak-funguje-propagace-skrze-placeny-sales-navigator-na-linkedin/	branded+informational+commercial+transactional	cs
impnet.cz	platební brána zdarma	30	24	191			https://www.impnet.cz/blog/13-nejlepsich-platebnich-bran-pro-majitele-e-shopu/	informational+commercial	cs
impnet.cz	analýza klíčových slov	1000	2	106			https://www.impnet.cz/analyza-klicovych-slov.php	informational	cs
impnet.cz	headline	300	0				https://www.impnet.cz/headline	informational	cs
impnet.cz	titulek článku	40	0				https://www.impnet.cz/titulek	informational	cs
impnet.cz	seo service	50	0	164	3	7		local+informational+commercial	cs
impnet.cz	co je to perex	100	0				https://www.impnet.cz/perex	informational	cs
impnet.cz	platební brana	450	65	238			https://www.impnet.cz/blog/13-nejlepsich-platebnich-bran-pro-majitele-e-shopu/	informational+commercial	cs
impnet.cz	pop vs imap	20	5				https://www.impnet.cz/blog/pop3-vs-imap-ktery-protokol-je-lepsi/	informational	cs
impnet.cz	co je to copywriting	150	0	4			https://www.impnet.cz/copywriting-2	informational	cs
impnet.cz	co je influencerka	150	1	13			https://www.impnet.cz/influencer	informational	cs
impnet.cz	facebook událost rozměry	20	0				https://www.impnet.cz/blog/ztracite-se-v-rozmerech-obrazku-na-facebooku-tady-mate-prehled-tech-nejdulezitejsich/	branded+informational	cs
impnet.cz	klise	100	0				https://www.impnet.cz/klise	informational	cs
impnet.cz	zkratka kpi	150	0				https://www.impnet.cz/kpi	informational	cs
impnet.cz	co znamená influencer	200	0				https://www.impnet.cz/influencer	informational	cs
impnet.cz	co je saas	100	0	1	2	10	https://www.impnet.cz/blog/software-uz-si-nekoupite-a-je-to-dobre-co-je-saas-a-proc-na-nej-prejit/	informational	cs
impnet.cz	co je epos	400	0				https://www.impnet.cz/epos	informational	cs
impnet.cz	co je marketplace	50	0	16			https://www.impnet.cz/market-place	informational	cs
impnet.cz	epos co to je	150	0				https://www.impnet.cz/epos	informational	cs
impnet.cz	consent mode v2	50	28		2	2	https://www.impnet.cz/blog/google-consent-mode-v2-co-je-treba-vedet-a-jak-implementovat/	branded+informational	cs
impnet.cz	marketing aktuality	40	0		2	9		branded+informational	cs
impnet.cz	fb událost rozměry	30	0				https://www.impnet.cz/blog/ztracite-se-v-rozmerech-obrazku-na-facebooku-tady-mate-prehled-tech-nejdulezitejsich/	branded+informational	cs
impnet.cz	data layer	30	9				https://www.impnet.cz/data-layer	informational	cs
impnet.cz	školení linkbuilding	300	2	43	2	16		informational+commercial	cs
impnet.cz	saas co to je	90	0		2	10	https://www.impnet.cz/blog/software-uz-si-nekoupite-a-je-to-dobre-co-je-saas-a-proc-na-nej-prejit/	informational	cs
impnet.cz	návrh loga	350	2	37			https://www.impnet.cz/tvorba-loga.php	informational+commercial+transactional	cs
impnet.cz	copywrighting	70	1		1	9		informational+commercial	cs
impnet.cz	meta tag description	40	81	77			https://www.impnet.cz/blog/jak-spravne-psat-meta-description-a-jak-ma-byt-dlouhy/	informational	cs
impnet.cz	claim	400	0	61			https://www.impnet.cz/claim	informational+commercial	cs
impnet.cz	technické seo	300	0	58			https://www.impnet.cz/blog/technicke-seo-8-nejdulezitejsich-bodu-na-ktere-nezapominat/	informational+commercial	cs
impnet.cz	facebook příspěvek rozměry	30	0				https://www.impnet.cz/blog/ztracite-se-v-rozmerech-obrazku-na-facebooku-tady-mate-prehled-tech-nejdulezitejsich/	branded+informational	cs
impnet.cz	responzivni	150	0	29			https://www.impnet.cz/blog/responzivni-vs-adaptivni-design-ktery-je-lepsi/	informational	cs
impnet.cz	co je perex	150	0				https://www.impnet.cz/perex	informational	cs
impnet.cz	sales navigator linkedin	50	79	25	1	9	https://www.impnet.cz/blog/jak-funguje-propagace-skrze-placeny-sales-navigator-na-linkedin/	branded+informational+commercial+transactional	cs
impnet.cz	co to je influencer	50	0				https://www.impnet.cz/influencer	informational	cs
impnet.cz	líbila	150	0				https://www.impnet.cz/blog/v-jakych-slovech-nejcasteji-chybujete/	informational	cs
impnet.cz	featured snippets	60	47				https://www.impnet.cz/blog/jak-vyuzit-featured-snippets-pro-vyssi-navstevnost/	branded+informational	cs
impnet.cz	imap vs pop	20	5				https://www.impnet.cz/blog/pop3-vs-imap-ktery-protokol-je-lepsi/	informational	cs
impnet.cz	instagram pro začátečníky	20	0		1	1		branded+informational	cs
impnet.cz	konverze význam	150	2				https://www.impnet.cz/konverze	informational	cs
impnet.cz	cookies co to je	40	0	21	1	8		informational	cs
impnet.cz	co znamená influencerka	40	0				https://www.impnet.cz/influencer	informational	cs
impnet.cz	newsfeed	40	0	87			https://www.impnet.cz/newsfeed	branded+informational	cs
impnet.cz	kdo je to influencer	150	0	4			https://www.impnet.cz/influencer	informational	cs
impnet.cz	impnet	0	0		1	1	https://www.impnet.cz/	branded+local+navigational+informational+commercial	cs
impnet.cz	dvoufázové ověření instagram	20	0				https://www.impnet.cz/blog/zabezpeceni-facebook-a-instagram-uctu/	branded+informational	cs
impnet.cz	úvodní fotka na fb	20	0				https://www.impnet.cz/blog/ztracite-se-v-rozmerech-obrazku-na-facebooku-tady-mate-prehled-tech-nejdulezitejsich/	branded+informational	cs
impnet.cz	influencer co to je	100	0	2			https://www.impnet.cz/influencer	informational	cs
impnet.cz	co je php	50	0	4	1	9	https://www.impnet.cz/blog/proc-je-php-paskvil-a-proc-se-presto-tak-hojne-pouziva/	branded+informational	cs
impnet.cz	copywritting	60	0	38	1	9		informational+commercial	cs
impnet.cz	profilové fotky na fb	60	0				https://www.impnet.cz/blog/ztracite-se-v-rozmerech-obrazku-na-facebooku-tady-mate-prehled-tech-nejdulezitejsich/	branded+informational	cs
impnet.cz	co je to barter	50	1				https://www.impnet.cz/barter	informational	cs
impnet.cz	záložní kód instagram	20	0				https://www.impnet.cz/blog/zabezpeceni-facebook-a-instagram-uctu/	branded+informational	cs
impnet.cz	pwa	450	80	67			https://www.impnet.cz/blog/v-cem-tkvi-kouzlo-pwa-aplikaci/	informational	cs
impnet.cz	ctr marketing	50	0	11	1	8	https://www.impnet.cz/ctr	informational	cs
impnet.cz	instagram návod	20	22	120	1	8		branded+informational	cs
impnet.cz	anchor text	70	0	4			https://www.impnet.cz/anchor-text	informational	cs
impnet.cz	rychlost webu google	100	12	135			https://www.impnet.cz/blog/optimalizace-pres-google-pagespeed-insights-prakticke-informace-jak-zvysit-rychlost-vaseho-webu/	branded+informational	cs
impnet.cz	co je to klišé	10	0				https://www.impnet.cz/klise	informational	cs
impnet.cz	logo návrh	100	2	33			https://www.impnet.cz/tvorba-loga.php	informational+commercial	cs
impnet.cz	copyediting	50	7				https://www.impnet.cz/copyediting	informational	cs
impnet.cz	instagram navod	20	0	150	1	9		branded+informational	cs
impnet.cz	co je klišé	10	0				https://www.impnet.cz/klise	informational	cs
impnet.cz	firemní logo	30	0	72	1	9		informational+commercial	cs
impnet.cz	ai tvorba prezentace	60	0				https://www.impnet.cz/blog/tvorba-prezentaci-s-ai/	informational+commercial	cs
impnet.cz	imp net	10	0		1	2	https://www.impnet.cz/	branded+local+navigational+informational+commercial	cs
impnet.cz	redakcni system	40	0	85	1	11	https://www.impnet.cz/blog/redakcni-system-brave-cms-a-informacni-systemy-abra/	informational+commercial	cs
impnet.cz	hledáme copywritera	70	0	9			https://www.impnet.cz/kariera-copy	informational+transactional	cs
impnet.cz	mailing	250	3	3			https://www.impnet.cz/direct-mailing.php	informational+commercial	cs
impnet.cz	php jazyk	20	0	4	0	9		branded+informational	cs
impnet.cz	velikost úvodní fotky na fb	20	0		0	7	https://www.impnet.cz/blog/ztracite-se-v-rozmerech-obrazku-na-facebooku-tady-mate-prehled-tech-nejdulezitejsich/	branded+informational	cs
impnet.cz	vyroba loga	80	6	37			https://www.impnet.cz/tvorba-loga.php	informational+commercial+transactional	cs
impnet.cz	pwa aplikace	100	0	83			https://www.impnet.cz/blog/v-cem-tkvi-kouzlo-pwa-aplikaci/	informational	cs
impnet.cz	co je ctr	50	0		0	9		informational	cs
impnet.cz	co je to url	300	1				https://www.impnet.cz/url-adresa	informational	cs
impnet.cz	nofollow	30	50	2	0	8	https://www.impnet.cz/follow-x-nofollow	informational	cs
impnet.cz	co je barter	80	1				https://www.impnet.cz/barter	informational	cs
impnet.cz	universal analytics	50	86	23			https://www.impnet.cz/blog/universal-analytics-konci-prejdete-na-google-analytics-4/	branded+informational+commercial	cs
impnet.cz	prezentace ai	600	0	15			https://www.impnet.cz/blog/tvorba-prezentaci-s-ai/	informational+commercial	cs
impnet.cz	nejčastější klišé	20	0				https://www.impnet.cz/klise	informational	cs
impnet.cz	tagy co to je	150	0				https://www.impnet.cz/meta-tagy	informational	cs
impnet.cz	google tag	300	59	36			https://www.impnet.cz/google-tag-manager-gtm	branded+informational	cs
impnet.cz	strukturovaná data	30	0	11			https://www.impnet.cz/blog/co-jsou-strukturovana-data-rich-snippety-a-proc-byste-je-meli-pouzivat/	informational	cs
impnet.cz	co je to php	20	0		0	9	https://www.impnet.cz/blog/proc-je-php-paskvil-a-proc-se-presto-tak-hojne-pouziva/	branded+informational	cs
impnet.cz	co je to freelancer	60	0				https://www.impnet.cz/freelancer	informational	cs
impnet.cz	tip typ rozdíl	250	0				https://www.impnet.cz/blog/v-jakych-slovech-nejcasteji-chybujete/	informational	cs
impnet.cz	rel noopener	0	5	2	0	4	https://www.impnet.cz/blog/jak-odstranit-rel-atribut-s-hodnotami-noopener-a-noreferrer-z-odkazu-redakcniho-systemu-wordpress/	informational	cs
impnet.cz	pr clanek	100	0	77			https://www.impnet.cz/pr-clanek	informational+commercial	cs
impnet.cz	logo firem	30	0	22	0	8		informational+commercial	cs
impnet.cz	busines manager	70	0	40			https://www.impnet.cz/blog/co-je-to-business-manager-a-jak-ho-nastavit/	branded+navigational+informational+commercial	cs
impnet.cz	pagespeed google	30	79	41			https://www.impnet.cz/blog/optimalizace-pres-google-pagespeed-insights-prakticke-informace-jak-zvysit-rychlost-vaseho-webu/	branded+navigational+informational	cs
impnet.cz	usp sipo	10	0				https://www.impnet.cz/usp	branded+informational+commercial	cs
impnet.cz	vytvoření loga	150	0	33			https://www.impnet.cz/tvorba-loga.php	informational+commercial	cs
impnet.cz	chatbot co to je	40	0				https://www.impnet.cz/blog/chatbot-pomocnik-s-umelou-inteligenci/	informational	cs
impnet.cz	originální profilová fotka	20	0	15			https://www.impnet.cz/blog/ztracite-se-v-rozmerech-obrazku-na-facebooku-tady-mate-prehled-tech-nejdulezitejsich/	informational	cs
impnet.cz	seo titulek	80	0	48			https://www.impnet.cz/title-stranky	informational	cs
impnet.cz	agency navigator	10	0				https://www.impnet.cz/blog/jak-funguje-propagace-skrze-placeny-sales-navigator-na-linkedin/	branded+informational+commercial	cs
impnet.cz	navrh loga	60	2	30			https://www.impnet.cz/tvorba-loga.php	informational+commercial	cs
impnet.cz	zní to jako klišé	0	0				https://www.impnet.cz/klise	informational	cs
impnet.cz	co je komunikace	10	0		0	11		informational	cs
impnet.cz	uvodni fotka	10	0				https://www.impnet.cz/blog/ztracite-se-v-rozmerech-obrazku-na-facebooku-tady-mate-prehled-tech-nejdulezitejsich/	informational	cs
impnet.cz	patkové a bezpatkové písmo	80	2				https://www.impnet.cz/blog/vice-nez-100-000-fontu-je-k-dispozici-jak-ale-vybrat-ten-spravny-pro-vas-projekt/	informational	cs
impnet.cz	co je to gdpr	30	11	18			https://www.impnet.cz/gdpr	branded+informational	cs
impnet.cz	facebook dvoufázové ověření	0	0	17	0	8		branded+informational	cs
impnet.cz	time managment	40	3	12			https://www.impnet.cz/blog/jak-na-efektivni-time-management/	informational	cs
impnet.cz	google pagerank	200	73	67			https://www.impnet.cz/pagerank	branded+informational	cs
impnet.cz	typ tip rozdíl	30	0				https://www.impnet.cz/blog/v-jakych-slovech-nejcasteji-chybujete/	informational	cs
impnet.cz	co je platební brána	40	6	24			https://www.impnet.cz/blog/13-nejlepsich-platebnich-bran-pro-majitele-e-shopu/	informational+commercial	cs
impnet.cz	url adresa	450	2	87			https://www.impnet.cz/url-adresa	informational	cs
impnet.cz	stránce	100	0	47			https://www.impnet.cz/blog/skryty-obsah-a-text-na-strance-a-seo-jak-to-udelat-dobre/	informational	cs
impnet.cz	zpětný odkaz	150	0	122			https://www.impnet.cz/zpetny-odkaz	informational	cs
impnet.cz	filtry instagram	0	0	10	0	8		branded+informational	cs
impnet.cz	rozměr fotky	50	1	8			https://www.impnet.cz/blog/ztracite-se-v-rozmerech-obrazku-na-facebooku-tady-mate-prehled-tech-nejdulezitejsich/	informational	cs
impnet.cz	loga firem obrázky	10	0				https://www.impnet.cz/blog/nalezitosti-firemniho-loga-a-jak-s-nim-spravne-pracovat/	informational+commercial	cs
impnet.cz	konec cookies třetích stran	0	0		0	9	https://www.impnet.cz/blog/konec-cookies-tretich-stran-v-google-chrome/	informational	cs
impnet.cz	meta tag	200	55				https://www.impnet.cz/meta-tagy	informational	cs
impnet.cz	stránkování	10	0		0	3		informational	cs
impnet.cz	co je cpc	70	0				https://www.impnet.cz/cpc	informational	cs
impnet.cz	linkbuilding seo	200	0	130			https://www.impnet.cz/linkbuilding.php	informational+commercial	cs
impnet.cz	standardní velikost fotografie	60	0	9			https://www.impnet.cz/blog/ztracite-se-v-rozmerech-obrazku-na-facebooku-tady-mate-prehled-tech-nejdulezitejsich/	informational	cs
impnet.cz	co je to konverze	60	5				https://www.impnet.cz/konverze	informational	cs
impnet.cz	barion recenze	60	0	271			https://www.impnet.cz/blog/13-nejlepsich-platebnich-bran-pro-majitele-e-shopu/	branded+informational+commercial	cs
impnet.cz	návrh loga online	90	0	27			https://www.impnet.cz/tvorba-loga.php	informational+commercial	cs
impnet.cz	tip a typ rozdil	80	0				https://www.impnet.cz/blog/v-jakych-slovech-nejcasteji-chybujete/	informational	cs
impnet.cz	pište pro nás	20	0				https://www.impnet.cz/blog/piste-na-web-uderne-texty-ktere-zaujmou-a-prodaji/	informational	cs
impnet.cz	pavel vodička	10	0				https://www.impnet.cz/en/autori/pavel-vodicka/	informational	cs
impnet.cz	nps výpočet	20	2	47			https://www.impnet.cz/blog/nps-zjistete-spokojenost-vasich-zakazniku/	branded+informational	cs
impnet.cz	payu recenze	80	0	42			https://www.impnet.cz/blog/13-nejlepsich-platebnich-bran-pro-majitele-e-shopu/	branded+informational+commercial	cs
impnet.cz	neuromarketing	70	0	34			https://www.impnet.cz/blog/neuromarketing-uzitecny-sluha-nebo-zly-pan/	informational	cs
impnet.cz	realitni servery	50	37	22			https://www.impnet.cz/blog/srovnani-8-nejlepsich-systemu-pro-realitky-jaky-vybrat/	informational+commercial	cs
impnet.cz	seo linkbuilding	150	0	117			https://www.impnet.cz/linkbuilding.php	informational+commercial	cs
impnet.cz	imap vs pop3	80	4	2	0	8	https://www.impnet.cz/blog/pop3-vs-imap-ktery-protokol-je-lepsi/	informational	cs
impnet.cz	co znamena url	250	2				https://www.impnet.cz/url-adresa	informational	cs
impnet.cz	co je software	900	2	166			https://www.impnet.cz/blog/software-uz-si-nekoupite-a-je-to-dobre-co-je-saas-a-proc-na-nej-prejit/	informational	cs
impnet.cz	adaptivni	30	0				https://www.impnet.cz/blog/responzivni-vs-adaptivni-design-ktery-je-lepsi/	informational	cs
impnet.cz	profilove obrazky	30	0				https://www.impnet.cz/blog/ztracite-se-v-rozmerech-obrazku-na-facebooku-tady-mate-prehled-tech-nejdulezitejsich/	informational	cs
impnet.cz	jak vymyslet logo	90	0	14			https://www.impnet.cz/tvorba-loga.php	informational+commercial	cs
impnet.cz	profilová fotka instagram	20	0				https://www.impnet.cz/blog/ztracite-se-v-rozmerech-obrazku-na-facebooku-tady-mate-prehled-tech-nejdulezitejsich/	branded+informational	cs
impnet.cz	jak založit business manager	150	0	110			https://www.impnet.cz/blog/co-je-to-business-manager-a-jak-ho-nastavit/	branded+informational	cs
impnet.cz	kpi co to je	100	0	1			https://www.impnet.cz/kpi	informational	cs
impnet.cz	platebni metody	70	5	29			https://www.impnet.cz/blog/13-nejlepsich-platebnich-bran-pro-majitele-e-shopu/	informational+commercial	cs
impnet.cz	marketingový mix	350	0	29	0	20		informational	cs
impnet.cz	design loga	100	10	38			https://www.impnet.cz/tvorba-loga.php	local+informational+commercial	cs
impnet.cz	sklik bannery	50	0	93			https://www.impnet.cz/blog/velkosti-bannerov-v-obsahovej-sieti-google-ads-a-sklik/	branded+informational+commercial	cs
impnet.cz	co to je url	200	1				https://www.impnet.cz/url-adresa	informational	cs
impnet.cz	neverbalni	30	0				https://www.impnet.cz/blog/neverbalni-komunikace-prozradi-vic-nez-slova/	informational	cs
impnet.cz	webová adresa	40	1	117			https://www.impnet.cz/url-adresa	informational	cs
impnet.cz	meta tagy	200	1				https://www.impnet.cz/meta-tagy	informational	cs
impnet.cz	gtpr	60	0				https://www.impnet.cz/pagerank	informational	cs
impnet.cz	fotka na profil	10	0				https://www.impnet.cz/blog/ztracite-se-v-rozmerech-obrazku-na-facebooku-tady-mate-prehled-tech-nejdulezitejsich/	informational+commercial	cs
impnet.cz	imap pop3	10	1				https://www.impnet.cz/blog/pop3-vs-imap-ktery-protokol-je-lepsi/	informational	cs
impnet.cz	zobrazení profilové fotky na instagramu	20	0				https://www.impnet.cz/blog/ztracite-se-v-rozmerech-obrazku-na-facebooku-tady-mate-prehled-tech-nejdulezitejsich/	branded+informational	cs
impnet.cz	zkratka a podobně	0	0				https://www.impnet.cz/cta	informational	cs
impnet.cz	realitni server	10	18	22			https://www.impnet.cz/blog/srovnani-8-nejlepsich-systemu-pro-realitky-jaky-vybrat/	informational+commercial	cs
impnet.cz	co je pno	70	0				https://www.impnet.cz/pno	informational	cs
impnet.cz	co je to blog	150	1				https://www.impnet.cz/bloger-ka	informational	cs
impnet.cz	pno meaning	80	0				https://www.impnet.cz/pno	informational	cs
impnet.cz	registrace ochranné známky cena	60	1	59			https://www.impnet.cz/blog/chrante-si-sve-dusevni-vlastnictvi-pomuzeme-vam-s-ochrannou-znamkou/	informational+commercial	cs
impnet.cz	consent mode	40	20	106			https://www.impnet.cz/blog/google-consent-mode-v2-co-je-treba-vedet-a-jak-implementovat/	branded+informational	cs
impnet.cz	vyskakovací okna android	50	0	1			https://www.impnet.cz/blog/mate-na-svych-strankach-vyskakovaci-okna-pozor-at-si-na-vas-nevyskoci-google/	branded+informational	cs
impnet.cz	perex	1000	0	13			https://www.impnet.cz/perex	branded+informational+commercial	cs
impnet.cz	online marketing agentura	150	24	114			https://www.impnet.cz/blog/co-si-pohlidat-pri-zmene-agentury-pro-online-marketing/	local+informational+commercial	cs
impnet.cz	správa sociálních sítí brigáda	150	0	18			https://www.impnet.cz/kariera-expert-na-socialni-site	local+informational	cs
impnet.cz	vizuální styl	60	1				https://www.impnet.cz/jednotny-vizualni-styl.php	informational	cs
impnet.cz	layer	250	45				https://www.impnet.cz/data-layer	informational	cs
impnet.cz	saas	2000	34	38			https://www.impnet.cz/blog/software-uz-si-nekoupite-a-je-to-dobre-co-je-saas-a-proc-na-nej-prejit/	informational+commercial	cs
impnet.cz	pokročilé vyhledávání google	150	0				https://www.impnet.cz/blog/google-ai-overviews-prichazi-revoluce-ve-vyhledavani/	branded+informational	cs
impnet.cz	formát obrázku	20	1				https://www.impnet.cz/blog/ztracite-se-v-rozmerech-obrazku-na-facebooku-tady-mate-prehled-tech-nejdulezitejsich/	informational	cs
impnet.cz	jak udelat logo	10	0	13			https://www.impnet.cz/tvorba-loga.php	informational+commercial	cs
impnet.cz	platební brána	700	55	205	0	13		informational+commercial	cs
impnet.cz	platební brána stripe	60	0	140			https://www.impnet.cz/blog/13-nejlepsich-platebnich-bran-pro-majitele-e-shopu/	branded+informational+commercial	cs
impnet.cz	co je chatbot	40	1				https://www.impnet.cz/blog/chatbot-pomocnik-s-umelou-inteligenci/	informational	cs
impnet.cz	co je tag	200	0				https://www.impnet.cz/meta-tagy	informational	cs
impnet.cz	velikost fotky na instagram	30	0	4			https://www.impnet.cz/blog/ztracite-se-v-rozmerech-obrazku-na-facebooku-tady-mate-prehled-tech-nejdulezitejsich/	branded+informational	cs
impnet.cz	co znamen	80	2				https://www.impnet.cz/stavovy-kod-200	informational	cs
impnet.cz	mailhosting	150	0	124			https://www.impnet.cz/blog/microsoft-exchange-vs-klasicky-mailhosting/	informational+commercial+transactional	cs
impnet.cz	claims	100	0				https://www.impnet.cz/claim	informational+commercial	cs
impnet.cz	tvorba webu brno	40	22	166			https://www.impnet.cz/tvorba-webovych-stranek-brno.php	local+informational+commercial	cs
impnet.cz	směnný obchod	30	0				https://www.impnet.cz/barter	informational	cs
impnet.cz	budget	1100	0	37			https://www.impnet.cz/budget	branded+local+informational+commercial+transactional	cs
impnet.cz	rozměry fotografií	150	1	17			https://www.impnet.cz/blog/ztracite-se-v-rozmerech-obrazku-na-facebooku-tady-mate-prehled-tech-nejdulezitejsich/	informational	cs
impnet.cz	pop-up okno	200	0	11			https://www.impnet.cz/blog/mate-na-svych-strankach-vyskakovaci-okna-pozor-at-si-na-vas-nevyskoci-google/	informational	cs
impnet.cz	audit webu	80	0	115			https://www.impnet.cz/audit-a-kontrola-webu.php	informational+commercial	cs
impnet.cz	imap	200	0	9			https://www.impnet.cz/blog/pop3-vs-imap-ktery-protokol-je-lepsi/	informational	cs
impnet.cz	rozměry bannerů google ads	30	0	60			https://www.impnet.cz/blog/velkosti-bannerov-v-obsahovej-sieti-google-ads-a-sklik/	branded+informational+commercial	cs
impnet.cz	platební terminály srovnání	40	6	103			https://www.impnet.cz/blog/13-nejlepsich-platebnich-bran-pro-majitele-e-shopu/	informational+commercial	cs
impnet.cz	nejnovější sociální sítě	70	1	43			https://www.impnet.cz/kategorie/socialni-site/	informational+commercial	cs
impnet.cz	fb pixel	50	0	26			https://www.impnet.cz/fb-pixel	branded+informational	cs
impnet.cz	návrhy loga	200	2	35			https://www.impnet.cz/tvorba-loga.php	informational+commercial	cs
impnet.cz	obchodní zástupce náplň práce	40	0	4			https://www.impnet.cz/en/kariera-obchodni-zastupce	informational	cs
impnet.cz	velikost fotografie mb	40	1				https://www.impnet.cz/blog/ztracite-se-v-rozmerech-obrazku-na-facebooku-tady-mate-prehled-tech-nejdulezitejsich/	informational	cs
impnet.cz	rozmery fotek	90	0	10			https://www.impnet.cz/blog/ztracite-se-v-rozmerech-obrazku-na-facebooku-tady-mate-prehled-tech-nejdulezitejsich/	informational+commercial	cs
impnet.cz	výpočet pno	100	0				https://www.impnet.cz/pno	informational	cs
impnet.cz	brand význam	20	0	18			https://www.impnet.cz/brand	informational	cs
impnet.cz	google zboží	50	2	2			https://www.impnet.cz/blog/google-nakupy-krok-za-krokem-zalozeni/	branded+informational+commercial	cs
impnet.cz	co si dát na profilovku	30	0				https://www.impnet.cz/blog/ztracite-se-v-rozmerech-obrazku-na-facebooku-tady-mate-prehled-tech-nejdulezitejsich/	informational	cs
impnet.cz	fotografie rozměry	60	1	12			https://www.impnet.cz/blog/ztracite-se-v-rozmerech-obrazku-na-facebooku-tady-mate-prehled-tech-nejdulezitejsich/	informational+commercial	cs
impnet.cz	verbalni komunikace	90	0				https://www.impnet.cz/blog/neverbalni-komunikace-prozradi-vic-nez-slova/	informational	cs
impnet.cz	rfm analýza	80	0	68			https://www.impnet.cz/blog/co-znamena-zakaznicka-analytika-a-na-co-se-soustredit/	informational	cs
impnet.cz	bartrový obchod	10	3				https://www.impnet.cz/barter	informational	cs
impnet.cz	jak se jmenovat na instagramu	30	0				https://www.impnet.cz/blog/co-je-to-business-manager-a-jak-ho-nastavit/	branded+informational	cs
impnet.cz	jaký zvolit formát fotografie	30	0				https://www.impnet.cz/blog/ztracite-se-v-rozmerech-obrazku-na-facebooku-tady-mate-prehled-tech-nejdulezitejsich/	informational	cs
impnet.cz	shoptet platební brána	30	1	109			https://www.impnet.cz/blog/13-nejlepsich-platebnich-bran-pro-majitele-e-shopu/	branded+informational+commercial	cs
impnet.cz	realman	70	6	59	0	8		branded+navigational+informational+commercial	cs
impnet.cz	ochranná znamka	40	8	68			https://www.impnet.cz/blog/chrante-si-sve-dusevni-vlastnictvi-pomuzeme-vam-s-ochrannou-znamkou/	informational	cs
impnet.cz	realko	0	0		0	8		branded+local+navigational+informational+commercial	cs
impnet.cz	velikost fotografie	150	1	21			https://www.impnet.cz/blog/ztracite-se-v-rozmerech-obrazku-na-facebooku-tady-mate-prehled-tech-nejdulezitejsich/	informational	cs
impnet.cz	buget	50	0	26			https://www.impnet.cz/budget	branded+local+navigational+informational+commercial+transactional	cs
impnet.cz	vypnout populární vyhledávání	20	0				https://www.impnet.cz/blog/skryty-obsah-a-text-na-strance-a-seo-jak-to-udelat-dobre/	informational	cs
impnet.cz	nps	900	19	26	0	10		branded+informational+commercial	cs
impnet.cz	ochraná známka	70	8	63			https://www.impnet.cz/blog/chrante-si-sve-dusevni-vlastnictvi-pomuzeme-vam-s-ochrannou-znamkou/	informational	cs
impnet.cz	website seo	20	94	363			https://www.impnet.cz/seo2	informational+commercial	cs
impnet.cz	co je konverze měny	40	0				https://www.impnet.cz/konverze	informational	cs
impnet.cz	seo-servis	50	0	65			https://www.impnet.cz/blog/6-duvodu-proc-jsou-seo-servis-a-dalsi-podobne-seomaty-k-nicemu/	branded+navigational+informational+commercial	cs
impnet.cz	influencera	20	0	23			https://www.impnet.cz/influencer	informational+commercial	cs
impnet.cz	tržiště kaufland	10	0	20			https://www.impnet.cz/blog/marketplace-objevte-vyhody-online-trziste-budoucnosti/	branded+local+navigational+informational+commercial	cs
impnet.cz	miluju ho	20	0				https://www.impnet.cz/blog/pisete-opravdu-uzitecny-obsah-ktery-google-miluje-6-tipu-jak-na-to/	informational	cs
impnet.cz	armymarket	80	0	19	0	8		branded+navigational+informational+commercial+transactional	cs
impnet.cz	jak udělat logo	150	0	13			https://www.impnet.cz/tvorba-loga.php	informational+commercial	cs
impnet.cz	neverbální komunikace	1300	0	11			https://www.impnet.cz/blog/neverbalni-komunikace-prozradi-vic-nez-slova/	informational	cs
impnet.cz	pagerank	80	22	60			https://www.impnet.cz/pagerank	branded+informational	cs
impnet.cz	být či nebýt to je oč tu běží	20	0				https://www.impnet.cz/blog/byt-ci-nebyt-na-stazi-to-je-oc-tu-bezi/	informational	cs
impnet.cz	adresa url	450	1				https://www.impnet.cz/url-adresa	informational	cs
impnet.cz	webmaster tools	200	52	253			https://www.impnet.cz/search-console	branded+informational	cs
impnet.cz	freelencer	100	21	32			https://www.impnet.cz/freelancer	branded+navigational+informational+commercial	cs
impnet.cz	pr článek	100	0	96			https://www.impnet.cz/pr-clanek	informational+commercial	cs
impnet.cz	seoservis	40	0	70			https://www.impnet.cz/blog/6-duvodu-proc-jsou-seo-servis-a-dalsi-podobne-seomaty-k-nicemu/	branded+navigational+informational+commercial	cs
impnet.cz	podvodné emaily	100	2	119			https://www.impnet.cz/blog/proc-funguji-podvodne-e-maily-neustale-jsme-duverivi/	informational	cs
impnet.cz	tagy	200	1	15			https://www.impnet.cz/meta-tagy	branded+informational+commercial	cs
impnet.cz	typ nebo tip	800	0	1			https://www.impnet.cz/blog/v-jakych-slovech-nejcasteji-chybujete/	informational	cs
impnet.cz	nonverbální komunikace	10	0	6			https://www.impnet.cz/blog/neverbalni-komunikace-prozradi-vic-nez-slova/	informational	cs
impnet.cz	facebook pixel	200	2	41			https://www.impnet.cz/blog/co-je-facebook-pixel-a-k-cemu-je-urceny/	branded+informational	cs
impnet.cz	tag manager	450	52	59			https://www.impnet.cz/google-tag-manager-gtm	branded+informational+commercial	cs
impnet.cz	kpis	150	0	11			https://www.impnet.cz/kpi	informational	cs
impnet.cz	marketingovy mix	200	0	61			https://www.impnet.cz/blog/marketingovy-mix-jak-ho-muzete-vyuzit/	informational	cs
impnet.cz	klíše	30	0				https://www.impnet.cz/klise	informational	cs
impnet.cz	gtm	900	2	52	0	17		branded+informational	cs
impnet.cz	responzivní	150	1	54			https://www.impnet.cz/blog/responzivni-vs-adaptivni-design-ktery-je-lepsi/	informational	cs
impnet.cz	bussines manager	50	0	200			https://www.impnet.cz/blog/co-je-to-business-manager-a-jak-ho-nastavit/	branded+informational+commercial	cs
impnet.cz	money.cz	40	3	17			https://www.impnet.cz/ucetni-system-money	branded+navigational+informational+commercial	cs
impnet.cz	copywriteri	100	0	44			https://www.impnet.cz/blog/5-veci-na-ktere-copywriteri-casto-zapominaji-ktere-to-jsou/	local+informational+commercial+transactional	cs
impnet.cz	marketingový mix 4p	400	0	29			https://www.impnet.cz/blog/marketingovy-mix-jak-ho-muzete-vyuzit/	informational	cs
impnet.cz	adaptivní	30	0				https://www.impnet.cz/blog/responzivni-vs-adaptivni-design-ktery-je-lepsi/	informational	cs
impnet.cz	eller	10	4	46			https://www.impnet.cz/en/autori/tomas-eller/	local+informational	cs
impnet.cz	marketplace	12000	0	25	0	26	https://www.impnet.cz/market-place	branded+informational+commercial	cs
impnet.cz	nákupy google	70	2	29			https://www.impnet.cz/blog/google-nakupy-krok-za-krokem-zalozeni/	branded+informational+commercial	cs
impnet.cz	formát fotek	90	0	21			https://www.impnet.cz/blog/ztracite-se-v-rozmerech-obrazku-na-facebooku-tady-mate-prehled-tech-nejdulezitejsich/	informational+commercial	cs
impnet.cz	aktualizace google	40	3	4			https://www.impnet.cz/blog/aktualizace-vyhledavani-google-jak-sly-updaty-po-sobe-a-co-prinesly/	branded+informational	cs
impnet.cz	computop	20	0				https://www.impnet.cz/blog/13-nejlepsich-platebnich-bran-pro-majitele-e-shopu/	branded+navigational+informational+commercial	cs
impnet.cz	ctr	900	2	12			https://www.impnet.cz/ctr	informational+commercial	cs
impnet.cz	nakupy google	60	2	263			https://www.impnet.cz/blog/google-nakupy-krok-za-krokem-zalozeni/	branded+informational+commercial	cs
impnet.cz	googletagmanager	100	52	87			https://www.impnet.cz/google-tag-manager-gtm	branded+navigational+informational	cs
impnet.cz	verbální	70	0				https://www.impnet.cz/blog/neverbalni-komunikace-prozradi-vic-nez-slova/	informational	cs
impnet.cz	zákazníky	70	2	21			https://www.impnet.cz/systemy-pro-komunikaci.php	informational+commercial	cs
impnet.cz	přímý marketing	80	0	64			https://www.impnet.cz/blog/oficialni-zprava-uoou-gdpr-primy-marketing-nezastavi/	informational	cs
impnet.cz	pixel facebook	30	0	110			https://www.impnet.cz/blog/co-je-facebook-pixel-a-k-cemu-je-urceny/	branded+informational	cs
impnet.cz	searchconsole	60	82				https://www.impnet.cz/search-console	branded+navigational+informational	cs