domain	DR	kw_cz	pages_cz	traffic_cz	rel_kw	rel_traffic	top3	top10	serp_n	serp_avgpos	ads_n	typ	relevance
webglobe.cz	74.0	300	100	26568	7.0	308.0	5.0	6.0	6.0	4.666666666666667	0.0		
strafelda.cz	39.0	300	100	7801	12.0	152.0	9.0	11.0	3.0	4.666666666666667	0.0		
antee.cz	63.0	300	80	5474	15.0	2.0	1.0	1.0	2.0	4.5	0.0		
pavelszabo.cz	38.0	300	73	5181	12.0	27.0	3.0	4.0	2.0	3.0	0.0	freelancer	jen obsahový konkurent (okrajově částečný)
marketingppc.cz	35.0	300	100	3252	48.0	622.0	22.0	28.0	7.0	3.7142857142857135	1.0	agentura	přímý konkurent v oblasti GA4/GTM/Consent Mode pro e
janpospisil.cz	34.0	123	56	1535	3.0	2.0	0.0	0.0	5.0	3.8	0.0	freelancer	hlavně obsahový konkurent
seoconsult.cz	71.0	300	82	1461	3.0	8.0	1.0	1.0	0.0		3.0	agentura	částečný konkurent
leadhub.co	60.0	106	53	1219	2.0	0.0	0.0	0.0	2.0	4.5	0.0		
webfusion.cz	56.0	292	48	1190	6.0	0.0	0.0	0.0	0.0		1.0		
jirifranek.cz	28.0	278	40	1094	18.0	46.0	0.0	2.0	2.0	7.5	0.0		
foxy.cz	16.0	222	44	941	15.0	86.0	1.0	3.0	3.0	4.666666666666667	0.0		
advisio.cz	47.0	249	52	869	20.0	21.0	0.0	3.0	4.0	6.25	0.0	agentura	přímý konkurent u e
cernovsky.cz	22.0	300	36	863	5.0	23.0	1.0	1.0	3.0	4.333333333333333	0.0		
digitalniarchitekti.cz	33.0	182	43	761	45.0	476.0	14.0	32.0	15.0	4.466666666666667	0.0	agentura	přímý konkurent
anycoders.cz	53.0	124	50	424	3.0	2.0	0.0	2.0	4.0	5.75	0.0	agentura	částečný konkurent
unikum.cz	28.0	36	12	403	1.0	6.0	0.0	1.0	2.0	5.5	0.0		
taste.cz	53.0	66	31	358	8.0	11.0	1.0	1.0	1.0	3.0	0.0	agentura	přímý konkurent v segmentu velkých firem a značek
impnet.cz	75.0	300	43	339	24.0	2.0	1.0	2.0	3.0	2.6666666666666665	0.0	agentura	jen okrajově částečný konkurent
visibility.cz	34.0	175	17	249	14.0	20.0	0.0	1.0	3.0	2.0	0.0	agentura	částečný konkurent
neogy.cz	42.0	91	25	187	12.0	1.0	1.0	3.0	3.0	3.333333333333333	0.0	agentura	jen okrajově částečný konkurent
sovanet.cz	42.0	145	27	169	10.0	0.0	0.0	1.0	2.0	4.0	0.0	agentura	jen obsahový konkurent (a slabý)
revolt.bi	39.0	39	15	137	4.0	6.0	0.0	1.0	1.0	7.0	0.0	agentura	částečný konkurent
gameplan.cz	36.0	32	10	75	1.0	0.0	0.0	0.0	2.0	4.0	0.0	agentura	částečný konkurent
magnas.cz	25.0	18	4	41	1.0	0.0	0.0	0.0	1.0	1.0	0.0	agentura	jen obsahový / okrajově částečný konkurent
optimalizovany-web.cz	28.0	21	5	39	3.0	4.0	0.0	2.0	2.0	2.5	0.0		
datamind.cz	17.0	21	3	29	1.0	1.0	0.0	1.0	2.0	4.0	0.0	agentura	částečný konkurent
khoder.cz	19.0	4	3	27	1.0	3.0	0.0	1.0	7.0	5.285714285714286	0.0	freelancer	částečný konkurent
nazakladedat.cz	11.0	64	9	27	28.0	17.0	3.0	4.0	1.0	3.0	0.0	obsahový web	jen obsahový konkurent, ale velmi silný
cookies-spravne.cz	43.0	6	1	15	3.0	15.0	1.0	3.0	3.0	3.6666666666666665	0.0	SaaS-nástroj	částečný konkurent + potenciální partner
datanimals.com	20.0	16	2	12	0.0	0.0		0.0	1.0	9.0	0.0	agentura	částečný konkurent
datimo.ai	6.0	3	3	5	0.0	0.0		0.0	2.0	4.0	0.0	SaaS-nástroj / „data-as-a-service“ pro e-shopy	částečný konkurent
consentio.cz	23.0	2	2	1	0.0	0.0		0.0	2.0	4.0	0.0	SaaS-nástroj	jen obsahový konkurent (a nepřímo částečný)
mariemullerova.cz	7.0	3	2	1	0.0	0.0		0.0	3.0	5.666666666666667	0.0	freelancer / osobní obsahový web	jen obsahový konkurent
datanostro.com	0.0	0	0	0	0.0	0.0		0.0	3.0	5.333333333333333	0.0	SaaS-nástroj	částečný
stepaneklukas.cz	0.0	0	0	0	0.0	0.0		0.0	1.0	2.0	0.0	freelancer	částečný konkurent
rajtmajer.cz	10.0	5	0	0	0.0	0.0		0.0	3.0	4.666666666666667	0.0	freelancer	částečný konkurent
nextanalytica.cz	17.0	0	0	0	0.0	0.0		0.0	1.0	4.0	0.0	agentura s vlastními produkty	přímý konkurent
homoladigital.cz	31.0	0	0	0	0.0	0.0		0.0	0.0		2.0	freelancer	přímý konkurent v nižším segmentu
trkkn.cz	1.2	0	0	0	0.0	0.0		0.0	0.0		2.0	agentura	přímý konkurent v segmentu velkých firem (enterprise analytika GA4/GA 360, GTM, Google Cloud/BigQuery, Looker, licence Google Marketing Platform)
boppc.cz	0.2	5	1	0	0.0	0.0		0.0	0.0		1.0		
