keyword	status
google tag manager	2026-10-05T06:16:23Z
google analytics	2026-10-05T11:22:13Z
looker studio vs data studio	2026-09-06T18:52:48Z
looker studio	2026-10-03T09:26:46Z
utm builder	2026-09-06T05:04:16Z
konverze	2026-08-16T02:20:33Z
gtm	2026-08-23T19:58:52Z
ga4	2026-09-04T18:07:40Z
microsoft clarity	2026-08-28T04:13:04Z
utm	2026-09-23T19:39:24Z
hotjar	2026-08-25T22:33:03Z
tag manager	2026-08-09T15:37:57Z
analýza webu	2026-08-09T02:13:32Z
google looker studio	2026-10-05T10:45:41Z
analýza webu zdarma	null
cookiebot	2026-08-11T03:32:39Z
ga4 shopify	null
google analytics 4	2026-09-20T14:22:13Z
datový analytik	2026-10-06T23:39:10Z
optimalizace míry konverze	null
facebook pixel	2026-08-28T01:47:28Z
návrh google tag manager	null
google analytics návod	null
jak používat google analytics	null
jak zvýšit návštěvnost webu	2026-09-10T13:08:57Z
cookie lišta	2026-09-13T12:49:03Z
návštěvnost webu zjistit	null
seo analýza webu	2026-10-05T11:18:50Z
co je konverze	2026-09-07T05:01:17Z
správa webu	2026-10-05T18:15:55Z
školení google analytics	null
google analytics wordpress	2026-09-09T15:06:50Z
google analytics školení	null
cookies google analytics	null
google data studio	2026-09-08T20:19:27Z
měření návštěvnosti stránek	null
shoptet google analytics	null
analýza návštěvnosti	null
jak zjistit návštěvnost svého webu	null
matomo	2026-09-15T18:56:21Z
webový analytik	null
datový sklad	2026-09-11T23:03:41Z
podrobná analýza webu	null
cookies lišta	2026-08-27T21:13:00Z
bigquery	2026-09-29T17:10:48Z
utm parametry	2026-08-21T14:45:13Z
atribuce	2026-10-01T00:34:45Z
analýza návštěvnosti webu	null
co je google tag manager	null
google analytics google tag manager	null
měření konverzí	null
správa webu wordpress	null
seo správa webu	null
google tag manager co to je	2026-09-20T23:30:57Z
jak zjistím návštěvnost webu	null
nastavení google analytics	null
google analytics co to je	null
google tag manager návod	null
google analytics cookies	2026-09-15T22:15:42Z
konverze webu	null
meta pixel	2026-09-21T02:58:07Z
jak na google analytics	null
správa webových stránek	2026-09-22T16:54:00Z
měření návštěvnosti webových stránek	null
google analytics gdpr	null
správa webu ceník	null
google analytics events	null
cookie lišta zdarma	2026-10-07T12:58:45Z
audit webu	2026-09-19T04:11:03Z
jak pracovat s google analytics	null
google analytics gtm	null
google analytics utm	null
stape	null
google consent mode v2	2026-09-30T22:32:27Z
gdpr google analytics	null
consent mode v2	2026-09-15T23:03:39Z
not provided google analytics	null
správa webových stránek cena	null
co to je google tag manager	null
správa webu cena	null
google analytics e-shop	null
kauzální atribuce	2026-09-19T05:42:41Z
audit webové analytiky	null
audit webu zdarma	null
big query	2026-09-29T18:18:01Z
zákon o cookies	null
nastavení gtm	null
ux audit webu	null
google analytics kurz	null
cena konverze	null
facebook pixel e-shop	null
meta pixel helper	2026-08-18T21:58:35Z
konverze marketing	2026-09-14T15:20:42Z
server side tracking	null
import nákladů do google analytics	null
nastavení ga4	null
kurz google analytics	null
google analytics nastavení	null
cookies zákon	null
co znamená konverze	2026-09-23T13:24:22Z
výkonnostní marketing s google analytics	null
google analytics ecommerce	null
shoptet facebook pixel	null
shoptet cookie lišta	null
cookie banner	2026-08-18T12:26:56Z
google analytics tutorial	null
google consent mode	2026-08-22T19:36:26Z
obsahový audit webu	null
audit rychlosti webu	null
consent mode	2026-09-28T07:18:22Z
datalayer	2026-09-19T07:17:42Z
co je gtm	null
google ads konverze	null
facebook pixel helper	2026-09-21T18:29:37Z
server side gtm	null
webová analytika agentura	null
implementace ga4	null
ga4 implementace	null
nastavení google analytics 4	null
míra konverze	null
google tag manager nastavení	null
server-side měření	null
consent mode v2 nastavení	null
měření konverzí google ads	null
cookie lišta gdpr	null
enhanced conversions	null
rozšířené konverze google ads	null
meta conversions api	null
sklik konverzní kód	null
heureka měřicí kód	null
ga4 bigquery	null
bigquery ga4 export	null
looker studio dashboard	null
looker studio šablona	null
marketingový dashboard	null
audit google analytics	null
ga4 audit	null
audit měření	null
datalayer ga4	null
datová vrstva	null
atribuční model	2026-09-22T09:40:49Z
ga4 e-commerce	null
ga4 ecommerce tracking	null
měření formulářů ga4	null
ga4 události	null
webová analytika	2026-08-23T21:02:04Z
analytika webu	null
first party data	null
cookies třetích stran	null
power bi	2026-10-03T12:24:56Z
dashboard	2026-10-04T06:21:10Z
facebook conversion api	2026-08-22T12:03:30Z