keyword	question
google tag manager	What does Google Tag Manager do?
google tag manager	Is Google Tag Manager a tracker?
google tag manager	Should you block Google Tag Manager?
google tag manager	How do I stop Google Tag Manager from tracking me?
looker studio vs data studio	Is Looker Studio the same as Data Studio?
looker studio vs data studio	Is Looker Studio now called Data Studio?
looker studio vs data studio	What are the limitations of Data Studio?
looker studio	Co je looker studio?
looker studio	Co je Google Data Studio?
utm builder	What is an UTM builder?
utm builder	Is there a free UTM builder?
utm builder	Is UTM tracking free?
utm builder	What does UTM stand for?
konverze	Co je to konverze?
konverze	Co je to konverze dokumentu?
konverze	Co je konverze v marketingu?
konverze	Kolik stojí konverze?
gtm	Co znamená GTM?
gtm	Co je GTM v marketingu?
gtm	Jak nastavit Google Tag Manager?
gtm	Jak funguje Google Tag?
ga4	Co je to GA4?
microsoft clarity	Co je Microsoft Clarity?
microsoft clarity	Je Clarity Check zdarma?
microsoft clarity	Co je clarity?
utm	Co je to UTM?
utm	Jaké jsou souřadnice UTM?
tag manager	Co je tag manager?
tag manager	Kde najdu Google Tag Manager?
tag manager	Co je to GTM?
tag manager	Jak funguje Google Tag?
analýza webu	Co to je SEO a jak funguje?
analýza webu	Jak zjistit historii webu?
analýza webu	Kdo je nejlepší na SEO v ČR?
analýza webu	Kolik stojí SEO optimalizace?
google looker studio	Is Google Looker Studio free?
google looker studio	What is Looker Studio used for?
google looker studio	Is Google Looker similar to Tableau?
google looker studio	How much does Looker Studio cost?
cookiebot	What is Cookiebot used for?
cookiebot	Is Cookiebot safe?
cookiebot	Can I use Cookiebot for free?
cookiebot	Is Cookiebot worth it?
facebook pixel	Jaká je velikost pixelů?
facebook pixel	Co je to pixel?
jak zvýšit návštěvnost webu	Jak správně nastavit SEO?
jak zvýšit návštěvnost webu	Jak zjistím návštěvnost webu?
jak zvýšit návštěvnost webu	Co je optimalizace SEO?
jak zvýšit návštěvnost webu	Jak zjistit historii webu?
cookie lišta	Kde jsou uloženy cookies?
cookie lišta	Jak se zbavit cookies?
cookie lišta	Co musí obsahovat cookies?
cookie lišta	Kde najdu nastavení cookies?
seo analýza webu	Co je SEO na webu?
seo analýza webu	Jak správně nastavit SEO?
seo analýza webu	Kolik stojí SEO optimalizace?
seo analýza webu	Jak zjistit SEO?
co je konverze	Co je to konverze dokumentů?
co je konverze	Co je to konverze měny?
co je konverze	Kolik stojí konverze?
co je konverze	Kdo může dělat konverzi dokumentu?
google data studio	What is Google Data Studio?
google data studio	Is Looker Studio now Data Studio?
google data studio	Is Data Studio free to use?
google data studio	Is Google Data Studio the same as Looker?
cookies lišta	Co je cookie lišta?
cookies lišta	Kde jsou uloženy soubory cookie?
cookies lišta	Co musí obsahovat cookies?
cookies lišta	Kde najdu nastavení cookies?
bigquery	What is BigQuery used for?
bigquery	Is BigQuery a SQL?
bigquery	Is Google BigQuery free?
bigquery	What is the difference between GCP and BigQuery?
utm parametry	Jaký je generátor UTM parametrů?
utm parametry	Co je to UTM?
atribuce	Co je to atribuce?
atribuce	Co je to kauzální atribuce?
atribuce	Co je to atribuční chyba?
google tag manager co to je	Jak funguje Google Tag?
google tag manager co to je	Jak nastavit Google Tag Manager?
google tag manager co to je	Co je GTM?
google tag manager co to je	Co je Google Tag Gateway?
google analytics cookies	How to check cookies on Google?
google analytics cookies	How do I turn Google cookies off?
google analytics cookies	Should I accept cookies or not?
meta pixel	What is a Meta pixel for?
meta pixel	How do I find my Meta pixel?
meta pixel	Is Meta pixel free to use?
meta pixel	Can I run ads without Meta pixel?
správa webových stránek	Jaký software je nejlepší pro tvorbu webu?
správa webových stránek	Je WordPress zdarma?
správa webových stránek	Kde si mohu zdarma vytvořit internetové stránky?
správa webových stránek	Kde mohu najít kurz vytváření webových stránek?
cookie lišta zdarma	Kde jsou uloženy cookies?
cookie lišta zdarma	Musím informovat o cookies?
cookie lišta zdarma	Jak zapnout cookies na telefonu?
cookie lišta zdarma	Jsou cookies nebezpečné?
audit webu	Co je to audit?
audit webu	Jaké jsou druhy auditu?
audit webu	Kolik se platí za webové stránky?
audit webu	Jaká je pokuta za neprovedení auditu?
google consent mode v2	What is Google consent v2?
google consent mode v2	Is Google consent mode required?
google consent mode v2	How do I turn off Google consent mode?
google consent mode v2	How do I enable consent mode in Google Ads?
consent mode v2	How do I enable Google consent mode?
consent mode v2	How do I turn off Google consent mode?
consent mode v2	What does consent mode do in Google Tag Manager?
kauzální atribuce	Co je to atribuce?
kauzální atribuce	Co znamená kauzální?
kauzální atribuce	Co je to základní atribuční chyba?
big query	What is BigQuery used for?
big query	Is BigQuery SQL or NoSQL?
big query	Can I use BigQuery for free?
big query	Is BigQuery made by Google?
meta pixel helper	What is Meta pixel helper?
meta pixel helper	Is Meta pixel needed?
meta pixel helper	Is pixel helper real?
meta pixel helper	Is pixel tracking illegal?
konverze marketing	Co je to konverze?
konverze marketing	Co je 4P v marketingu?
konverze marketing	Co je to konverzka?
konverze marketing	Co je konverzní trychtýř?
co znamená konverze	Co znamená konverze měny?
co znamená konverze	Kdo může dělat konverzi dokumentu?
co znamená konverze	Co je to konverzka?
co znamená konverze	Co je to konverze z moci úřední?
cookie banner	Kde jsou uložené cookies?
cookie banner	Co je cookie?
cookie banner	Jak odblokovat cookies?
cookie banner	Jak nastavit cookies?
google consent mode	What is Google consent mode?
google consent mode	Is Google consent mode mandatory?
google consent mode	How do I turn off Google consent mode?
google consent mode	How to enable Google consent mode in v2?
consent mode	Do I need Google consent mode v2?
consent mode	How to activate Google consent mode?
consent mode	How do I turn off Google consent mode?
consent mode	What does cookie consent mean?
atribuční model	Co je atribuce?
atribuční model	Co je to kauzální atribuce?
power bi	Na co je Power BI?
power bi	Kolik stojí Power BI?
power bi	Je Power BI zdarma?
power bi	Jak spustit Power BI?
dashboard	What is a dashboard?
dashboard	What is another term for dashboard?
dashboard	Where is my dashboard?
dashboard	What is a business dashboard?
facebook conversion api	Is Meta conversion API free?
facebook conversion api	How to set conversion API on Facebook?
facebook conversion api	Is Facebook API free?
facebook conversion api	Is conversion API worth it?