query	domain	headline	text
implementace ga4	homoladigital.cz	Nastavím GA4 bez chyb	Nastavím GA4 bez chyb homoladigital.cz https://www.homoladigital.cz › sluzby › ga4 Nastavení GA4 a GTM — Nastavím GA4 a Google Tag Manager bez chyb. Vstupní analýza zdarma a nezávazně. Audit... GA4 a GTM od 6 000 Kč Hotovo do 5 pracovních dnů Kdo to bude dělat Nastavení GA4 Google Tag Manager
implementace ga4	seoconsult.cz	Google Analytics 4 pro PPC | SEO Consult	Google Analytics 4 pro PPC | SEO Consult seoconsult.cz https://www.seoconsult.cz Profesionální optimalizace stránek. Prokazatelné výsledky. Přivedeme vám více uživatelů a... ‎PPC audit zdarma · ‎Analýza klíčových slov · ‎PPC na sociálních sítích · ‎SEO audit · ‎PPC reklama
implementace ga4	trkkn.cz	Nastavíme vaše GA4 - Implementace a nastavení GA4	Nastavíme vaše GA4 - Implementace a nastavení GA4 trkkn.cz https://www.trkkn.cz Implementace, nastavení či audit vašich Google Analytics k okamžitému využití. Jsme experti na...
nastavení ga4	homoladigital.cz	Nastavení GA4 a GTM	Nastavení GA4 a GTM homoladigital.cz https://www.homoladigital.cz › sluzby › ga4 Pevná cena, žádné hvězdičky — Nastavím GA4 a Google Tag Manager bez chyb. Vstupní analýza zdarma a nezávazně. Audit měření od 9 000 Kč, nastavení GA4 a GTM od 6 000 Kč. Pevná cena podle rozsahu. ‎Konzultace 950 Kč/hod ·
nastavení ga4	seoconsult.cz	Google Analytics 4 pro PPC | SEO Consult	Google Analytics 4 pro PPC | SEO Consult seoconsult.cz https://www.seoconsult.cz Profesionální optimalizace stránek. Prokazatelné výsledky. Přivedeme vám více uživatelů a zvýšíme vaše tržby. S námi budete vidět. Pomůžeme vám. Certifikovaná agentra. 331 aktuálních klientů. SEO.
nastavení ga4	marketingppc.cz	Google Analytics 4: kompletní průvodce nastavením 2026 | GA4...	Google Analytics 4: kompletní průvodce nastavením 2026 | GA4... MarketingPPC s.r.o. https://www.marketingppc.cz Pomůžeme vám s placenou i neplacenou propagací všech typů webů. Jednodušší rady řešíme zdarma, pro složitější věci připravíme nezávaznou nabídku na míru. Přes 13 let zkušeností. Pomůžeme b
nastavení ga4	boppc.cz	Nastavení GA4 a Google Tag Manageru	Nastavení GA4 a Google Tag Manageru boppc.cz https://www.boppc.cz Profesionální nastavení Google Analytics 4 a Google Tag Manageru. Měřte konverze správně, propojte data s...
webová analytika agentura	seoconsult.cz	optimalizace webu	optimalizace webu SEO Consult https://www.seoconsult.cz Zvýšili jsme tržby v 92 % Efektivní optimalizace webových stránek pro vyhledávače (SEO). Přivedeme vám více uživatelů a zvýšíme vaše tržby. S námi budete vidět. Pomůžeme vám. 93... Kompletní SEO služby Profesionální optimalizace www stránek. Za
webová analytika agentura	trkkn.cz	Google Analytics 360 - Mějte kvalitní analytiku webu	Google Analytics 360 - Mějte kvalitní analytiku webu trkkn.cz https://www.trkkn.cz Jsme experti na webovou analytiku, data, cloud a AI. ‎Nastavíme vaše GA4 · ‎Využijte vaše GA4 na maximum · ‎O nás · ‎Kontakt · ‎Služby · ‎Produkty Arbesovo náměstí 257/7, Praha‎ - 604 304 032‎ - Dnes zavřeno · Otevíra
webová analytika agentura	webfusion.cz	Webová analytika - Webfusion	Webová analytika - Webfusion Webfusion https://www.webfusion.cz Webová analytika umožňuje přesné měření chování uživatelů na webu a díky... ‎Zjistit Cenu · ‎O nás · ‎Reference · ‎Jak to funguje · ‎Naše služby · ‎Kontakt
consent mode basic vs advanced	cookiebot.com	Advanced Consent Mode | Consent Mode V2	Advanced Consent Mode | Consent Mode V2 Cookiebot™ https://www.cookiebot.com With Consent Mode your website can optimize advertisements and be GDPR compliant. Use Cookiebot and Consent Mode together for compliant advertisement and analytics. Free website scan. Víc než 100 tis. návštěv za poslední mě
