url	lastmod
https://www.nextanalytica.cz/	2026-03-17
https://www.nextanalytica.cz/blog	2026-03-17
https://www.nextanalytica.cz/next-reporting	2026-03-17
https://www.nextanalytica.cz/kariera	2026-03-17
https://www.nextanalytica.cz/o-nas	2026-03-17
https://www.nextanalytica.cz/partnersky-program	2026-03-17
https://www.nextanalytica.cz/vop	2026-03-17
https://www.nextanalytica.cz/server-side-tracking	2026-03-17
https://www.nextanalytica.cz/kontakt	2026-03-17
https://www.nextanalytica.cz/ochrana-soukromi	2026-03-17
https://www.nextanalytica.cz/profit-import	2026-03-17
https://www.nextanalytica.cz/reference	2026-03-17
https://www.nextanalytica.cz/maxai-chat	2026-03-17
https://www.nextanalytica.cz/server-side-tracking/linkedin	2026-03-17
https://www.nextanalytica.cz/server-side-tracking/ga4	2026-03-17
https://www.nextanalytica.cz/server-side-tracking/tiktok	2026-03-17
https://www.nextanalytica.cz/server-side-tracking/facebook	2026-03-17
https://www.nextanalytica.cz/server-side-tracking/shoptet	2026-03-17
https://www.nextanalytica.cz/server-side-tracking/google-ads	2026-03-17
https://www.nextanalytica.cz/kariera/client-success-manager	2026-03-17
https://www.nextanalytica.cz/blog/server-side-tracking-shoptet	2026-03-17
https://www.nextanalytica.cz/blog/co-je-server-side-tracking	2026-03-17
https://www.nextanalytica.cz/blog/lead-reporting	2026-03-17
https://www.nextanalytica.cz/blog/server-side-tracking-facebook-capi	2026-03-17
https://www.nextanalytica.cz/financni-report-eshop	2026-05-01
https://www.nextanalytica.cz/marketingovy-report-eshop	2026-05-01
https://www.nextanalytica.cz/manazersky-prehled-ecommerce	2026-05-01
https://www.nextanalytica.cz/retence-ltv-report	2026-05-01
https://www.nextanalytica.cz/seo-reporting-konkurence	2026-05-01
https://www.nextanalytica.cz/leadgen-reporting	2026-05-01
