url,status,location,title,title_len,meta_desc,meta_desc_len,robots,canonical,lang,h1,h2,words,img_count,img_no_alt,forms,hubspot,int_links_out,ext_links_out,jsonld,og_title,og_image
https://www.gameplan.cz/,200,,Řídíme růst e-shopů a firem | Gameplan,38,"Výkonnostní a růstová agentura. Strategie testujeme na vlastních e-shopech a co funguje, nasazujeme u vás. Data, web, marketing a AI v jednom plánu.",148,,https://www.gameplan.cz/,cs,Řídíme růst e-shopů 20 mil +/rok,"Otestovali jsme to za vlastní peníze . Teď víme, jak na to. | Bereme váš byznys jako svůj . | Jak to u nás začíná | Je vaše firma připravená na AI? | Celá agentura ve čtyřech balíčcích | Vlastní software. Napsali jsme si ho sami. | Za čísly je práce | Chcete růst jako naše vlastní značky ? | Vážíme si vašeho soukromí",1470,43,3,2,False,50,6,"{""@context"":""https://schema.org"",""@type"":[""Organization"",""ProfessionalService""],""@id"":""https://www.gameplan.cz/#organization"",""name"":""Gameplan s.r.o."",""alternateName"":""Gameplan"",""url"":""https://www.gameplan.cz"",""slogan"":""AI is the game."",""description"":""Řízení růstu e-shopů 20+ mil. a firem v průmyslu, zdravotnictví a technologiích. Data, web, marketing a AI v jednom plánu."",""logo"":""https://www.gameplan.cz/assets/Gameplan_logo_kratky_red.png"",""image"":""https://www.gameplan.cz/assets/Gameplan_logo_k | {""@context"":""https://schema.org"",""@type"":""WebSite"",""name"":""Gameplan"",""url"":""https://www.gameplan.cz"",""inLanguage"":""cs-CZ"",""publisher"":{""@type"":""Organization"",""name"":""Gameplan s.r.o.""}}",Řídíme růst e-shopů a firem | Gameplan,https://www.gameplan.cz/assets/og-default.png
https://www.gameplan.cz/sluzby/,200,,Marketingové služby pod jednou střechou | Gameplan,50,"SEO, PPC, Meta Ads, obsah, video, weby, analytika, e-mailing a AI. Čtrnáct služeb, které drží pohromadě v jednom plánu a řídí se na zisk, ne na dojmy.",150,,https://www.gameplan.cz/sluzby/,cs,Celý marketing pod jednou střechou,"Služby, co drží pohromadě v jednom systému | Přivést zákazníky a proměnit je v tržby. Kampaně, vyhledávání a měření, které táhnou za jeden provaz. | Aby si vás lidé zapamatovali a věřili vám. Příběh, tón hlasu a obsah, který má duši. | Základ, na kterém všechno stojí. Rychlé weby, čistá data a AI, která zvedá rutinu z ramen. | Sestavíme vám plán z těch správných služeb | Vážíme si vašeho soukromí",475,3,0,2,False,33,3,"{""@context"":""https://schema.org"",""@type"":[""Organization"",""ProfessionalService""],""@id"":""https://www.gameplan.cz/#organization"",""name"":""Gameplan s.r.o."",""alternateName"":""Gameplan"",""url"":""https://www.gameplan.cz"",""slogan"":""AI is the game."",""description"":""Řízení růstu e-shopů 20+ mil. a firem v průmyslu, zdravotnictví a technologiích. Data, web, marketing a AI v jednom plánu."",""logo"":""https://www.gameplan.cz/assets/Gameplan_logo_kratky_red.png"",""image"":""https://www.gameplan.cz/assets/Gameplan_logo_k",Marketingové služby pod jednou střechou | Gameplan,https://www.gameplan.cz/assets/og-default.png
https://www.gameplan.cz/sluzby/analytika-a-mereni/,200,,Analytika a měření: jedno číslo pravdy | Gameplan,49,"Analytika a měření od Gameplanu. Serverové měření OneTag, sjednocení kanálů a reporting RoasSplit. Čistá data, kterým můžete věřit.",131,,https://www.gameplan.cz/sluzby/analytika-a-mereni/,cs,Analytika a měření,"Proč vám čísla lžou | Když každý nástroj ukazuje jiné číslo, rozhodujete se podle dat, kterým nejde věřit . | Jedno číslo pravdy místo pěti reportů, co si odporují. | Tři kroky k růstu | Za čísly je práce . | Co všechno pod kapotou pracuje | Konkrétně to znamená | Proč měření svěřit nám | Co je analytika a měření pro e-shop | Jedno číslo pravdy místo pěti reportů, co si odporují . | Vážíme si vašeho soukromí",783,9,0,2,False,24,3,"{""@context"":""https://schema.org"",""@type"":[""Organization"",""ProfessionalService""],""@id"":""https://www.gameplan.cz/#organization"",""name"":""Gameplan s.r.o."",""alternateName"":""Gameplan"",""url"":""https://www.gameplan.cz"",""slogan"":""AI is the game."",""description"":""Řízení růstu e-shopů 20+ mil. a firem v průmyslu, zdravotnictví a technologiích. Data, web, marketing a AI v jednom plánu."",""logo"":""https://www.gameplan.cz/assets/Gameplan_logo_kratky_red.png"",""image"":""https://www.gameplan.cz/assets/Gameplan_logo_k | {""@context"":""https://schema.org"",""@type"":""Service"",""name"":""Analytika a měření"",""description"":""Jedno číslo pravdy místo pěti reportů, které si odporují. Rozhodujte se podle reality."",""url"":""https://www.gameplan.cz/sluzby/analytika-a-mereni/"",""provider"":{""@type"":""Organization"",""name"":""Gameplan s.r.o."",""url"":""https://www.gameplan.cz""},""areaServed"":""CZ"",""serviceType"":""Analytika a měření""} | {""@context"":""https://schema.org"",""@type"":""BreadcrumbList"",""itemListElement"":[{""@type"":""ListItem"",""position"":1,""name"":""Domů"",""item"":""https://www.gameplan.cz""},{""@type"":""ListItem"",""position"":2,""name"":""Služby"",""item"":""https://www.gameplan.cz/sluzby/""},{""@type"":""ListItem"",""position"":3,""name"":""Analytika a měření"",""item"":""https://www.gameplan.cz/sluzby/analytika-a-mereni/""}]} | {""@context"":""https://schema.org"",""@type"":""FAQPage"",""mainEntity"":[{""@type"":""Question"",""name"":""Proč mi čísla v Meta, Google a GA4 nesedí?"",""acceptedAnswer"":{""@type"":""Answer"",""text"":""Protože každý systém si přisvojuje stejné konverze a počítá je po svém. Bez sjednocení do jednoho zdroje se čísla nutně rozcházejí. Přesně to řeší server-side měření a jeden report.""}},{""@type"":""Question"",""name"":""Co je server-side měření a proč ho chci?"",""acceptedAnswer"":{""@type"":""Answer"",""text"":""Data sbíráme na server",Analytika a měření: jedno číslo pravdy | Gameplan,https://www.gameplan.cz/assets/og-default.png
https://www.gameplan.cz/sluzby/ppc/,200,,"Správa PPC pro e-shop: reklama, která se počítá | Gameplan",58,"Správa PPC pro e-shop od Gameplanu. Google Ads a Sklik řízené na zisk, napojené na čistá data. Nižší cena za objednávku a rozpočet utracený efektivně.",150,,https://www.gameplan.cz/sluzby/ppc/,cs,PPC,"Kam se ztrácí rozpočet | Reklama, kterou nikdo neřídí na zisk, utrácí i za kliky, které nikdy nekoupí . | Každá koruna jde tam, kde vydělává . | Tři kroky k růstu | Za čísly je práce . | Co všechno pod kapotou pracuje | Konkrétně to znamená | Proč PPC svěřit nám | Co je správa PPC pro e-shop | Ať každá koruna jde tam, kde vydělává . | Vážíme si vašeho soukromí",792,9,0,2,False,24,3,"{""@context"":""https://schema.org"",""@type"":[""Organization"",""ProfessionalService""],""@id"":""https://www.gameplan.cz/#organization"",""name"":""Gameplan s.r.o."",""alternateName"":""Gameplan"",""url"":""https://www.gameplan.cz"",""slogan"":""AI is the game."",""description"":""Řízení růstu e-shopů 20+ mil. a firem v průmyslu, zdravotnictví a technologiích. Data, web, marketing a AI v jednom plánu."",""logo"":""https://www.gameplan.cz/assets/Gameplan_logo_kratky_red.png"",""image"":""https://www.gameplan.cz/assets/Gameplan_logo_k | {""@context"":""https://schema.org"",""@type"":""Service"",""name"":""PPC"",""description"":""Reklama ve vyhledávání, která se počítá. Každá koruna jde tam, kde vydělává."",""url"":""https://www.gameplan.cz/sluzby/ppc/"",""provider"":{""@type"":""Organization"",""name"":""Gameplan s.r.o."",""url"":""https://www.gameplan.cz""},""areaServed"":""CZ"",""serviceType"":""PPC""} | {""@context"":""https://schema.org"",""@type"":""BreadcrumbList"",""itemListElement"":[{""@type"":""ListItem"",""position"":1,""name"":""Domů"",""item"":""https://www.gameplan.cz""},{""@type"":""ListItem"",""position"":2,""name"":""Služby"",""item"":""https://www.gameplan.cz/sluzby/""},{""@type"":""ListItem"",""position"":3,""name"":""PPC"",""item"":""https://www.gameplan.cz/sluzby/ppc/""}]} | {""@context"":""https://schema.org"",""@type"":""FAQPage"",""mainEntity"":[{""@type"":""Question"",""name"":""Kolik stojí správa PPC?"",""acceptedAnswer"":{""@type"":""Answer"",""text"":""Cenu stavíme na míru podle rozpočtu a cílů, neúčtujeme si procenta z útraty, která by nás motivovala jen utrácet víc. V nezávazném růstovém plánu dostanete konkrétní návrh i odhad návratnosti.""}},{""@type"":""Question"",""name"":""Jaký rozpočet na PPC potřebuju?"",""acceptedAnswer"":{""@type"":""Answer"",""text"":""Záleží na oboru a marži, důležitější ne","Správa PPC pro e-shop: reklama, která se počítá | Gameplan",https://www.gameplan.cz/assets/og-default.png
https://www.gameplan.cz/sluzby/audit-ppc/,200,,Audit PPC kampaní a marketingový audit e-shopu | Gameplan,57,"Audit PPC kampaní pro e-shopy: Google Ads, Sklik i Meta Ads, měření a atribuce, kreativa a alokace rozpočtu. Konkrétní plán s prioritami, cenu odečteme z první faktury.",168,,https://www.gameplan.cz/sluzby/audit-ppc/,cs,Audit PPC kampaní,"Znáte to? | Účet, kterému nikdo nerozumí, utrácí dál a nikdo to nepozná . | Audit stojí na čtyřech pilířích . | Tři kroky k růstu | Za čísly je práce . | Co všechno pod kapotou pracuje | Konkrétně to znamená | Proč audit svěřit nám | Co je audit PPC kampaní | Zjistěte, kolik z vykázaného výkonu je skutečný přínos . | Vážíme si vašeho soukromí",921,9,0,2,False,23,3,"{""@context"":""https://schema.org"",""@type"":[""Organization"",""ProfessionalService""],""@id"":""https://www.gameplan.cz/#organization"",""name"":""Gameplan s.r.o."",""alternateName"":""Gameplan"",""url"":""https://www.gameplan.cz"",""slogan"":""AI is the game."",""description"":""Řízení růstu e-shopů 20+ mil. a firem v průmyslu, zdravotnictví a technologiích. Data, web, marketing a AI v jednom plánu."",""logo"":""https://www.gameplan.cz/assets/Gameplan_logo_kratky_red.png"",""image"":""https://www.gameplan.cz/assets/Gameplan_logo_k | {""@context"":""https://schema.org"",""@type"":""Service"",""name"":""Audit PPC kampaní"",""description"":""Zjistíte, kolik z vykázaného výkonu je skutečný přínos a kde se rozpočet ztrácí."",""url"":""https://www.gameplan.cz/sluzby/audit-ppc/"",""provider"":{""@type"":""Organization"",""name"":""Gameplan s.r.o."",""url"":""https://www.gameplan.cz""},""areaServed"":""CZ"",""serviceType"":""Audit PPC kampaní""} | {""@context"":""https://schema.org"",""@type"":""BreadcrumbList"",""itemListElement"":[{""@type"":""ListItem"",""position"":1,""name"":""Domů"",""item"":""https://www.gameplan.cz""},{""@type"":""ListItem"",""position"":2,""name"":""Služby"",""item"":""https://www.gameplan.cz/sluzby/""},{""@type"":""ListItem"",""position"":3,""name"":""Audit PPC kampaní"",""item"":""https://www.gameplan.cz/sluzby/audit-ppc/""}]} | {""@context"":""https://schema.org"",""@type"":""FAQPage"",""mainEntity"":[{""@type"":""Question"",""name"":""Kolik stojí audit PPC kampaní?"",""acceptedAnswer"":{""@type"":""Answer"",""text"":""Pokročilý audit stojí 14 900 Kč bez DPH a jeho cenu odečteme z první faktury, když se domluvíme na spolupráci. Na trhu se marketingový audit e-shopu pohybuje od jednotek tisíc u dílčí kontroly po desítky tisíc u seniorní práce nad daty.""}},{""@type"":""Question"",""name"":""Co všechno audit pokrývá?"",""acceptedAnswer"":{""@type"":""Answer"",""t",Audit PPC kampaní a marketingový audit e-shopu | Gameplan,https://www.gameplan.cz/assets/og-default.png
https://www.gameplan.cz/sluzby/seo/,200,,"SEO pro e-shop: zákazníci, kteří vás najdou sami | Gameplan",59,"SEO pro e-shop od Gameplanu. Stabilní tok návštěv a prodejů z vyhledávání, který neplatíte za každý klik. Klíčová slova, technika, obsah i AI vyhledávání.",154,,https://www.gameplan.cz/sluzby/seo/,cs,SEO,"Proč vás ve vyhledávání nevidí | Dokud rostete jen z placené reklamy, platíte za stejného zákazníka znovu a znovu . | Stavíme viditelnost, která vydrží , ne jen dokud platíte. | Tři kroky k růstu | Za čísly je práce . | Co všechno pod kapotou pracuje | Konkrétně to znamená | Proč SEO svěřit nám | Co je SEO pro e-shop | Zákazníci, kteří vás najdou sami . | Vážíme si vašeho soukromí",814,9,0,2,False,24,3,"{""@context"":""https://schema.org"",""@type"":[""Organization"",""ProfessionalService""],""@id"":""https://www.gameplan.cz/#organization"",""name"":""Gameplan s.r.o."",""alternateName"":""Gameplan"",""url"":""https://www.gameplan.cz"",""slogan"":""AI is the game."",""description"":""Řízení růstu e-shopů 20+ mil. a firem v průmyslu, zdravotnictví a technologiích. Data, web, marketing a AI v jednom plánu."",""logo"":""https://www.gameplan.cz/assets/Gameplan_logo_kratky_red.png"",""image"":""https://www.gameplan.cz/assets/Gameplan_logo_k | {""@context"":""https://schema.org"",""@type"":""Service"",""name"":""SEO"",""description"":""Zákazníci, kteří vás najdou sami. Stabilní tok návštěv z vyhledávání, který neplatíte za každý klik."",""url"":""https://www.gameplan.cz/sluzby/seo/"",""provider"":{""@type"":""Organization"",""name"":""Gameplan s.r.o."",""url"":""https://www.gameplan.cz""},""areaServed"":""CZ"",""serviceType"":""SEO""} | {""@context"":""https://schema.org"",""@type"":""BreadcrumbList"",""itemListElement"":[{""@type"":""ListItem"",""position"":1,""name"":""Domů"",""item"":""https://www.gameplan.cz""},{""@type"":""ListItem"",""position"":2,""name"":""Služby"",""item"":""https://www.gameplan.cz/sluzby/""},{""@type"":""ListItem"",""position"":3,""name"":""SEO"",""item"":""https://www.gameplan.cz/sluzby/seo/""}]} | {""@context"":""https://schema.org"",""@type"":""FAQPage"",""mainEntity"":[{""@type"":""Question"",""name"":""Za jak dlouho SEO zabere?"",""acceptedAnswer"":{""@type"":""Answer"",""text"":""SEO je běh na delší trať. První posuny bývají v řádu týdnů, ale skutečný efekt roste měsíce, jak přibývá obsah a autorita webu. Zato vydrží, na rozdíl od reklamy neplatíte za každý proklik.""}},{""@type"":""Question"",""name"":""Kolik SEO stojí?"",""acceptedAnswer"":{""@type"":""Answer"",""text"":""Cenu stavíme na míru podle stavu webu a cílů. V nezávaz","SEO pro e-shop: zákazníci, kteří vás najdou sami | Gameplan",https://www.gameplan.cz/assets/og-default.png
https://www.gameplan.cz/sluzby/weby-a-e-shopy/,200,,Weby a e-shopy: rychleji a chytřeji díky AI | Gameplan,54,"Tvorba webů a e-shopů od Gameplanu. AI a vývojáři dohromady, důraz na rychlost, SEO a design v identitě značky. Postaveno na růst.",130,,https://www.gameplan.cz/sluzby/weby-a-e-shopy/,cs,Weby a e-shopy,"Proč weby zdržují a stojí majlant | Web, který se táhne měsíce a po spuštění je pomalý, je náklad, ne nástroj růstu . | Web postavený na výkon , rychleji a chytřeji. | Tři kroky k růstu | Za čísly je práce . | Co všechno pod kapotou pracuje | Konkrétně to znamená | Proč web svěřit nám | Co obnáší tvorba webu a e-shopu | Web, který prodává , ne jen zdržuje. | Vážíme si vašeho soukromí",793,9,0,2,False,24,3,"{""@context"":""https://schema.org"",""@type"":[""Organization"",""ProfessionalService""],""@id"":""https://www.gameplan.cz/#organization"",""name"":""Gameplan s.r.o."",""alternateName"":""Gameplan"",""url"":""https://www.gameplan.cz"",""slogan"":""AI is the game."",""description"":""Řízení růstu e-shopů 20+ mil. a firem v průmyslu, zdravotnictví a technologiích. Data, web, marketing a AI v jednom plánu."",""logo"":""https://www.gameplan.cz/assets/Gameplan_logo_kratky_red.png"",""image"":""https://www.gameplan.cz/assets/Gameplan_logo_k | {""@context"":""https://schema.org"",""@type"":""Service"",""name"":""Weby a e-shopy"",""description"":""Moderní a efektivní přístup k webům. AI a vývojáři dohromady, takže rychleji a levněji."",""url"":""https://www.gameplan.cz/sluzby/weby-a-e-shopy/"",""provider"":{""@type"":""Organization"",""name"":""Gameplan s.r.o."",""url"":""https://www.gameplan.cz""},""areaServed"":""CZ"",""serviceType"":""Weby a e-shopy""} | {""@context"":""https://schema.org"",""@type"":""BreadcrumbList"",""itemListElement"":[{""@type"":""ListItem"",""position"":1,""name"":""Domů"",""item"":""https://www.gameplan.cz""},{""@type"":""ListItem"",""position"":2,""name"":""Služby"",""item"":""https://www.gameplan.cz/sluzby/""},{""@type"":""ListItem"",""position"":3,""name"":""Weby a e-shopy"",""item"":""https://www.gameplan.cz/sluzby/weby-a-e-shopy/""}]} | {""@context"":""https://schema.org"",""@type"":""FAQPage"",""mainEntity"":[{""@type"":""Question"",""name"":""Na čem weby a e-shopy stavíte?"",""acceptedAnswer"":{""@type"":""Answer"",""text"":""Vybíráme podle toho, co dává smysl pro váš byznys, od e-shopových platforem po řešení na míru. Neženeme vás do jedné technologie, důležitá je rychlost, správa a připravenost na růst.""}},{""@type"":""Question"",""name"":""Jak dlouho tvorba trvá?"",""acceptedAnswer"":{""@type"":""Answer"",""text"":""Díky spojení AI a vývojářů zvládneme rutinu rychle",Weby a e-shopy: rychleji a chytřeji díky AI | Gameplan,https://www.gameplan.cz/assets/og-default.png
https://www.gameplan.cz/sluzby/ai-a-automatizace/,200,,AI a automatizace: napojíme AI na vaše data a procesy | Gameplan,64,"AI a automatizace od Gameplanu. Napojíme pokročilou AI na vaše data, automatizujeme rutinu a vytáhneme čísla, která se dřív skoro nedala získat.",144,,https://www.gameplan.cz/sluzby/ai-a-automatizace/,cs,AI a automatizace,"Kde vám utíká čas i náskok | Data máte, ale dokud z nich nikdo netahá souvislosti, je to jen drahý archiv . | AI napojená na vaše data a procesy , ne prezentace plná slibů. | Tři kroky k růstu | Za čísly je práce . | Co všechno pod kapotou pracuje | Konkrétně to znamená | Proč AI svěřit nám | Jak AI a automatizaci děláme | Pro koho to je | Napojte AI tam, kde vám ušetří . | Vážíme si vašeho soukromí",793,9,0,2,False,22,3,"{""@context"":""https://schema.org"",""@type"":[""Organization"",""ProfessionalService""],""@id"":""https://www.gameplan.cz/#organization"",""name"":""Gameplan s.r.o."",""alternateName"":""Gameplan"",""url"":""https://www.gameplan.cz"",""slogan"":""AI is the game."",""description"":""Řízení růstu e-shopů 20+ mil. a firem v průmyslu, zdravotnictví a technologiích. Data, web, marketing a AI v jednom plánu."",""logo"":""https://www.gameplan.cz/assets/Gameplan_logo_kratky_red.png"",""image"":""https://www.gameplan.cz/assets/Gameplan_logo_k | {""@context"":""https://schema.org"",""@type"":""Service"",""name"":""AI a automatizace"",""description"":""Napojíme AI na vaše data a procesy. Vytáhneme čísla, která se dřív skoro nedala získat."",""url"":""https://www.gameplan.cz/sluzby/ai-a-automatizace/"",""provider"":{""@type"":""Organization"",""name"":""Gameplan s.r.o."",""url"":""https://www.gameplan.cz""},""areaServed"":""CZ"",""serviceType"":""AI a automatizace""} | {""@context"":""https://schema.org"",""@type"":""BreadcrumbList"",""itemListElement"":[{""@type"":""ListItem"",""position"":1,""name"":""Domů"",""item"":""https://www.gameplan.cz""},{""@type"":""ListItem"",""position"":2,""name"":""Služby"",""item"":""https://www.gameplan.cz/sluzby/""},{""@type"":""ListItem"",""position"":3,""name"":""AI a automatizace"",""item"":""https://www.gameplan.cz/sluzby/ai-a-automatizace/""}]} | {""@context"":""https://schema.org"",""@type"":""FAQPage"",""mainEntity"":[{""@type"":""Question"",""name"":""Kolik to stojí?"",""acceptedAnswer"":{""@type"":""Answer"",""text"":""Cenu stavíme na míru podle rozsahu a vašich cílů. V úvodním plánu dostanete konkrétní návrh i odhad návratnosti, ať víte, do čeho jdete.""}},{""@type"":""Question"",""name"":""Jak dlouhá je spolupráce?"",""acceptedAnswer"":{""@type"":""Answer"",""text"":""Nejsme na jednorázové kampaně. Růst je běh na delší trať, obvykle pracujeme v měsíčním režimu, ale nevážeme v",AI a automatizace: napojíme AI na vaše data a procesy | Gameplan,https://www.gameplan.cz/assets/og-default.png
https://www.gameplan.cz/balicky/,200,,Služby a balíčky | Gameplan,27,"Celý marketing ve čtyřech balíčcích, plus jednotlivé služby. Vyberte hlavní směr růstu, nebo si vezměte jen to, co právě potřebujete.",133,,https://www.gameplan.cz/balicky/,cs,Naše služby jsme zjednodušili a zefektivnili,"Je vaše firma připravená na AI? | Dva hlavní směry, plus produkce a weby | Poradíme, který balíček vám dá nejrychlejší návratnost | Vážíme si vašeho soukromí",694,3,0,2,False,37,4,"{""@context"":""https://schema.org"",""@type"":[""Organization"",""ProfessionalService""],""@id"":""https://www.gameplan.cz/#organization"",""name"":""Gameplan s.r.o."",""alternateName"":""Gameplan"",""url"":""https://www.gameplan.cz"",""slogan"":""AI is the game."",""description"":""Řízení růstu e-shopů 20+ mil. a firem v průmyslu, zdravotnictví a technologiích. Data, web, marketing a AI v jednom plánu."",""logo"":""https://www.gameplan.cz/assets/Gameplan_logo_kratky_red.png"",""image"":""https://www.gameplan.cz/assets/Gameplan_logo_k",Služby a balíčky | Gameplan,https://www.gameplan.cz/assets/og-default.png
https://www.gameplan.cz/balicky/growthpilot/,200,,GrowthPilot: řízení růstu e-shopu | Gameplan,44,"GrowthPilot je balíček pro e-shopy. Výkonnostní kampaně, čisté měření přes OneTag, reporting RoasSplit, SEO a AI v jednom plánu.",128,,https://www.gameplan.cz/balicky/growthpilot/,cs,GrowthPilot ®,"Co vás v růstu e-shopu brzdí | Každý měsíc bez čistého měření je měsíc, kdy platíte i za objednávky, které byste dostali tak jako tak . | Řídíme e-shop na skutečný zisk . | Tři kroky k růstu | Za čísly je práce . | Co všechno pod kapotou pracuje | Konkrétně to znamená | Proč s GrowthPilotem porostete | Co je GrowthPilot | Váš e-shop umí víc . Ukážeme kde. | Vážíme si vašeho soukromí",952,9,0,2,False,27,3,"{""@context"":""https://schema.org"",""@type"":[""Organization"",""ProfessionalService""],""@id"":""https://www.gameplan.cz/#organization"",""name"":""Gameplan s.r.o."",""alternateName"":""Gameplan"",""url"":""https://www.gameplan.cz"",""slogan"":""AI is the game."",""description"":""Řízení růstu e-shopů 20+ mil. a firem v průmyslu, zdravotnictví a technologiích. Data, web, marketing a AI v jednom plánu."",""logo"":""https://www.gameplan.cz/assets/Gameplan_logo_kratky_red.png"",""image"":""https://www.gameplan.cz/assets/Gameplan_logo_k | {""@context"":""https://schema.org"",""@type"":""Service"",""name"":""GrowthPilot"",""description"":""Komplexní růstový balíček pro e-shopy. Kampaně, měření, SEO i obsah táhnou za jeden provaz, poháněné našimi vlastními nástroji a pokročilou AI napojenou přímo na vaše data."",""url"":""https://www.gameplan.cz/balicky/growthpilot/"",""provider"":{""@type"":""Organization"",""name"":""Gameplan s.r.o."",""url"":""https://www.gameplan.cz""},""areaServed"":""CZ"",""serviceType"":""GrowthPilot""} | {""@context"":""https://schema.org"",""@type"":""BreadcrumbList"",""itemListElement"":[{""@type"":""ListItem"",""position"":1,""name"":""Domů"",""item"":""https://www.gameplan.cz""},{""@type"":""ListItem"",""position"":2,""name"":""Balíčky"",""item"":""https://www.gameplan.cz/balicky/""},{""@type"":""ListItem"",""position"":3,""name"":""GrowthPilot"",""item"":""https://www.gameplan.cz/balicky/growthpilot/""}]} | {""@context"":""https://schema.org"",""@type"":""FAQPage"",""mainEntity"":[{""@type"":""Question"",""name"":""Pro jak velký e-shop je GrowthPilot?"",""acceptedAnswer"":{""@type"":""Answer"",""text"":""Nejvíc dává smysl e-shopům zhruba od 20 milionů obratu ročně, kde už se vyplatí řídit výkon na jedno číslo a kde má růst z čeho škálovat. Bereme omezený počet klientů, ať každému držíme náskok.""}},{""@type"":""Question"",""name"":""Za jak dlouho uvidím výsledky?"",""acceptedAnswer"":{""@type"":""Answer"",""text"":""Čistá data z měření vidíte",GrowthPilot: řízení růstu e-shopu | Gameplan,https://www.gameplan.cz/assets/og-default.png
https://www.gameplan.cz/nastroje/,200,,Vlastní nástroje | Gameplan,27,"Vlastní data a AI nástroje, které jsme postavili pro svoje značky a dnes je používají i klienti. OneTag, RoasSplit, AdSensei, BlogPilot, AdPilot a StockPilot.",158,,https://www.gameplan.cz/nastroje/,cs,Vlastní software. Napsali jsme si ho sami.,"Postavili jsme si je pro sebe. | Poradíme, který nástroj vám dá nejrychlejší výsledek | Vážíme si vašeho soukromí",322,3,0,2,False,25,4,"{""@context"":""https://schema.org"",""@type"":[""Organization"",""ProfessionalService""],""@id"":""https://www.gameplan.cz/#organization"",""name"":""Gameplan s.r.o."",""alternateName"":""Gameplan"",""url"":""https://www.gameplan.cz"",""slogan"":""AI is the game."",""description"":""Řízení růstu e-shopů 20+ mil. a firem v průmyslu, zdravotnictví a technologiích. Data, web, marketing a AI v jednom plánu."",""logo"":""https://www.gameplan.cz/assets/Gameplan_logo_kratky_red.png"",""image"":""https://www.gameplan.cz/assets/Gameplan_logo_k",Vlastní nástroje | Gameplan,https://www.gameplan.cz/assets/og-default.png
https://www.gameplan.cz/nastroje/onetag/,200,,OneTag: serverové měření konverzí | Gameplan,44,"OneTag je náš nástroj pro serverové měření konverzí. Vidíte i data, o která ostatní kvůli cookies přicházejí, a máte jedno čisté číslo pravdy.",142,,https://www.gameplan.cz/nastroje/onetag/,cs,OneTag ®,"Měření, kterému nejde věřit | Když měříte špatně, optimalizujete do tmy . | Jedno čisté číslo místo pěti verzí pravdy. | Tři kroky k růstu | Za čísly je práce . | Co všechno pod kapotou pracuje | Proč OneTag a ne cizí skript | Co je OneTag | Přestaňte optimalizovat poslepu . | Vážíme si vašeho soukromí",701,9,0,2,False,24,3,"{""@context"":""https://schema.org"",""@type"":[""Organization"",""ProfessionalService""],""@id"":""https://www.gameplan.cz/#organization"",""name"":""Gameplan s.r.o."",""alternateName"":""Gameplan"",""url"":""https://www.gameplan.cz"",""slogan"":""AI is the game."",""description"":""Řízení růstu e-shopů 20+ mil. a firem v průmyslu, zdravotnictví a technologiích. Data, web, marketing a AI v jednom plánu."",""logo"":""https://www.gameplan.cz/assets/Gameplan_logo_kratky_red.png"",""image"":""https://www.gameplan.cz/assets/Gameplan_logo_k | {""@context"":""https://schema.org"",""@type"":""SoftwareApplication"",""name"":""OneTag"",""description"":""Serverové měření napříč kanály. Vidíte i data, o která ostatní kvůli cookies přicházejí."",""url"":""https://www.gameplan.cz/nastroje/onetag/"",""provider"":{""@type"":""Organization"",""name"":""Gameplan s.r.o."",""url"":""https://www.gameplan.cz""},""applicationCategory"":""BusinessApplication"",""operatingSystem"":""Web""} | {""@context"":""https://schema.org"",""@type"":""BreadcrumbList"",""itemListElement"":[{""@type"":""ListItem"",""position"":1,""name"":""Domů"",""item"":""https://www.gameplan.cz""},{""@type"":""ListItem"",""position"":2,""name"":""Nástroje"",""item"":""https://www.gameplan.cz/nastroje/""},{""@type"":""ListItem"",""position"":3,""name"":""OneTag"",""item"":""https://www.gameplan.cz/nastroje/onetag/""}]} | {""@context"":""https://schema.org"",""@type"":""FAQPage"",""mainEntity"":[{""@type"":""Question"",""name"":""Proč serverové měření místo klasického v prohlížeči?"",""acceptedAnswer"":{""@type"":""Answer"",""text"":""Prohlížečové měření odchází s pádem cookies a blokovači reklam. Server je nezastaví, takže vidíte i konverze, které v prohlížeči nezměříte. Data jsou úplnější a stabilnější.""}},{""@type"":""Question"",""name"":""Funguje OneTag i po pádu cookies?"",""acceptedAnswer"":{""@type"":""Answer"",""text"":""Ano, přesně proto vznikl. S",OneTag: serverové měření konverzí | Gameplan,https://www.gameplan.cz/assets/og-default.png
https://www.gameplan.cz/nastroje/roassplit/,200,,RoasSplit: reporting výkonu kampaní | Gameplan,46,"RoasSplit sjednotí výkon všech kanálů do jednoho reportu bez duplikací. Vidíte skutečnou ROAS a víte, co skutečně vydělává.",123,,https://www.gameplan.cz/nastroje/roassplit/,cs,RoasSplit ®,"Proč čísla nesedí | Když si každý kanál nárokuje stejné konverze, rozhodujete se podle tržeb, které na papíře neexistují . | Jeden report, kterému jde věřit . | Tři kroky k růstu | Za čísly je práce . | Co všechno pod kapotou pracuje | Proč RoasSplit a ne součet z platforem | Co je RoasSplit | Zjistěte, který kanál opravdu vydělává. | Vážíme si vašeho soukromí",706,9,0,2,False,23,3,"{""@context"":""https://schema.org"",""@type"":[""Organization"",""ProfessionalService""],""@id"":""https://www.gameplan.cz/#organization"",""name"":""Gameplan s.r.o."",""alternateName"":""Gameplan"",""url"":""https://www.gameplan.cz"",""slogan"":""AI is the game."",""description"":""Řízení růstu e-shopů 20+ mil. a firem v průmyslu, zdravotnictví a technologiích. Data, web, marketing a AI v jednom plánu."",""logo"":""https://www.gameplan.cz/assets/Gameplan_logo_kratky_red.png"",""image"":""https://www.gameplan.cz/assets/Gameplan_logo_k | {""@context"":""https://schema.org"",""@type"":""SoftwareApplication"",""name"":""RoasSplit"",""description"":""Výkon všech kanálů v jednom reportu. Bez duplikací víte, co vydělává."",""url"":""https://www.gameplan.cz/nastroje/roassplit/"",""provider"":{""@type"":""Organization"",""name"":""Gameplan s.r.o."",""url"":""https://www.gameplan.cz""},""applicationCategory"":""BusinessApplication"",""operatingSystem"":""Web""} | {""@context"":""https://schema.org"",""@type"":""BreadcrumbList"",""itemListElement"":[{""@type"":""ListItem"",""position"":1,""name"":""Domů"",""item"":""https://www.gameplan.cz""},{""@type"":""ListItem"",""position"":2,""name"":""Nástroje"",""item"":""https://www.gameplan.cz/nastroje/""},{""@type"":""ListItem"",""position"":3,""name"":""RoasSplit"",""item"":""https://www.gameplan.cz/nastroje/roassplit/""}]} | {""@context"":""https://schema.org"",""@type"":""FAQPage"",""mainEntity"":[{""@type"":""Question"",""name"":""Odkud RoasSplit bere data?"",""acceptedAnswer"":{""@type"":""Answer"",""text"":""Stahuje výkon ze všech kanálů, které používáte (Meta, Google, Sklik a další), a spojuje je s čistým měřením z OneTagu. Vy nemusíte přepínat mezi pěti rozhraními.""}},{""@type"":""Question"",""name"":""Jak řeší, že si kanály přisvojují stejné konverze?"",""acceptedAnswer"":{""@type"":""Answer"",""text"":""Odstraní duplicity a ukáže návratnost na úrovni ",RoasSplit: reporting výkonu kampaní | Gameplan,https://www.gameplan.cz/assets/og-default.png
https://www.gameplan.cz/case-studies/,200,,Case studies | Gameplan,23,"Příběhy spolupráce Gameplanu, jen s ověřenými čísly.",52,,https://www.gameplan.cz/case-studies/,cs,Příběhy spolupráce,Tropic Fishing | Vážíme si vašeho soukromí,513,3,0,2,False,27,3,"{""@context"":""https://schema.org"",""@type"":[""Organization"",""ProfessionalService""],""@id"":""https://www.gameplan.cz/#organization"",""name"":""Gameplan s.r.o."",""alternateName"":""Gameplan"",""url"":""https://www.gameplan.cz"",""slogan"":""AI is the game."",""description"":""Řízení růstu e-shopů 20+ mil. a firem v průmyslu, zdravotnictví a technologiích. Data, web, marketing a AI v jednom plánu."",""logo"":""https://www.gameplan.cz/assets/Gameplan_logo_kratky_red.png"",""image"":""https://www.gameplan.cz/assets/Gameplan_logo_k",Case studies | Gameplan,https://www.gameplan.cz/assets/og-default.png
https://www.gameplan.cz/case-studies/aqua-shop/,200,,Case study Aqua-Shop: 2x obrat a expanze do 4 zemí | Gameplan,61,"Aqua-Shop (úprava vody, e-shop s naším podílem): za dva roky dvojnásobný obrat a expanze do Německa, Rakouska a Chorvatska. Růst přes důvěru a servis, ne slevy.",160,,https://www.gameplan.cz/case-studies/aqua-shop/,cs,Aqua-Shop,Kde to drhlo | Strategie ve čtyřech rozhodnutích | Od strategie k exekuci | Co to přineslo | Spolupráce pokračuje | Chcete růst jako Aqua-Shop? | Co se často ptáte | Vážíme si vašeho soukromí,888,4,0,2,False,21,4,"{""@context"":""https://schema.org"",""@type"":[""Organization"",""ProfessionalService""],""@id"":""https://www.gameplan.cz/#organization"",""name"":""Gameplan s.r.o."",""alternateName"":""Gameplan"",""url"":""https://www.gameplan.cz"",""slogan"":""AI is the game."",""description"":""Řízení růstu e-shopů 20+ mil. a firem v průmyslu, zdravotnictví a technologiích. Data, web, marketing a AI v jednom plánu."",""logo"":""https://www.gameplan.cz/assets/Gameplan_logo_kratky_red.png"",""image"":""https://www.gameplan.cz/assets/Gameplan_logo_k | {""@context"":""https://schema.org"",""@type"":""Article"",""headline"":""Case study: Aqua-Shop"",""description"":""Aqua-Shop je e-shop, ve kterém máme podíl a řídíme jeho marketing a výkon. Za dva roky se na něm zdvojnásobil obrat a rozjeli jsme čtyři zahraniční trhy, a to bez slevové války, přes důvěru a servis."",""image"":""https://www.gameplan.cz/_astro/aqua-shop.CcajDkbr.png"",""inLanguage"":""cs-CZ"",""author"":{""@type"":""Person"",""name"":""Filip Schleif"",""jobTitle"":""Spoluzakladatel Gameplanu"",""url"":""https://www.linke | {""@context"":""https://schema.org"",""@type"":""BreadcrumbList"",""itemListElement"":[{""@type"":""ListItem"",""position"":1,""name"":""Domů"",""item"":""https://www.gameplan.cz""},{""@type"":""ListItem"",""position"":2,""name"":""Case studies"",""item"":""https://www.gameplan.cz/case-studies""},{""@type"":""ListItem"",""position"":3,""name"":""Aqua-Shop"",""item"":""https://www.gameplan.cz/case-studies/aqua-shop/""}]} | {""@context"":""https://schema.org"",""@type"":""FAQPage"",""mainEntity"":[{""@type"":""Question"",""name"":""Je Aqua-Shop klient Gameplanu?"",""acceptedAnswer"":{""@type"":""Answer"",""text"":""Aqua-Shop je e-shop, ve kterém máme podíl a řídíme jeho marketing a výkon. Není to úplně náš e-shop ani běžný klient, je to partnerství, kde nám na výsledku záleží jako na vlastním.""}},{""@type"":""Question"",""name"":""Čím se Aqua-Shop liší od běžného e-shopu s vodou?"",""acceptedAnswer"":{""@type"":""Answer"",""text"":""Dvacetiletou zkušeností a",Case study Aqua-Shop: 2x obrat a expanze do 4 zemí | Gameplan,https://www.gameplan.cz/_astro/aqua-shop.CcajDkbr.png
https://www.gameplan.cz/case-studies/tropic-fishing/,200,,Case study Tropic Fishing: +70 mil. na ročním obratu za 4 roky | Gameplan,73,"Vlastní značka Tropic Fishing: přes 70 mil. Kč na ročním obratu za 4 roky, expanze na Slovensko a další trh v rámci EU a vlastní software StockPilot na řízení nákupu.",166,,https://www.gameplan.cz/case-studies/tropic-fishing/,cs,Tropic Fishing,Kde to drhlo | Strategie ve čtyřech rozhodnutích | Od strategie k exekuci | Jak to vypadalo venku | Co to přineslo | Za čísly je práce. | Spolupráce pokračuje | Chcete růst jako Tropic? | Co se často ptáte | Vážíme si vašeho soukromí,1935,14,0,2,False,21,4,"{""@context"":""https://schema.org"",""@type"":[""Organization"",""ProfessionalService""],""@id"":""https://www.gameplan.cz/#organization"",""name"":""Gameplan s.r.o."",""alternateName"":""Gameplan"",""url"":""https://www.gameplan.cz"",""slogan"":""AI is the game."",""description"":""Řízení růstu e-shopů 20+ mil. a firem v průmyslu, zdravotnictví a technologiích. Data, web, marketing a AI v jednom plánu."",""logo"":""https://www.gameplan.cz/assets/Gameplan_logo_kratky_red.png"",""image"":""https://www.gameplan.cz/assets/Gameplan_logo_k | {""@context"":""https://schema.org"",""@type"":""Article"",""headline"":""Case study: Tropic Fishing"",""description"":""Tropic je náš vlastní velký e-shop. Máme na něm spoustu dat, takže na něm testujeme rychleji a levněji, a co funguje, nasazujeme u klientů. Za 4 roky Tropic přidal přes 70 mil. Kč na ročním obratu a z regionálního e-shopu je mezinárodní značka na třech trzích. Stojí na vlastní kreativě, obsahu a softwaru na míru."",""image"":""https://www.gameplan.cz/_astro/tropic-fishing.mC-gbi6c.png"",""inLangua | {""@context"":""https://schema.org"",""@type"":""BreadcrumbList"",""itemListElement"":[{""@type"":""ListItem"",""position"":1,""name"":""Domů"",""item"":""https://www.gameplan.cz""},{""@type"":""ListItem"",""position"":2,""name"":""Case studies"",""item"":""https://www.gameplan.cz/case-studies""},{""@type"":""ListItem"",""position"":3,""name"":""Tropic Fishing"",""item"":""https://www.gameplan.cz/case-studies/tropic-fishing/""}]} | {""@context"":""https://schema.org"",""@type"":""FAQPage"",""mainEntity"":[{""@type"":""Question"",""name"":""Je Tropic Fishing klient Gameplanu?"",""acceptedAnswer"":{""@type"":""Answer"",""text"":""Tropic Fishing je vlastní značka skupiny Gameplan. Je to náš velký e-shop, na kterém si za vlastní peníze a na spoustě dat ověřujeme, co funguje, než to nasadíme u klientů.""}},{""@type"":""Question"",""name"":""Co je StockPilot?"",""acceptedAnswer"":{""@type"":""Answer"",""text"":""StockPilot je náš vlastní software na řízení nákupu, který js | [{""@context"":""https://schema.org"",""@type"":""VideoObject"",""name"":""Sestava na candáty"",""description"":""Kompletní sestava na candáty z výbavy značek skupiny Pure Fishing, poskládaná přímo u vody."",""thumbnailUrl"":""https://www.gameplan.cz/_astro/tropic-sestava-na-candaty.DSvC0oYH_28uHxl.webp"",""uploadDate"":""2026-09-02"",""contentUrl"":""https://media.gameplan.cz/videos/case-studies/social/tropic-fishing/tropic-sestava-na-candaty-full.mp4"",""duration"":""PT22S"",""transcript"":""Tohle je mé sestava na lov candátů p",Case study Tropic Fishing: +70 mil. na ročním obratu za 4 roky | Gameplan,https://www.gameplan.cz/_astro/tropic-fishing.mC-gbi6c.png
https://www.gameplan.cz/o-nas/,200,,O nás | Gameplan,16,"Gameplan provozuje vlastní e-shopy a stejný systém, data i AI nasazuje u klientů. Skupina s ročním obratem přes 250 mil. Kč a přes 20 let zkušeností z e-commerce.",162,,https://www.gameplan.cz/o-nas/,cs,"Jsme e-shopaři, co to sami dělají .","Jak jsme rostli | Lidé za Gameplanem | Tři věci, co děláme jinak | Chcete růst jako naše značky ? | Vážíme si vašeho soukromí",442,17,0,2,False,19,5,"{""@context"":""https://schema.org"",""@type"":[""Organization"",""ProfessionalService""],""@id"":""https://www.gameplan.cz/#organization"",""name"":""Gameplan s.r.o."",""alternateName"":""Gameplan"",""url"":""https://www.gameplan.cz"",""slogan"":""AI is the game."",""description"":""Řízení růstu e-shopů 20+ mil. a firem v průmyslu, zdravotnictví a technologiích. Data, web, marketing a AI v jednom plánu."",""logo"":""https://www.gameplan.cz/assets/Gameplan_logo_kratky_red.png"",""image"":""https://www.gameplan.cz/assets/Gameplan_logo_k",O nás | Gameplan,https://www.gameplan.cz/assets/og-default.png
https://www.gameplan.cz/kontakt/,200,,Kontakt | Gameplan,18,Ozvěte se Gameplanu. Napište nám a ozveme se s konkrétním dalším krokem. Kanceláře v Liberci.,93,,https://www.gameplan.cz/kontakt/,cs,Pojďme se bavit o vašem růstu,Chceš makat s námi ? | Vážíme si vašeho soukromí,164,4,0,3,False,19,5,"{""@context"":""https://schema.org"",""@type"":[""Organization"",""ProfessionalService""],""@id"":""https://www.gameplan.cz/#organization"",""name"":""Gameplan s.r.o."",""alternateName"":""Gameplan"",""url"":""https://www.gameplan.cz"",""slogan"":""AI is the game."",""description"":""Řízení růstu e-shopů 20+ mil. a firem v průmyslu, zdravotnictví a technologiích. Data, web, marketing a AI v jednom plánu."",""logo"":""https://www.gameplan.cz/assets/Gameplan_logo_kratky_red.png"",""image"":""https://www.gameplan.cz/assets/Gameplan_logo_k",Kontakt | Gameplan,https://www.gameplan.cz/assets/og-default.png
https://www.gameplan.cz/pokrocily-audit/,200,,Audit PPC kampaní a marketingový audit e-shopu | Gameplan,57,"Hloubkový audit PPC kampaní, měření, čísel a webu s konkrétním plánem na míru. Cenu odečteme z první faktury, když se dáme dohromady.",133,,https://www.gameplan.cz/pokrocily-audit/,cs,"Ukážeme přesně, kde vám utíkají peníze","Šest oblastí, do hloubky | Náš audit stojí na čtyřech pilířích | Od objednávky k plánu ve čtyřech krocích | Rychlý rozbor, nebo hloubka | Co jsme našli u jednoho auditovaného e-shopu | Za čísly je práce . | Diagnostika je první krok , ne celá služba | Co lidé řeší nejčastěji | Vážíme si vašeho soukromí",1215,3,0,3,False,21,3,"{""@context"":""https://schema.org"",""@type"":[""Organization"",""ProfessionalService""],""@id"":""https://www.gameplan.cz/#organization"",""name"":""Gameplan s.r.o."",""alternateName"":""Gameplan"",""url"":""https://www.gameplan.cz"",""slogan"":""AI is the game."",""description"":""Řízení růstu e-shopů 20+ mil. a firem v průmyslu, zdravotnictví a technologiích. Data, web, marketing a AI v jednom plánu."",""logo"":""https://www.gameplan.cz/assets/Gameplan_logo_kratky_red.png"",""image"":""https://www.gameplan.cz/assets/Gameplan_logo_k",Audit PPC kampaní a marketingový audit e-shopu | Gameplan,https://www.gameplan.cz/assets/og-default.png
https://www.gameplan.cz/rustovy-plan/,200,,Růstový plán | Gameplan,23,"Vyberte si, jak hluboko chcete vidět. Rychlý růstový plán, nebo pokročilý audit do hloubky. Konkrétně a nezávazně.",114,,https://www.gameplan.cz/rustovy-plan/,cs,"Ukážeme vám, kde je růst na dosah","Objednejte růstový plán | Od výběru plánu k výsledku ve čtyřech krocích | Za čísly je práce . | Diagnostika je první krok , ne celá služba | Co lidé řeší nejčastěji | Vážíme si vašeho soukromí",1133,10,0,3,False,20,5,"{""@context"":""https://schema.org"",""@type"":[""Organization"",""ProfessionalService""],""@id"":""https://www.gameplan.cz/#organization"",""name"":""Gameplan s.r.o."",""alternateName"":""Gameplan"",""url"":""https://www.gameplan.cz"",""slogan"":""AI is the game."",""description"":""Řízení růstu e-shopů 20+ mil. a firem v průmyslu, zdravotnictví a technologiích. Data, web, marketing a AI v jednom plánu."",""logo"":""https://www.gameplan.cz/assets/Gameplan_logo_kratky_red.png"",""image"":""https://www.gameplan.cz/assets/Gameplan_logo_k",Růstový plán | Gameplan,https://www.gameplan.cz/assets/og-default.png
https://www.gameplan.cz/poznejte-svou-firmu/,200,,Poznejte svou firmu: čtyři prompty | Gameplan,45,"Čtyři prompty, které vám ukážou vlastní firmu v detailu, který v přehledech nevidíte: kde mizí zisk, kdo doopravdy kupuje, proč se soutěží cenou a co vás stojí nejvíc hodin. Zdarma, vyplněné vašimi odpověďmi.",208,,https://www.gameplan.cz/poznejte-svou-firmu/,cs,"Poznejte svou firmu do detailu, který v přehledech nevidíte","Čtyři prompty pro vaši firmu | Čtyři úhly na jednu firmu. Každý ukáže něco jiného. | Prompt je formulář, ne přání | Řídíme vlastní e-shopy. Za čísly je práce. | Prompty jsou první krok. Tady je celá cesta. | Na co se lidi ptají nejčastěji | Složte si čtyři prompty na vaši firmu | Vážíme si vašeho soukromí",1273,6,3,3,False,20,4,"{""@context"":""https://schema.org"",""@type"":[""Organization"",""ProfessionalService""],""@id"":""https://www.gameplan.cz/#organization"",""name"":""Gameplan s.r.o."",""alternateName"":""Gameplan"",""url"":""https://www.gameplan.cz"",""slogan"":""AI is the game."",""description"":""Řízení růstu e-shopů 20+ mil. a firem v průmyslu, zdravotnictví a technologiích. Data, web, marketing a AI v jednom plánu."",""logo"":""https://www.gameplan.cz/assets/Gameplan_logo_kratky_red.png"",""image"":""https://www.gameplan.cz/assets/Gameplan_logo_k | {""@context"":""https://schema.org"",""@type"":""BreadcrumbList"",""itemListElement"":[{""@type"":""ListItem"",""position"":1,""name"":""Domů"",""item"":""https://www.gameplan.cz""},{""@type"":""ListItem"",""position"":2,""name"":""Poznejte svou firmu"",""item"":""https://www.gameplan.cz/poznejte-svou-firmu/""}]} | {""@context"":""https://schema.org"",""@type"":""FAQPage"",""mainEntity"":[{""@type"":""Question"",""name"":""Musím do formuláře psát svoje čísla, tedy marže a obraty?"",""acceptedAnswer"":{""@type"":""Answer"",""text"":""Ne. Formulář se ptá jen na to, co je potřeba na složení promptů: co prodáváte, řádovou velikost firmy a odkud vám chodí zákazníci. Citlivá čísla, jako je marže nebo výdaje na reklamu, doplňujete až do promptu ve svém ChatGPT nebo Claude. K nám se nikdy nedostanou.""}},{""@type"":""Question"",""name"":""Do jaké A",Poznejte svou firmu: čtyři prompty | Gameplan,https://www.gameplan.cz/assets/og-default.png
https://www.gameplan.cz/predani-pristupu/,200,,Předání přístupů | Gameplan,27,"Jak nám dát čtecí přístup do Google Ads, Meta Ads a Google Analytics, abychom mohli připravit váš růstový plán.",111,"noindex, nofollow",https://www.gameplan.cz/predani-pristupu/,cs,Předání přístupů,Nic riskantního po vás nechceme | Google Ads | Meta Ads | Google Analytics | Navíc pro pokročilý audit | Potřebujete NDA ? | Dál už je to na nás | Vážíme si vašeho soukromí,900,6,3,2,False,21,8,"{""@context"":""https://schema.org"",""@type"":[""Organization"",""ProfessionalService""],""@id"":""https://www.gameplan.cz/#organization"",""name"":""Gameplan s.r.o."",""alternateName"":""Gameplan"",""url"":""https://www.gameplan.cz"",""slogan"":""AI is the game."",""description"":""Řízení růstu e-shopů 20+ mil. a firem v průmyslu, zdravotnictví a technologiích. Data, web, marketing a AI v jednom plánu."",""logo"":""https://www.gameplan.cz/assets/Gameplan_logo_kratky_red.png"",""image"":""https://www.gameplan.cz/assets/Gameplan_logo_k",Předání přístupů | Gameplan,https://www.gameplan.cz/assets/og-default.png
https://www.gameplan.cz/marketingova-agentura-liberec/,200,,Marketingová agentura Liberec | Výkonnostní marketing pro e-shopy | Gameplan,76,"Výkonnostní marketingová agentura v Liberci. PPC, tvorba webů a e-shopů, SEO, sociální sítě i školení AI. Měříme výsledky, ne dojmy. Nezávazná poptávka.",152,,https://www.gameplan.cz/marketingova-agentura-liberec/,cs,Marketingová agentura Liberec,"Celý růst pod jednou střechou | Stavíme vlastní AI a datové nástroje | Za čísly je práce . | Začněte růstovým plánem | Najdete nás v Liberci | Marketing v Liberci, bez mlžení | Chcete v Liberci partnera, co táhne za výsledky ? | Vážíme si vašeho soukromí",871,7,3,2,False,25,5,"{""@context"":""https://schema.org"",""@type"":[""Organization"",""ProfessionalService""],""@id"":""https://www.gameplan.cz/#organization"",""name"":""Gameplan s.r.o."",""alternateName"":""Gameplan"",""url"":""https://www.gameplan.cz"",""slogan"":""AI is the game."",""description"":""Řízení růstu e-shopů 20+ mil. a firem v průmyslu, zdravotnictví a technologiích. Data, web, marketing a AI v jednom plánu."",""logo"":""https://www.gameplan.cz/assets/Gameplan_logo_kratky_red.png"",""image"":""https://www.gameplan.cz/assets/Gameplan_logo_k | {""@context"":""https://schema.org"",""@type"":""BreadcrumbList"",""itemListElement"":[{""@type"":""ListItem"",""position"":1,""name"":""Domů"",""item"":""https://www.gameplan.cz""},{""@type"":""ListItem"",""position"":2,""name"":""Marketingová agentura Liberec"",""item"":""https://www.gameplan.cz/marketingova-agentura-liberec""}]} | {""@context"":""https://schema.org"",""@type"":""FAQPage"",""mainEntity"":[{""@type"":""Question"",""name"":""Kolik stojí tvorba webu v Liberci?"",""acceptedAnswer"":{""@type"":""Answer"",""text"":""Cena webu závisí na rozsahu. Jednoduchý firemní web i rozsáhlý e-shop na míru řešíme individuálně, cenu ale vždy říkáme dopředu. Nezávazně vám ji spočítáme v růstovém plánu.""}},{""@type"":""Question"",""name"":""Kolik stojí marketingová agentura?"",""acceptedAnswer"":{""@type"":""Answer"",""text"":""Podle toho, co potřebujete. Nejsme nejlevněj",Marketingová agentura Liberec | Výkonnostní marketing pro e-shopy | Gameplan,https://www.gameplan.cz/assets/og-default.png
https://www.gameplan.cz/ai-viditelnost/,200,,AI viditelnost pro e-shop | Gameplan,36,"Zjistěte za 2 minuty, jestli vás ChatGPT, Perplexity a Google AI doporučují zákazníkům, a co pro to udělat. Checklist na míru, zdarma.",134,,https://www.gameplan.cz/ai-viditelnost/,cs,"Staňte se e-shopem, který AI doporučuje zákazníkům.","Vaše AI viditelnost: Zmiňovaný | Vyhledávání se stěhuje do AI. Kdo tam není, neexistuje. | Konkrétní checklist na míru | AI viditelnost řešíme na vlastních e-shopech. | Checklist je první krok. Tady je celá cesta. | Prověřte svou AI viditelnost zdarma | Vážíme si vašeho soukromí",748,6,3,3,False,22,4,"{""@context"":""https://schema.org"",""@type"":[""Organization"",""ProfessionalService""],""@id"":""https://www.gameplan.cz/#organization"",""name"":""Gameplan s.r.o."",""alternateName"":""Gameplan"",""url"":""https://www.gameplan.cz"",""slogan"":""AI is the game."",""description"":""Řízení růstu e-shopů 20+ mil. a firem v průmyslu, zdravotnictví a technologiích. Data, web, marketing a AI v jednom plánu."",""logo"":""https://www.gameplan.cz/assets/Gameplan_logo_kratky_red.png"",""image"":""https://www.gameplan.cz/assets/Gameplan_logo_k",AI viditelnost pro e-shop | Gameplan,https://www.gameplan.cz/assets/og-default.png
https://www.gameplan.cz/zpetna-vazba/,200,,Díky za odpověď | Gameplan,26,Máme vaši odpověď k růstovému plánu.,36,"noindex, nofollow",https://www.gameplan.cz/zpetna-vazba/,cs,Díky. Máme to.,"Plán funguje jen tak dobře, jak dobře se zrealizuje | Projdeme ho spolu | Dvě cesty, obě rozumné | Růst e-shopu je jedna vrstva. AI je druhá. | Vážíme si vašeho soukromí",213,3,0,2,False,21,3,"{""@context"":""https://schema.org"",""@type"":[""Organization"",""ProfessionalService""],""@id"":""https://www.gameplan.cz/#organization"",""name"":""Gameplan s.r.o."",""alternateName"":""Gameplan"",""url"":""https://www.gameplan.cz"",""slogan"":""AI is the game."",""description"":""Řízení růstu e-shopů 20+ mil. a firem v průmyslu, zdravotnictví a technologiích. Data, web, marketing a AI v jednom plánu."",""logo"":""https://www.gameplan.cz/assets/Gameplan_logo_kratky_red.png"",""image"":""https://www.gameplan.cz/assets/Gameplan_logo_k",Díky za odpověď | Gameplan,https://www.gameplan.cz/assets/og-default.png
https://www.gameplan.cz/blog/,200,,Blog | Gameplan,15,"Články o růstu e-shopů, výkonu a AI od Gameplanu.",49,,https://www.gameplan.cz/blog/,cs,Z našeho vaultu,"Jak zavést AI do firmy, aby šetřila čas a peníze | Vážíme si vašeho soukromí",5141,92,0,2,False,108,3,"{""@context"":""https://schema.org"",""@type"":[""Organization"",""ProfessionalService""],""@id"":""https://www.gameplan.cz/#organization"",""name"":""Gameplan s.r.o."",""alternateName"":""Gameplan"",""url"":""https://www.gameplan.cz"",""slogan"":""AI is the game."",""description"":""Řízení růstu e-shopů 20+ mil. a firem v průmyslu, zdravotnictví a technologiích. Data, web, marketing a AI v jednom plánu."",""logo"":""https://www.gameplan.cz/assets/Gameplan_logo_kratky_red.png"",""image"":""https://www.gameplan.cz/assets/Gameplan_logo_k",Blog | Gameplan,https://www.gameplan.cz/assets/og-default.png
https://www.gameplan.cz/blog/server-side-mereni/,200,,Server-side měření: proč cookies berou konverze | Gameplan,58,"Server-side měření srozumitelně: proč klientské cookies přicházejí o konverze, jak serverové měření pomáhá a co od něj čekat.",125,,https://www.gameplan.cz/blog/server-side-mereni/,cs,Server-side měření: proč vám cookies berou konverze,"Proč klientské měření přestává stačit | Jak server-side měření funguje | Co od toho čekat, a co ne | Časté dotazy | Čtěte dál | Chcete čísla, ne dojmy? | Vážíme si vašeho soukromí",923,7,2,3,False,27,4,"{""@context"":""https://schema.org"",""@type"":[""Organization"",""ProfessionalService""],""@id"":""https://www.gameplan.cz/#organization"",""name"":""Gameplan s.r.o."",""alternateName"":""Gameplan"",""url"":""https://www.gameplan.cz"",""slogan"":""AI is the game."",""description"":""Řízení růstu e-shopů 20+ mil. a firem v průmyslu, zdravotnictví a technologiích. Data, web, marketing a AI v jednom plánu."",""logo"":""https://www.gameplan.cz/assets/Gameplan_logo_kratky_red.png"",""image"":""https://www.gameplan.cz/assets/Gameplan_logo_k | {""@context"":""https://schema.org"",""@type"":""BlogPosting"",""headline"":""Server-side měření: proč vám cookies berou konverze"",""description"":""Server-side měření srozumitelně: proč klientské cookies přicházejí o konverze, jak serverové měření pomáhá a co od něj čekat."",""image"":[""https://www.gameplan.cz/_astro/server-side-mereni.Dicdj8L__1ydRGb.jpeg""],""datePublished"":""2026-07-23T00:00:00.000Z"",""dateModified"":""2026-07-23T00:00:00.000Z"",""inLanguage"":""cs-CZ"",""wordCount"":322,""keywords"":""server-side měření, c | {""@context"":""https://schema.org"",""@type"":""BreadcrumbList"",""itemListElement"":[{""@type"":""ListItem"",""position"":1,""name"":""Domů"",""item"":""https://www.gameplan.cz""},{""@type"":""ListItem"",""position"":2,""name"":""Blog"",""item"":""https://www.gameplan.cz/blog""},{""@type"":""ListItem"",""position"":3,""name"":""Server-side měření: proč vám cookies berou konverze"",""item"":""https://www.gameplan.cz/blog/server-side-mereni/""}]} | {""@context"":""https://schema.org"",""@type"":""FAQPage"",""mainEntity"":[{""@type"":""Question"",""name"":""Co je server-side měření?"",""acceptedAnswer"":{""@type"":""Answer"",""text"":""Měření, kde se události o chování a nákupech neposílají jen z prohlížeče, ale i ze serveru. Reklamní systémy tak dostanou data, i když prohlížeč cookie zablokuje nebo skript nedoběhne.""}},{""@type"":""Question"",""name"":""Kolik konverzí server-side měření vrátí?"",""acceptedAnswer"":{""@type"":""Answer"",""text"":""Záleží na e-shopu a na podílu blokov",Server-side měření: proč cookies berou konverze | Gameplan,https://www.gameplan.cz/_astro/server-side-mereni.Dicdj8L__1ydRGb.jpeg
https://www.gameplan.cz/blog/ga4-eshop-chyby-mereni/,200,,GA4 pro e-shop: 7 chyb v měření a jak je poznat | Gameplan,58,"Sedm nejčastějších chyb v měření GA4 pro e-shop: dvojité měření, chybějící hodnota konverze, consent a další, i jak je odhalit a opravit.",137,,https://www.gameplan.cz/blog/ga4-eshop-chyby-mereni/,cs,"GA4 pro e-shop: 7 chyb v měření, které kazí data","1. Dvojité měření nákupu | 2. Chybějící hodnota a měna u konverze | 3. Ignorovaný souhlas a cookies | 4. Nezařazený interní a testovací provoz | 5. Špatně nebo vůbec neměřený košík a checkout | 6. Míchání dat z GA4 a z reklamních účtů | 7. Očekávání, že GA4 sedne s účetnictvím | Časté dotazy | Čtěte dál | Chcete čísla, ne dojmy? | Vážíme si vašeho soukromí",1023,7,2,3,False,28,4,"{""@context"":""https://schema.org"",""@type"":[""Organization"",""ProfessionalService""],""@id"":""https://www.gameplan.cz/#organization"",""name"":""Gameplan s.r.o."",""alternateName"":""Gameplan"",""url"":""https://www.gameplan.cz"",""slogan"":""AI is the game."",""description"":""Řízení růstu e-shopů 20+ mil. a firem v průmyslu, zdravotnictví a technologiích. Data, web, marketing a AI v jednom plánu."",""logo"":""https://www.gameplan.cz/assets/Gameplan_logo_kratky_red.png"",""image"":""https://www.gameplan.cz/assets/Gameplan_logo_k | {""@context"":""https://schema.org"",""@type"":""BlogPosting"",""headline"":""GA4 pro e-shop: 7 chyb v měření, které kazí data"",""description"":""Sedm nejčastějších chyb v měření GA4 pro e-shop: dvojité měření, chybějící hodnota konverze, consent a další, i jak je odhalit a opravit."",""image"":[""https://www.gameplan.cz/_astro/ga4-eshop-chyby-mereni.D1LMQ78O_Z14sUbX.jpeg""],""datePublished"":""2026-06-05T00:00:00.000Z"",""dateModified"":""2026-06-05T00:00:00.000Z"",""inLanguage"":""cs-CZ"",""wordCount"":376,""keywords"":""GA4, mě | {""@context"":""https://schema.org"",""@type"":""BreadcrumbList"",""itemListElement"":[{""@type"":""ListItem"",""position"":1,""name"":""Domů"",""item"":""https://www.gameplan.cz""},{""@type"":""ListItem"",""position"":2,""name"":""Blog"",""item"":""https://www.gameplan.cz/blog""},{""@type"":""ListItem"",""position"":3,""name"":""GA4 pro e-shop: 7 chyb v měření, které kazí data"",""item"":""https://www.gameplan.cz/blog/ga4-eshop-chyby-mereni/""}]} | {""@context"":""https://schema.org"",""@type"":""FAQPage"",""mainEntity"":[{""@type"":""Question"",""name"":""Proč mi nesedí tržby v GA4 a v e-shopu?"",""acceptedAnswer"":{""@type"":""Answer"",""text"":""Skoro nikdy nesednou přesně. GA4 měří na základě událostí v prohlížeči, e-shop účtuje dokončené a zaplacené objednávky. Rozdíl do zhruba 5 až 10 procent je běžný, větší odchylka ukazuje na chybu v měření.""}},{""@type"":""Question"",""name"":""Jak poznám dvojité měření nákupu?"",""acceptedAnswer"":{""@type"":""Answer"",""text"":""V přehled",GA4 pro e-shop: 7 chyb v měření a jak je poznat | Gameplan,https://www.gameplan.cz/_astro/ga4-eshop-chyby-mereni.D1LMQ78O_Z14sUbX.jpeg
https://www.gameplan.cz/blog/consent-mode-v2-eshop/,200,,Consent Mode v2 pro e-shop: co musíte mít (2026) | Gameplan,59,"Consent Mode v2 srozumitelně: povinnost od března 2024, čtyři signály, Basic vs Advanced, certifikovaná CMP a změny k 15. červnu 2026. Návod pro e-shopy.",153,,https://www.gameplan.cz/blog/consent-mode-v2-eshop/,cs,Consent Mode v2 pro e-shop: co musíte mít nastavené,"Proč na tom záleží | Čtyři signály | Basic vs Advanced | Co ověřit | Časté dotazy | Čtěte dál | Chcete čísla, ne dojmy? | Vážíme si vašeho soukromí",1028,7,2,3,False,26,4,"{""@context"":""https://schema.org"",""@type"":[""Organization"",""ProfessionalService""],""@id"":""https://www.gameplan.cz/#organization"",""name"":""Gameplan s.r.o."",""alternateName"":""Gameplan"",""url"":""https://www.gameplan.cz"",""slogan"":""AI is the game."",""description"":""Řízení růstu e-shopů 20+ mil. a firem v průmyslu, zdravotnictví a technologiích. Data, web, marketing a AI v jednom plánu."",""logo"":""https://www.gameplan.cz/assets/Gameplan_logo_kratky_red.png"",""image"":""https://www.gameplan.cz/assets/Gameplan_logo_k | {""@context"":""https://schema.org"",""@type"":""BlogPosting"",""headline"":""Consent Mode v2 pro e-shop: co musíte mít nastavené"",""description"":""Consent Mode v2 srozumitelně: povinnost od března 2024, čtyři signály, Basic vs Advanced, certifikovaná CMP a změny k 15. červnu 2026. Návod pro e-shopy."",""image"":[""https://www.gameplan.cz/_astro/consent-mode-v2-eshop.BmpjTFvP_ZnW3vC.jpeg""],""datePublished"":""2026-05-25T00:00:00.000Z"",""dateModified"":""2026-05-25T00:00:00.000Z"",""inLanguage"":""cs-CZ"",""wordCount"":406,""k | {""@context"":""https://schema.org"",""@type"":""BreadcrumbList"",""itemListElement"":[{""@type"":""ListItem"",""position"":1,""name"":""Domů"",""item"":""https://www.gameplan.cz""},{""@type"":""ListItem"",""position"":2,""name"":""Blog"",""item"":""https://www.gameplan.cz/blog""},{""@type"":""ListItem"",""position"":3,""name"":""Consent Mode v2 pro e-shop: co musíte mít nastavené"",""item"":""https://www.gameplan.cz/blog/consent-mode-v2-eshop/""}]} | {""@context"":""https://schema.org"",""@type"":""FAQPage"",""mainEntity"":[{""@type"":""Question"",""name"":""Je Consent Mode v2 povinný?"",""acceptedAnswer"":{""@type"":""Answer"",""text"":""Ano, pro provoz z EEA, UK a Švýcarska je povinný od března 2024, hnaný Digital Markets Actem. Vynucování začalo 21. července 2025: bez platných signálů Google nenaplní remarketing a personalizované publikum a degraduje měření (ověřeno k červenci 2026).""}},{""@type"":""Question"",""name"":""Jaké čtyři signály musí banner posílat?"",""acceptedA",Consent Mode v2 pro e-shop: co musíte mít (2026) | Gameplan,https://www.gameplan.cz/_astro/consent-mode-v2-eshop.BmpjTFvP_ZnW3vC.jpeg
https://www.gameplan.cz/blog/signal-density-capi/,200,,Hustota signálu a CAPI: proč 50 konverzí týdně | Gameplan,57,"Proč Meta potřebuje zhruba 50 konverzí týdně na ad set, proč je Conversions API dnes povinnost a jak zvýšit hustotu i kvalitu konverzního signálu.",146,,https://www.gameplan.cz/blog/signal-density-capi/,cs,Hustota signálu a CAPI: proč rozhoduje 50 konverzí týdně,"Proč 50 konverzí týdně | CAPI je dnes základ | Jak zvýšit hustotu | Kvalita i kvantita | Časté dotazy | Čtěte dál | Chcete čísla, ne dojmy? | Vážíme si vašeho soukromí",946,7,2,3,False,28,4,"{""@context"":""https://schema.org"",""@type"":[""Organization"",""ProfessionalService""],""@id"":""https://www.gameplan.cz/#organization"",""name"":""Gameplan s.r.o."",""alternateName"":""Gameplan"",""url"":""https://www.gameplan.cz"",""slogan"":""AI is the game."",""description"":""Řízení růstu e-shopů 20+ mil. a firem v průmyslu, zdravotnictví a technologiích. Data, web, marketing a AI v jednom plánu."",""logo"":""https://www.gameplan.cz/assets/Gameplan_logo_kratky_red.png"",""image"":""https://www.gameplan.cz/assets/Gameplan_logo_k | {""@context"":""https://schema.org"",""@type"":""BlogPosting"",""headline"":""Hustota signálu a CAPI: proč rozhoduje 50 konverzí týdně"",""description"":""Proč Meta potřebuje zhruba 50 konverzí týdně na ad set, proč je Conversions API dnes povinnost a jak zvýšit hustotu i kvalitu konverzního signálu."",""image"":[""https://www.gameplan.cz/_astro/signal-density-capi.6TT20_19_1cWshJ.jpeg""],""datePublished"":""2026-07-24T00:00:00.000Z"",""dateModified"":""2026-07-24T00:00:00.000Z"",""inLanguage"":""cs-CZ"",""wordCount"":330,""keywo | {""@context"":""https://schema.org"",""@type"":""BreadcrumbList"",""itemListElement"":[{""@type"":""ListItem"",""position"":1,""name"":""Domů"",""item"":""https://www.gameplan.cz""},{""@type"":""ListItem"",""position"":2,""name"":""Blog"",""item"":""https://www.gameplan.cz/blog""},{""@type"":""ListItem"",""position"":3,""name"":""Hustota signálu a CAPI: proč rozhoduje 50 konverzí týdně"",""item"":""https://www.gameplan.cz/blog/signal-density-capi/""}]} | {""@context"":""https://schema.org"",""@type"":""FAQPage"",""mainEntity"":[{""@type"":""Question"",""name"":""Proč se mluví o 50 konverzích týdně?"",""acceptedAnswer"":{""@type"":""Answer"",""text"":""Protože Meta potřebuje dost konverzních událostí, aby se algoritmus stabilně učil. Orientační práh je zhruba 50 konverzí týdně na ad set. Pod ním ad set zůstává trvale v učení, výsledky skáčou a optimalizace je nestabilní.""}},{""@type"":""Question"",""name"":""Co je CAPI a proč je povinnost?"",""acceptedAnswer"":{""@type"":""Answer"",""tex",Hustota signálu a CAPI: proč 50 konverzí týdně | Gameplan,https://www.gameplan.cz/_astro/signal-density-capi.6TT20_19_1cWshJ.jpeg
https://www.gameplan.cz/blog/cookieless-mereni-budoucnost/,200,,Cookieless měření: na co se e-shop připravit | Gameplan,55,"Cookieless budoucnost měření srozumitelně: proč cookies třetích stran mizí, tři pilíře přesnosti (vlastní data, server-side, modelování) a co udělat hned.",154,,https://www.gameplan.cz/blog/cookieless-mereni-budoucnost/,cs,Cookieless měření: na co se e-shop musí připravit,"Co se mění | Tři pilíře měření bez cookies | Souhlas je podmínka, ne překážka | Co udělat hned | Časté dotazy | Čtěte dál | Chcete čísla, ne dojmy? | Vážíme si vašeho soukromí",916,7,2,3,False,28,4,"{""@context"":""https://schema.org"",""@type"":[""Organization"",""ProfessionalService""],""@id"":""https://www.gameplan.cz/#organization"",""name"":""Gameplan s.r.o."",""alternateName"":""Gameplan"",""url"":""https://www.gameplan.cz"",""slogan"":""AI is the game."",""description"":""Řízení růstu e-shopů 20+ mil. a firem v průmyslu, zdravotnictví a technologiích. Data, web, marketing a AI v jednom plánu."",""logo"":""https://www.gameplan.cz/assets/Gameplan_logo_kratky_red.png"",""image"":""https://www.gameplan.cz/assets/Gameplan_logo_k | {""@context"":""https://schema.org"",""@type"":""BlogPosting"",""headline"":""Cookieless měření: na co se e-shop musí připravit"",""description"":""Cookieless budoucnost měření srozumitelně: proč cookies třetích stran mizí, tři pilíře přesnosti (vlastní data, server-side, modelování) a co udělat hned."",""image"":[""https://www.gameplan.cz/_astro/cookieless-mereni-budoucnost.CSxfR7Xz_Z8yYw3.jpeg""],""datePublished"":""2026-05-26T00:00:00.000Z"",""dateModified"":""2026-05-26T00:00:00.000Z"",""inLanguage"":""cs-CZ"",""wordCount"": | {""@context"":""https://schema.org"",""@type"":""BreadcrumbList"",""itemListElement"":[{""@type"":""ListItem"",""position"":1,""name"":""Domů"",""item"":""https://www.gameplan.cz""},{""@type"":""ListItem"",""position"":2,""name"":""Blog"",""item"":""https://www.gameplan.cz/blog""},{""@type"":""ListItem"",""position"":3,""name"":""Cookieless měření: na co se e-shop musí připravit"",""item"":""https://www.gameplan.cz/blog/cookieless-mereni-budoucnost/""}]} | {""@context"":""https://schema.org"",""@type"":""FAQPage"",""mainEntity"":[{""@type"":""Question"",""name"":""Znamená konec cookies konec měření?"",""acceptedAnswer"":{""@type"":""Answer"",""text"":""Ne. Mizí hlavně cookies třetích stran a klientské sledování. Měření se přesouvá na vlastní data, serverový sběr a modelování. Přesnost se dá udržet, jen jinými prostředky než dřív.""}},{""@type"":""Question"",""name"":""Co nahradí cookies třetích stran?"",""acceptedAnswer"":{""@type"":""Answer"",""text"":""Kombinace tří věcí: first-party data ",Cookieless měření: na co se e-shop připravit | Gameplan,https://www.gameplan.cz/_astro/cookieless-mereni-budoucnost.CSxfR7Xz_Z8yYw3.jpeg
https://www.gameplan.cz/blog/atribuce-e-commerce/,200,,Atribuce v e-commerce: modely a komu přiřadit prodej | Gameplan,63,"Atribuce srozumitelně: last click, first click i data-driven, proč si kanály nárokují stejný prodej a proč pravdu o přínosu dá až incrementalita.",145,,https://www.gameplan.cz/blog/atribuce-e-commerce/,cs,Atribuce v e-commerce: komu přiřadit prodej,"Co atribuce je a proč na ní záleží | Nejčastější modely | Proč vám součty nesedí | Atribuce vs skutečný přínos | Časté dotazy | Čtěte dál | Chcete čísla, ne dojmy? | Vážíme si vašeho soukromí",932,7,2,3,False,26,4,"{""@context"":""https://schema.org"",""@type"":[""Organization"",""ProfessionalService""],""@id"":""https://www.gameplan.cz/#organization"",""name"":""Gameplan s.r.o."",""alternateName"":""Gameplan"",""url"":""https://www.gameplan.cz"",""slogan"":""AI is the game."",""description"":""Řízení růstu e-shopů 20+ mil. a firem v průmyslu, zdravotnictví a technologiích. Data, web, marketing a AI v jednom plánu."",""logo"":""https://www.gameplan.cz/assets/Gameplan_logo_kratky_red.png"",""image"":""https://www.gameplan.cz/assets/Gameplan_logo_k | {""@context"":""https://schema.org"",""@type"":""BlogPosting"",""headline"":""Atribuce v e-commerce: komu přiřadit prodej"",""description"":""Atribuce srozumitelně: last click, first click i data-driven, proč si kanály nárokují stejný prodej a proč pravdu o přínosu dá až incrementalita."",""image"":[""https://www.gameplan.cz/_astro/atribuce-e-commerce.GDIS2XLr_Z5si48.jpeg""],""datePublished"":""2026-05-13T00:00:00.000Z"",""dateModified"":""2026-05-13T00:00:00.000Z"",""inLanguage"":""cs-CZ"",""wordCount"":357,""keywords"":""atribuce | {""@context"":""https://schema.org"",""@type"":""BreadcrumbList"",""itemListElement"":[{""@type"":""ListItem"",""position"":1,""name"":""Domů"",""item"":""https://www.gameplan.cz""},{""@type"":""ListItem"",""position"":2,""name"":""Blog"",""item"":""https://www.gameplan.cz/blog""},{""@type"":""ListItem"",""position"":3,""name"":""Atribuce v e-commerce: komu přiřadit prodej"",""item"":""https://www.gameplan.cz/blog/atribuce-e-commerce/""}]} | {""@context"":""https://schema.org"",""@type"":""FAQPage"",""mainEntity"":[{""@type"":""Question"",""name"":""Co je atribuce?"",""acceptedAnswer"":{""@type"":""Answer"",""text"":""Pravidlo, podle kterého se prodej přiřadí konkrétnímu kanálu nebo kampani, když se na cestě k nákupu potkalo víc dotyků. Určuje, kdo v reportu dostane zásluhu za tržbu.""}},{""@type"":""Question"",""name"":""Jaký atribuční model je nejlepší?"",""acceptedAnswer"":{""@type"":""Answer"",""text"":""Univerzálně nejlepší neexistuje. Last click je jednoduchý, ale přeceň",Atribuce v e-commerce: modely a komu přiřadit prodej | Gameplan,https://www.gameplan.cz/_astro/atribuce-e-commerce.GDIS2XLr_Z5si48.jpeg
https://www.gameplan.cz/blog/first-party-data-eshop/,200,,First-party data pro e-shop: sběr a využití | Gameplan,54,"First-party data srozumitelně: co to je, proč jsou v době cookieless nejcennější, jak je sbírat se souhlasem a proměnit ve výkon přes měření a e-mail.",150,,https://www.gameplan.cz/blog/first-party-data-eshop/,cs,First-party data: jak e-shop sbírá a využívá vlastní data,"Co to je a proč teď | Jak je sbírat legálně | Jak z nich udělat výkon | Jeden zdroj pravdy | Časté dotazy | Čtěte dál | Chcete čísla, ne dojmy? | Vážíme si vašeho soukromí",976,7,2,3,False,29,4,"{""@context"":""https://schema.org"",""@type"":[""Organization"",""ProfessionalService""],""@id"":""https://www.gameplan.cz/#organization"",""name"":""Gameplan s.r.o."",""alternateName"":""Gameplan"",""url"":""https://www.gameplan.cz"",""slogan"":""AI is the game."",""description"":""Řízení růstu e-shopů 20+ mil. a firem v průmyslu, zdravotnictví a technologiích. Data, web, marketing a AI v jednom plánu."",""logo"":""https://www.gameplan.cz/assets/Gameplan_logo_kratky_red.png"",""image"":""https://www.gameplan.cz/assets/Gameplan_logo_k | {""@context"":""https://schema.org"",""@type"":""BlogPosting"",""headline"":""First-party data: jak e-shop sbírá a využívá vlastní data"",""description"":""First-party data srozumitelně: co to je, proč jsou v době cookieless nejcennější, jak je sbírat se souhlasem a proměnit ve výkon přes měření a e-mail."",""image"":[""https://www.gameplan.cz/_astro/first-party-data-eshop.2lrr1dgJ_1hHxVU.jpeg""],""datePublished"":""2026-06-04T00:00:00.000Z"",""dateModified"":""2026-06-04T00:00:00.000Z"",""inLanguage"":""cs-CZ"",""wordCount"":33 | {""@context"":""https://schema.org"",""@type"":""BreadcrumbList"",""itemListElement"":[{""@type"":""ListItem"",""position"":1,""name"":""Domů"",""item"":""https://www.gameplan.cz""},{""@type"":""ListItem"",""position"":2,""name"":""Blog"",""item"":""https://www.gameplan.cz/blog""},{""@type"":""ListItem"",""position"":3,""name"":""First-party data: jak e-shop sbírá a využívá vlastní data"",""item"":""https://www.gameplan.cz/blog/first-party-data-eshop/""}]} | {""@context"":""https://schema.org"",""@type"":""FAQPage"",""mainEntity"":[{""@type"":""Question"",""name"":""Co jsou first-party data?"",""acceptedAnswer"":{""@type"":""Answer"",""text"":""Data, která e-shop sbírá přímo od svých zákazníků a návštěvníků se souhlasem: objednávky, chování na webu, e-maily, historie nákupů, preference. Na rozdíl od cookies třetích stran patří vám a nezmizí se změnou pravidel prohlížečů.""}},{""@type"":""Question"",""name"":""Proč jsou teď důležitější než dřív?"",""acceptedAnswer"":{""@type"":""Answer"",""te",First-party data pro e-shop: sběr a využití | Gameplan,https://www.gameplan.cz/_astro/first-party-data-eshop.2lrr1dgJ_1hHxVU.jpeg
https://www.gameplan.cz/blog/marketing-mix-modeling-eshop/,200,,Marketing mix modeling pro e-shop: alternativa k atribuci | Gameplan,68,Marketing mix modeling srozumitelně: jak MMM měří přínos kanálů ze souhrnných dat bez cookies a kdy dává smysl i menšímu e-shopu.,129,,https://www.gameplan.cz/blog/marketing-mix-modeling-eshop/,cs,Marketing mix modeling: alternativa k atribuci pro e-shop,"Jak MMM funguje | Proč zrovna teď | Co MMM umí a co ne | Nejsilnější je kombinace | Časté dotazy | Čtěte dál | Chcete čísla, ne dojmy? | Vážíme si vašeho soukromí",925,7,2,3,False,26,4,"{""@context"":""https://schema.org"",""@type"":[""Organization"",""ProfessionalService""],""@id"":""https://www.gameplan.cz/#organization"",""name"":""Gameplan s.r.o."",""alternateName"":""Gameplan"",""url"":""https://www.gameplan.cz"",""slogan"":""AI is the game."",""description"":""Řízení růstu e-shopů 20+ mil. a firem v průmyslu, zdravotnictví a technologiích. Data, web, marketing a AI v jednom plánu."",""logo"":""https://www.gameplan.cz/assets/Gameplan_logo_kratky_red.png"",""image"":""https://www.gameplan.cz/assets/Gameplan_logo_k | {""@context"":""https://schema.org"",""@type"":""BlogPosting"",""headline"":""Marketing mix modeling: alternativa k atribuci pro e-shop"",""description"":""Marketing mix modeling srozumitelně: jak MMM měří přínos kanálů ze souhrnných dat bez cookies a kdy dává smysl i menšímu e-shopu."",""image"":[""https://www.gameplan.cz/_astro/marketing-mix-modeling-eshop.CutDodn5_fGDiS.jpeg""],""datePublished"":""2026-07-02T00:00:00.000Z"",""dateModified"":""2026-07-02T00:00:00.000Z"",""inLanguage"":""cs-CZ"",""wordCount"":331,""keywords"":""ma | {""@context"":""https://schema.org"",""@type"":""BreadcrumbList"",""itemListElement"":[{""@type"":""ListItem"",""position"":1,""name"":""Domů"",""item"":""https://www.gameplan.cz""},{""@type"":""ListItem"",""position"":2,""name"":""Blog"",""item"":""https://www.gameplan.cz/blog""},{""@type"":""ListItem"",""position"":3,""name"":""Marketing mix modeling: alternativa k atribuci pro e-shop"",""item"":""https://www.gameplan.cz/blog/marketing-mix-modeling-eshop/""}]} | {""@context"":""https://schema.org"",""@type"":""FAQPage"",""mainEntity"":[{""@type"":""Question"",""name"":""Co je marketing mix modeling?"",""acceptedAnswer"":{""@type"":""Answer"",""text"":""Statistická metoda, která ze souhrnných dat (výdaje po kanálech, tržby, sezóna, sleva, cena) odhaduje, jak jednotlivé kanály přispívají k tržbám. Nesleduje jednotlivce, takže funguje i bez cookies a osobních dat.""}},{""@type"":""Question"",""name"":""Je MMM jen pro velké firmy?"",""acceptedAnswer"":{""@type"":""Answer"",""text"":""Dřív ano, dnes ne",Marketing mix modeling pro e-shop: alternativa k atribuci | Gameplan,https://www.gameplan.cz/_astro/marketing-mix-modeling-eshop.CutDodn5_fGDiS.jpeg
https://www.gameplan.cz/blog/kolik-stoji-sprava-ppc/,200,,Kolik stojí správa Meta Ads a PPC v roce 2026 | Gameplan,56,"Kolik stojí správa PPC v Česku: freelancer od 3 000 Kč, menší agentura 10 000 až 20 000 Kč, agentura pro e-shopy nad 20 miliony od 40 000 Kč měsíčně.",149,,https://www.gameplan.cz/blog/kolik-stoji-sprava-ppc/,cs,Kolik stojí správa Meta Ads a PPC v roce 2026,"Co cenu tvoří | Běžné modely placení | Kolik stojí správa PPC v Česku | Kolik stojí správa u nás | Co si u nabídky ověřit | Proč nejlevnější bývá nejdražší | Časté dotazy | Čtěte dál | Chcete čísla, ne dojmy? | Vážíme si vašeho soukromí",1752,7,2,3,False,29,4,"{""@context"":""https://schema.org"",""@type"":[""Organization"",""ProfessionalService""],""@id"":""https://www.gameplan.cz/#organization"",""name"":""Gameplan s.r.o."",""alternateName"":""Gameplan"",""url"":""https://www.gameplan.cz"",""slogan"":""AI is the game."",""description"":""Řízení růstu e-shopů 20+ mil. a firem v průmyslu, zdravotnictví a technologiích. Data, web, marketing a AI v jednom plánu."",""logo"":""https://www.gameplan.cz/assets/Gameplan_logo_kratky_red.png"",""image"":""https://www.gameplan.cz/assets/Gameplan_logo_k | {""@context"":""https://schema.org"",""@type"":""BlogPosting"",""headline"":""Kolik stojí správa Meta Ads a PPC v roce 2026"",""description"":""Kolik stojí správa PPC v Česku: freelancer od 3 000 Kč, menší agentura 10 000 až 20 000 Kč, agentura pro e-shopy nad 20 miliony od 40 000 Kč měsíčně."",""image"":[""https://www.gameplan.cz/_astro/kolik-stoji-sprava-ppc.BX7hk7U-_Z18lNQh.jpeg""],""datePublished"":""2026-06-25T00:00:00.000Z"",""dateModified"":""2026-08-29T00:00:00.000Z"",""inLanguage"":""cs-CZ"",""wordCount"":1067,""keywords | {""@context"":""https://schema.org"",""@type"":""BreadcrumbList"",""itemListElement"":[{""@type"":""ListItem"",""position"":1,""name"":""Domů"",""item"":""https://www.gameplan.cz""},{""@type"":""ListItem"",""position"":2,""name"":""Blog"",""item"":""https://www.gameplan.cz/blog""},{""@type"":""ListItem"",""position"":3,""name"":""Kolik stojí správa Meta Ads a PPC v roce 2026"",""item"":""https://www.gameplan.cz/blog/kolik-stoji-sprava-ppc/""}]} | {""@context"":""https://schema.org"",""@type"":""FAQPage"",""mainEntity"":[{""@type"":""Question"",""name"":""Kolik stojí správa PPC pro e-shop?"",""acceptedAnswer"":{""@type"":""Answer"",""text"":""V Česku k srpnu 2026 orientačně 3 000 až 10 000 Kč měsíčně u freelancera na jeden kanál, 10 000 až 20 000 Kč u menší agentury na víc kanálů a od 40 000 Kč u agentury, která e-shopu nad 20 miliony obratu řídí celý výkon včetně měření a kreativy.""}},{""@type"":""Question"",""name"":""Kolik stojí správa Meta Ads?"",""acceptedAnswer"":{""@ty",Kolik stojí správa Meta Ads a PPC v roce 2026 | Gameplan,https://www.gameplan.cz/_astro/kolik-stoji-sprava-ppc.BX7hk7U-_Z18lNQh.jpeg
