topic	slov	suma_hledanosti	slov_vol10	komercnich	otazek	cpc_median
dashboardy-reporting	2955	22050	297	23	133	70.0
analytika-obecne	2304	21690	159	19	156	80.0
ga4	2879	10510	196	41	237	70.0
gtm	2201	6790	122	25	121	50.0
audit-web	937	3790	96	917	54	85.0
atribuce-utm	1098	2890	50	0	66	30.0
konverze-ads	1412	2480	60	12	233	50.0
consent	1278	2230	53	1	47	50.0
bigquery-data	2731	1890	44	8	91	80.0
sprava-webu	44	940	17	41	1	140.0
server-side	887	390	21	0	45	
tracking-obecne	835	200	15	0	116	
datalayer	439	90	6	0	19	60.0
crm-leady	249	80	4	0	11	5.0
