domain	url	traffic	keywords	top_keyword	top_kw_volume	top_kw_position	ref_domains	serp_title	topic	url_topic
advisio.cz	https://www.advisio.cz/blog/google-looker-studio-vase-data-pod-kontrolou/	18	1	looker google	600	8	0	Google Looker Studio: Vaše data pod kontrolou - Advisio	dashboardy-reporting	dashboardy-reporting
advisio.cz	https://www.advisio.cz/blog/jak-spravne-stanovit-pno-a-co-vam-napovi-o-uspesnosti-kampani/	3	2	pno marketing	70	8	0	Jak správně stanovit PNO a co vám napoví o úspěšnosti ...	konverze-ads	konverze-ads
advisio.cz	https://www.advisio.cz/blog/co-to-je-google-search-console-a-jak-na-nej-navod/	0	1	seo console	1000	27	1	Google Search Console: Co to je a jak funguje [návod] - Advisio		analytika-obecne
antee.cz	https://www.antee.cz/blog/co-je-konverze	2	2	konverzní	800	27	0	Co je konverze?		konverze-ads
anycoders.cz	https://www.anycoders.cz/slovnik/meta-pixel-drive-facebook-pixel	1	1	meta pixel	30	9	0	Co je Meta Pixel (dříve Facebook Pixel) | Digitální slovník	konverze-ads	konverze-ads
anycoders.cz	https://www.anycoders.cz/slovnik/-marketing-mix-modelling-mmm	1	1	mmm	100	8	0	Co je Marketing Mix Modelling (MMM) | Digitální slovník	atribuce-utm	atribuce-utm
cernovsky.cz	https://www.cernovsky.cz/weby-e-shopy/webova-analytika/	23	1	webová analytika	80	3	0	Webová analytika: 5 bodů, které musíte vědět	analytika-obecne	
consentio.cz	https://consentio.cz/slovnik/souhlas	1	1	souhlas gdpr	30	11	0	Souhlas - Slovník GDPR pojmů - Consentio		consent
consentio.cz	https://consentio.cz/slovnik/dpo/	0	1	co je dpo	0	10	0	DPO (Pověřenec) - Slovník GDPR pojmů - Consentio		consent
cookies-spravne.cz	https://cookies-spravne.cz/	15	4	cookie lišta zdarma	50	2	73	Cookies správně: Cookie lišta a souhlasy vyřešeny, česky a ...	consent	
datamind.cz	https://www.datamind.cz/en/services/web-analytics	1	1	web analytics	40	9	0	Web Analytics - Data Mind	analytika-obecne	analytika-obecne
digitalniarchitekti.cz	https://digitalniarchitekti.cz/clanek/keboola/	220	5	keboola	1300	2	0	Keboola: Co to je + praktické tipy na využití	bigquery-data	bigquery-data
digitalniarchitekti.cz	https://digitalniarchitekti.cz/clanek/co-je-looker-studio/	198	6	looker studio	1100	3	0	Looker Studio (Google Data Studio): Co to je a jak funguje?	dashboardy-reporting	dashboardy-reporting
digitalniarchitekti.cz	https://digitalniarchitekti.cz/clanek/utm-parametry-k-cemu-slouzi/	63	4	utm parametry	100	2	2	Co jsou to UTM parametry a k čemu slouží?	atribuce-utm	atribuce-utm
digitalniarchitekti.cz	https://digitalniarchitekti.cz/clanek/co-je-google-tag-manager/	27	4	google tag	200	6	0	Co je Google Tag Manager, jak ho nastavit a jak funguje?	gtm	gtm
digitalniarchitekti.cz	https://digitalniarchitekti.cz/produkty/nastaveni-ga4/	7	2	ga 4	100	4	2	Nastavení GA4	ga4	ga4
digitalniarchitekti.cz	https://digitalniarchitekti.cz/clanek/looker-studio-vizualizacni-nastroj/	7	3	google looker data studio	40	7	0	Looker Studio (Google Data Studio) - vizualizační nástroj	dashboardy-reporting	dashboardy-reporting
digitalniarchitekti.cz	https://digitalniarchitekti.cz/clanek/google-cloud-run/	2	2	google cloud run	10	4	0	Google Cloud Run: Moderní způsob nasazení aplikací	bigquery-data	bigquery-data
digitalniarchitekti.cz	https://digitalniarchitekti.cz/clanek/co-je-to-bigquery/	2	3	google big query	0	3	1	Co je to BigQuery: Jak funguje nástroj Google Cloud ...	bigquery-data	bigquery-data
digitalniarchitekti.cz	https://digitalniarchitekti.cz/clanek/optimalizace-konverzniho-pomeru/	2	1	konverzní poměr	150	1	0	Digitální architekti	konverze-ads	
digitalniarchitekti.cz	https://digitalniarchitekti.cz/implementace-ga4-video/	0	1	ga4	900	16	1	Implementace GA4	ga4	ga4
digitalniarchitekti.cz	https://digitalniarchitekti.cz/clanek/facebook-pixel	0	1	facebook pixel	200	9	0	Facebook Pixel	konverze-ads	konverze-ads
digitalniarchitekti.cz	https://digitalniarchitekti.cz/webova-analytika-digitalni-analytika/	0	1	webová analytika	80	6	1	Mobilní a webová analytika	analytika-obecne	
digitalniarchitekti.cz	https://digitalniarchitekti.cz/clanek/co-je-looker-studio	0	2	looker	150	5	0	Looker Studio (Google Data Studio): Co to je a jak funguje?	dashboardy-reporting	dashboardy-reporting
digitalniarchitekti.cz	https://www.digitalniarchitekti.cz/clanek/co-je-looker-studio	0	1	lookerstudio	30	8	0	Looker Studio (Google Data Studio): Co to je a jak funguje?	dashboardy-reporting	dashboardy-reporting
digitalniarchitekti.cz	https://digitalniarchitekti.cz/clanek/google-analytics/	0	1	google ana	0	11	0	Google Analytics		ga4
digitalniarchitekti.cz	https://digitalniarchitekti.cz/spravujeme-gtm-pro-klicove-hrace-ceske-ecommerce/	0	1	gtm	900	7	0	GTM a jeho nastavení a správa	gtm	gtm
digitalniarchitekti.cz	https://www.digitalniarchitekti.cz/clanek/microsoft-clarity-hluboka-analyza-chovani-uzivatelu-na-vasem-webu	0	1	clarity	1400	7	0	Microsoft Clarity: Hluboká analýza chování uživatelů na ...		analytika-obecne
foxy.cz	https://www.foxy.cz/blog/co-je-konverzni-pomer/	88	3	konverzní marketing	1300	6	0	Blog | Co je konverzní poměr?	konverze-ads	
foxy.cz	https://www.foxy.cz/blog/co-je-to-pno-a-jak-s-nim-pracovat/	1	1	pno zkratka	80	9	0	Co je to PNO a jak s ním pracovat	konverze-ads	konverze-ads
foxy.cz	https://www.foxy.cz/blog/co-je-to-roas-a-jak-jej-vypocitat/	0	1	roas	500	23	0	Blog | Co je to ROAS a jak jej vypočítat	konverze-ads	konverze-ads
foxy.cz	https://www.foxy.cz/blog/co-jsou-to-kpis-a-proc-jsou-tyto-metriky-v-marketingu-dulezite/	0	1	kpis	150	11	0	Co jsou to KPIs a proč jsou tyto metriky v marketingu důležité	dashboardy-reporting	dashboardy-reporting
impnet.cz	https://www.impnet.cz/blog/google-consent-mode-v2-co-je-treba-vedet-a-jak-implementovat	2	1	consent mode v2	50	9	3	Google Consent Mode v2 – co je třeba vědět a jak ...	consent	consent
impnet.cz	https://www.impnet.cz/blog/konec-cookies-tretich-stran-v-google-chrome	0	1	konec cookies třetích stran	0	9	4	Konec cookies třetích stran v Google Chrome	consent	
impnet.cz	https://www.impnet.cz/slovnicek/google-tag-manager-gtm	0	1	gtm	900	17	0	Google Tag Manager (GTM)	gtm	gtm
janpospisil.cz	https://www.janpospisil.cz/blog/google-looker-studio/	68	2	seo zdarma	900	5	0	Looker Studio (Google Data Studio): Tvorba SEO reportů a ...		dashboardy-reporting
janpospisil.cz	https://www.janpospisil.cz/blog/google-search-console/	44	2	google search console přihlášení	600	7	0	Přihlášení do Google Search Console: návod 2026 + tipy		analytika-obecne
janpospisil.cz	https://www.janpospisil.cz/blog/atribucni-modely/	3	1	atribuční modely	30	4	0	Atribuční modely v marketingu: Průvodce atribucí v GA4		atribuce-utm
janpospisil.cz	https://www.janpospisil.cz/blog/ga4/	0	1	ga4	900	17	0	GA4: Co je Google Analytics 4 a jak ho nastavit - Jan Pospíšil	ga4	ga4
jirifranek.cz	https://jirifranek.cz/co-je-google-looker-studio/	44	2	looker studio	1100	8	0	Co je to google looker studio – dříve google data studio?	dashboardy-reporting	dashboardy-reporting
jirifranek.cz	https://jirifranek.cz/co-je-roas/	2	1	roas	500	15	1	ROAS: Co je to, jak vypočítat vzorec a zvýšit návratnost investic?	konverze-ads	konverze-ads
marketingppc.cz	https://www.marketingppc.cz/google-analytics/google-analytics-4/	177	3	google analytics 4	250	5	7	Google Analytics 4: kompletní průvodce nastavením 2026	ga4	ga4
marketingppc.cz	https://www.marketingppc.cz/ppc/co-je-to-konverze/	131	7	konverzní marketing	1300	4	2	Co je to konverze v online marketingu	konverze-ads	konverze-ads
marketingppc.cz	https://www.marketingppc.cz/marketing/google-search-console-vyuziti/	69	5	google search console co to je	150	4	1	Co je Google Search Console a proč ji využívat?	analytika-obecne	analytika-obecne
marketingppc.cz	https://www.marketingppc.cz/ppc/roas/	60	2	roas	500	2	0	Co je to ROAS a jak jej vypočítat	konverze-ads	konverze-ads
marketingppc.cz	https://www.marketingppc.cz/ppc/pno/	48	8	pno marketing	70	2	3	PNO v marketingu - jak se počítá a jak s ním pracovat	konverze-ads	konverze-ads
marketingppc.cz	https://www.marketingppc.cz/ppc/konverzni-pomer/	41	3	konverzní poměr výpočet	100	2	1	Co je to konverzní poměr a jak jej vylepšit	konverze-ads	
marketingppc.cz	https://www.marketingppc.cz/ppc/kpi/	39	6	kpi význam	250	9	0	KPI: Jak definovat klíčové ukazatele výkonnosti, které ...	dashboardy-reporting	dashboardy-reporting
marketingppc.cz	https://www.marketingppc.cz/utm-builder/	18	1	utm	600	7	0	UTM builder - generátor UTM zdarma a bez reklam	atribuce-utm	atribuce-utm
marketingppc.cz	https://www.marketingppc.cz/ppc/utm-parametry/	14	1	utm parametry	100	4	2	UTM parametry – co to je, jak je nastavit a proč jsou důležité	atribuce-utm	atribuce-utm
marketingppc.cz	https://www.marketingppc.cz/google-analytics/consent-mode-v2/	10	1	consent mode v2	50	1	2	Google Consent Mode V2 a jak s ním pracovat	consent	consent
nazakladedat.cz	https://nazakladedat.cz/co-jsou-google-analytics-4/	12	2	ga4	900	24	3	Co jsou Google Analytics 4	ga4	ga4
nazakladedat.cz	https://nazakladedat.cz/co-je-datalayer/	5	1	datalayer	10	1	1	Co je dataLayer	datalayer	datalayer
nazakladedat.cz	https://nazakladedat.cz/co-je-bigquery/	1	2	google bigquery	10	2	1	Co je BigQuery	bigquery-data	bigquery-data
nazakladedat.cz	https://nazakladedat.cz/co-je-google-tag-manager/	0	2	tag management	10	7	1	Co je Google Tag Manager		gtm
nazakladedat.cz	https://nazakladedat.cz/jak-pridat-uzivatele-do-google-merchant-center/	0	1	merchant google	30	10	0	Jak přidat uživatele do Google Merchant Center		konverze-ads
neogy.cz	https://www.neogy.cz/slovnik-marketingovych-pojmu/data-studio/	1	1	datastudio	50	2	0	Co je to Google Data Studio | Neogy	dashboardy-reporting	dashboardy-reporting
neogy.cz	https://www.neogy.cz/slovnik-marketingovych-pojmu/atribucni-model/	1	1	atribuční model	30	8	0	Co je atribuční model? - Neogy		atribuce-utm
neogy.cz	https://www.neogy.cz/slovnik-marketingovych-pojmu/google-analytics/	0	1	ga4	900	22	0	Co je to Google Analytics / GA4 - Neogy	ga4	ga4
neogy.cz	https://www.neogy.cz/slovnik-marketingovych-pojmu/webova-analytika/	0	1	webová analytika	80	8	0	Co je to webová analytika | Neogy	analytika-obecne	
neogy.cz	https://www.neogy.cz/jak-zvysit-navstevnost-webu	0	1	jak zvýšit návštěvnost webu	150	11	0	Jak zvýšit návštěvnost webu - Neogy	analytika-obecne	
neogy.cz	https://www.neogy.cz/slovnik-marketingovych-pojmu/gtm/	0	2	tagmanager	40	4	0	Co je to GTM (Google Tag Manager) - Neogy	gtm	gtm
optimalizovany-web.cz	https://www.optimalizovany-web.cz/skoleni-google-analytics-a-vykonnostni-marketing/	4	1	ga 4	100	7	1	Školení Google Analytics 4 (GA4) a Výkonnostní marketing	ga4	ga4
optimalizovany-web.cz	https://www.optimalizovany-web.cz/nastaveni-google-analytics/	0	1	ga4	900	10	0	Nastavení Google Analytics 4 (GA4) - Optimalizovaný-Web.cz	ga4	ga4
pavelszabo.cz	https://www.pavelszabo.cz/clanek-jak-zjistit-navstevnost-webu/	27	4	jak zjistit návštěvnost webu	70	4	0	Jak zjistit návštěvnost stránek zdarma (2026): 5 nástrojů	analytika-obecne	
pavelszabo.cz	https://www.pavelszabo.cz/co-je-hotjar/	2	1	hotjar co to je	20	4	0	Co je Hotjar? Heatmapy a nahrávky chování na webu	analytika-obecne	analytika-obecne
pavelszabo.cz	https://www.pavelszabo.cz/co-je-roas/	1	1	roas	500	19	0	Co je to ROAS neboli návratnost investic do reklamy?	konverze-ads	konverze-ads
pavelszabo.cz	https://www.pavelszabo.cz/co-je-google-tag-manager/	0	1	gtm	900	19	0	Google Tag Manager (GTM) - co to je a jak ho použít	gtm	gtm
pavelszabo.cz	https://www.pavelszabo.cz/co-je-google-analytics/	0	1	google analitics	20	4	0	Google Analytics / GA4 - Pavel Szabo		ga4
revolt.bi	https://www.revolt.bi/sluzby/technologicke-reseni/businessove-dashboardy/	6	1	dashboard co to je	200	9	0	Businessové dashboardy	dashboardy-reporting	
revolt.bi	https://www.revolt.bi/atribucni-modely/	1	1	atribuční model	30	7	0	Atribuční model(y)		atribuce-utm
revolt.bi	https://www.revolt.bi/technologie/keboola/	0	1	keboola	1300	17	0	Keboola	bigquery-data	bigquery-data
revolt.bi	https://www.revolt.bi/tableau-nebo-power-bi/	0	1	tableu	60	4	0	Tableau nebo Power BI ? - Revolt. ...		dashboardy-reporting
seoconsult.cz	https://www.seoconsult.cz/seo-audit	77	1	seo analýza online	400	4	283	SEO audit - analýza		audit-web
seoconsult.cz	https://www.seoconsult.cz/blog/diagnostika-poklesu-navstevnosti-na-webu-s-google-search-console	57	1	seo console	1000	5	0	Diagnostika poklesu návštěvnosti na webu s Google ...		analytika-obecne
seoconsult.cz	https://www.seoconsult.cz/blog/jak-odstranit-rozdily-v-atribuci-mezi-e-mailem-telefonem	0	1	mailem	100	6	0	Jak odstranit rozdíly v atribuci mezi e-mailem a telefonem		atribuce-utm
sovanet.cz	https://www.sovanet.cz/vyznam-a-prinos-spravneho-tagovani-kampani/	0	1	tagování	10	8	0	Význam a přínos správného tagování kampaní	gtm	
strafelda.cz	https://www.strafelda.cz/kpi	110	10	kpi	2800	6	0	klíčové ukazatele výkonnosti (KPI)	dashboardy-reporting	dashboardy-reporting
strafelda.cz	https://www.strafelda.cz/Konzultace	28	2	audit webu	100	1	0	Komplexní audit webu – objevte slabá místa a příležitosti	audit-web	
strafelda.cz	https://www.strafelda.cz/konverzni-pomer	25	3	konverzní poměr výpočet	100	4	3	Konverzní poměr	konverze-ads	
strafelda.cz	https://www.strafelda.cz/konverze	16	4	konverze význam	150	5	2	Co je konverze	konverze-ads	
strafelda.cz	https://www.strafelda.cz/atribuce	3	1	atribuce	150	9	1	Co je atribuce	atribuce-utm	atribuce-utm
strafelda.cz	https://www.strafelda.cz/atribucni-model	2	1	atribuční model	30	4	0	Co je atribuční model		atribuce-utm
taste.cz	https://taste.cz/vzorovy-seo-audit-webu	11	1	audit webu	100	2	1	Vzorový SEO audit webu	audit-web	audit-web
taste.cz	https://taste.cz/google-analytics-4	0	1	google analitics	20	9	1	Přechod na Google Analytics 4 snadno a rychle		ga4
taste.cz	https://academy.taste.cz/google-tag-manager	0	1	gtm	900	16	6	Školení Google Tag Manager	gtm	gtm
unikum.cz	https://unikum.cz/slovnik-pojmu/konverzni-pomer/	6	1	konverzní poměr výpočet	100	5	1	Konverzní poměr: Co je nejlevnější cesta k zisku? - UNIKUM	konverze-ads	
visibility.cz	https://www.visibility.cz/seo-audit/	25	2	seo audit	450	9	0	SEO audit - Visibility Digital	audit-web	audit-web
webfusion.cz	https://webfusion.cz/slovnik/google-search-console/	1	1	seo console	1000	25	0	Google Search Console - Webfusion		analytika-obecne
webglobe.cz	https://www.webglobe.cz/blog/jak-zjistit-navstevnost-ciziho-webu/	155	7	jak zjistit návštěvnost webu	70	2	1	Jak zjistit návštěvnost cizího webu | Přehled nástrojů a metod	analytika-obecne	
webglobe.cz	https://www.webglobe.cz/poradna/co-je-looker-studio	149	1	google looker studio	700	2	0	Co je Looker Studio	dashboardy-reporting	dashboardy-reporting
webglobe.cz	https://www.webglobe.cz/poradna/co-je-looker-studio	33	3	looker google	600	25	0	Co je Looker Studio	dashboardy-reporting	dashboardy-reporting
