domain	DR	kw_cz	pages_cz	traffic_cz
webglobe.cz	74.0	300	100	26568
strafelda.cz	39.0	300	100	7801
antee.cz	63.0	300	80	5474
pavelszabo.cz	38.0	300	73	5181
marketingppc.cz	35.0	300	100	3252
janpospisil.cz	34.0	123	56	1535
seoconsult.cz	71.0	300	82	1461
leadhub.co	60.0	106	53	1219
webfusion.cz	56.0	292	48	1190
jirifranek.cz	28.0	278	40	1094
foxy.cz	16.0	222	44	941
advisio.cz	47.0	249	52	869
cernovsky.cz	22.0	300	36	863
digitalniarchitekti.cz	33.0	182	43	761
anycoders.cz	53.0	124	50	424
unikum.cz	28.0	36	12	403
taste.cz	53.0	66	31	358
impnet.cz	75.0	300	43	339
visibility.cz	34.0	175	17	249
neogy.cz	42.0	91	25	187
sovanet.cz	42.0	145	27	169
revolt.bi	39.0	39	15	137
gameplan.cz	36.0	32	10	75
magnas.cz	25.0	18	4	41
optimalizovany-web.cz	28.0	21	5	39
datamind.cz	17.0	21	3	29
khoder.cz	19.0	4	3	27
nazakladedat.cz	11.0	64	9	27
cookies-spravne.cz	43.0	6	1	15
datanimals.com	20.0	16	2	12
datimo.ai	6.0	3	3	5
consentio.cz	23.0	2	2	1
mariemullerova.cz	7.0	3	2	1
datanostro.com	0.0	0	0	0
stepaneklukas.cz	0.0	0	0	0
rajtmajer.cz	10.0	5	0	0
nextanalytica.cz	17.0	0	0	0
homoladigital.cz	31.0	0	0	0
trkkn.cz	1.2	0	0	0
boppc.cz	0.2	5	1	0
